
I (78) boot: End of partition table
I (81) esp_image: segment 0: paddr=00010020 vaddr=42130020 size=86978h (551288) map
I (192) esp_image: segment 1: paddr=000969a0 vaddr=40800000 size=09678h ( 38520) load
I (201) esp_image: segment 2: paddr=000a0020 vaddr=42000020 size=12bee0h (1228512) map
I (432) esp_image: segment 3: paddr=001cbf08 vaddr=40809678 size=33608h (210440) load
I (491) boot: Loaded app from partition at offset 0x10000
I (491) boot: Disabling RNG early entropy source...
[0;32mI (501) cpu_start: Unicore app[0m
[0;32mI (509) cpu_start: GPIO 17 and 16 are used as console UART I/O pins[0m
[0;32mI (510) cpu_start: Pro cpu start user code[0m
[0;32mI (510) cpu_start: cpu freq: 160000000 Hz[0m
[0;32mI (514) app_init: Application information:[0m
[0;32mI (519) app_init: Project name:     Clare_C6[0m
[0;32mI (524) app_init: App version:      3e09a44-dirty[0m
[0;32mI (530) app_init: Compile time:     Aug 28 2026 21:17:23[0m
[0;32mI (536) app_init: ELF file SHA256:  2d6f8184e4248ade...[0m
[0;32mI (541) app_init: ESP-IDF:          v5.5.3[0m
[0;32mI (546) efuse_init: Min chip rev:     v0.0[0m
[0;32mI (551) efuse_init: Max chip rev:     v0.99 [0m
[0;32mI (556) efuse_init: Chip rev:         v0.2[0m
[0;32mI (561) heap_init: Initializing. RAM available for dynamic allocation:[0m
[0;32mI (568) heap_init: At 4084C560 len 000300B0 (192 KiB): RAM[0m
[0;32mI (574) heap_init: At 4087C610 len 00002F54 (11 KiB): RAM[0m
[0;32mI (580) heap_init: At 50000000 len 00003FE8 (15 KiB): RTCRAM[0m
[0;32mI (587) spi_flash: detected chip: generic[0m
[0;32mI (591) spi_flash: flash io: dio[0m
[0;32mI (596) sleep_gpio: Configure to isolate all GPIO pins in sleep state[0m
[0;32mI (602) sleep_gpio: Enable automatic switching of GPIO sleep configuration[0m
[0;32mI (620) main_task: Started on CPU0[0m
[0;32mI (623) main_task: Calling app_main()[0m
[0;32mI (628) clare_c6: Clare C6 starting[0m
[0;32mI (643) axp2101: Init PMU SUCCESS![0m
[0;32mI (649) DisplayPort: SPI BUS init[0m
[0;32mI (649) DisplayPort: Install panel IO[0m
[0;32mI (650) sh8601: LCD panel create success, version: 1.0.0[0m
[0;33mW (1553) sh8601: The 3Ah command has been used and will be overwritten by external initialization sequence[0m
[0;33mW (1553) sh8601: The 36h command has been used and will be overwritten by external initialization sequence[0m
[0;32mI (1737) CST9217: Checkcode: 0x204ECACA[0m
[0;32mI (1739) CST9217: Resolution X: 480, Y: 480[0m
[0;32mI (1741) CST9217: Chip Type: 0x9220, ProjectID: 0x542F[0m
[0;32mI (1741) esp_lvgl:adapter: LVGL adapter initialized successfully[0m
[0;32mI (1751) esp_lvgl:touch: Touch input device registered successfully (IRQ mode: enabled)[0m
[0;32mI (1759) esp_lvgl:adapter: LVGL task started successfully[0m
i2c: {sda: 8, scl: 7}
i2s: {mclk: 19, bclk: 20, ws: 22, din: 21, dout: 23}
out: {codec: ES8311, pa: -1, pa_gain: 6, use_mclk: 1, pa_gain: 6}
Codec 0 dir 2 type:1
in: {codec: ES7210}
Codec 1 dir 1 type:2
[0;32mI (1781) CODEC_INIT: in:1 out:1 port: 1[0m
[0;32mI (1785) CODEC_INIT: Success to int i2c: 0[0m
[0;32mI (1792) CODEC_INIT: Init i2s 0 type: 3 mclk:19 bclk:20 ws:22 din:21 dout:23[0m
[0;32mI (1798) CODEC_INIT: tx:0x4087e708 rx:0x4087e8c4[0m
[0;33mW (1803) i2s_tdm: the current mclk multiple is too small, adjust the mclk multiple to 384[0m
[0;32mI (1812) CODEC_INIT: output init tdm ret 0[0m
[0;33mW (1817) i2s_tdm: the current mclk multiple is too small, adjust the mclk multiple to 384[0m
[0;32mI (1826) CODEC_INIT: Input init tdm ret 0[0m
[0;32mI (1830) CODEC_INIT: Init i2s 0 ok[0m
[0;32mI (1834) CODEC_INIT: Success to init i2s: 0[0m
[0;32mI (1839) CODEC_INIT: Success to int i2c: 0[0m
[0;32mI (1844) CODEC_INIT: Success to init i2s: 0[0m
[0;32mI (1849) CODEC_INIT: Get out handle 0x4087e708 port 0[0m
[0;32mI (1859) ES8311: Work in Slave mode[0m
[0;32mI (1865) ES7210: Work in Slave mode[0m
[0;32mI (1871) ES7210: Enable ES7210_INPUT_MIC1[0m
[0;32mI (1874) ES7210: Enable ES7210_INPUT_MIC2[0m
[0;32mI (1877) ES7210: Enable ES7210_INPUT_MIC3[0m
[0;32mI (1880) ES7210: Enable ES7210_INPUT_MIC4[0m
[0;32mI (1884) ES7210: Enable TDM mode[0m
[0;32mI (1892) I2S_IF: channel mode 2 bits:16/16 channel:2 mask:3[0m
[0;32mI (1893) I2S_IF: TDM Mode 1 bits:16/16 channel:2 sample_rate:16000 mask:3[0m
[0;32mI (1913) Adev_Codec: Open codec device OK[0m
[0;32mI (1914) I2S_IF: channel mode 2 bits:16/16 channel:2 mask:3[0m
[0;32mI (1914) I2S_IF: TDM Mode 0 bits:16/16 channel:2 sample_rate:16000 mask:3[0m
[0;32mI (1922) ES7210: Bits 8[0m
[0;32mI (1931) ES7210: Enable ES7210_INPUT_MIC1[0m
[0;32mI (1933) ES7210: Enable ES7210_INPUT_MIC2[0m
[0;32mI (1936) ES7210: Enable ES7210_INPUT_MIC3[0m
[0;32mI (1941) ES7210: Enable ES7210_INPUT_MIC4[0m
[0;32mI (1946) ES7210: Enable TDM mode[0m
[0;32mI (1952) ES7210: Unmuted[0m
[0;32mI (1952) Adev_Codec: Open codec device OK[0m
[0;32mI (1954) Adev_Codec: Input already open[0m
[0;32mI (1959) Adev_Codec: Input already open[0m
[0;32mI (1979) clare_audio: ALC ready: 16000 Hz mono PCM16, gain 6 dB[0m
[0;32mI (2164) pp: pp rom version: 5b8dcfa[0m
[0;32mI (2165) net80211: net80211 rom version: 5b8dcfa[0m
I (2166) wifi:wifi driver task: 40867bd0, prio:23, stack:6656, core=0
I (2175) wifi:wifi firmware version: 4df78f2
I (2176) wifi:wifi certification version: v7.0
I (2177) wifi:config NVS flash: enabled
I (2181) wifi:config nano formatting: disabled
I (2185) wifi:mac_version:HAL_MAC_ESP32AX_761,ut_version:N, band mode:0x1
I (2192) wifi:Init data frame dynamic rx buffer num: 16
I (2197) wifi:Init static rx mgmt buffer num: 5
I (2201) wifi:Init management short buffer num: 32
I (2205) wifi:Init static tx buffer num: 16
I (2209) wifi:Init static tx FG buffer num: 2
I (2213) wifi:Init static rx buffer size: 1700 (rxctrl:92, csi:512)
I (2219) wifi:Init static rx buffer num: 10
I (2223) wifi:Init dynamic rx buffer num: 16
[0;32mI (2228) wifi_init: rx ba win: 6[0m
[0;32mI (2231) wifi_init: accept mbox: 6[0m
[0;32mI (2235) wifi_init: tcpip mbox: 32[0m
[0;32mI (2239) wifi_init: udp mbox: 6[0m
[0;32mI (2243) wifi_init: tcp mbox: 6[0m
[0;32mI (2247) wifi_init: tcp tx win: 5760[0m
[0;32mI (2251) wifi_init: tcp rx win: 5760[0m
[0;32mI (2255) wifi_init: tcp mss: 1240[0m
[0;32mI (2259) wifi_init: WiFi IRAM OP enabled[0m
[0;32mI (2264) wifi_init: WiFi RX IRAM OP enabled[0m
[0;32mI (2269) wifi_init: WiFi SLP IRAM OP enabled[0m
W (2274) wifi:Password length matches WPA2 standards, authmode threshold changes from OPEN to WPA2
[0;32mI (2283) phy_init: phy_version 343,b513b46,Nov 14 2025,16:34:12[0m
W (2351) wifi:ACK_TAB0   :0x   90a0b, QAM16:0x9 (24Mbps), QPSK:0xa (12Mbps), BPSK:0xb (6Mbps)
W (2351) wifi:CTS_TAB0   :0x   90a0b, QAM16:0x9 (24Mbps), QPSK:0xa (12Mbps), BPSK:0xb (6Mbps)
W (2357) wifi:(agc)0x600a7128:0xd2027a90, min.avgNF:0xce->0xd2(dB), RCalCount:0x27, min.RRssi:0xa90(-87.00)
I (2367) wifi:11ax coex: WDEVAX_PTI0(0x55777555), WDEVAX_PTI1(0x00003377).

I (2373) wifi:mode : sta (20:6e:f1:16:e0:a4)
I (2377) wifi:enable tsf
I (2388) wifi:new:<11,0>, old:<1,0>, ap:<255,255>, sta:<11,0>, prof:1, snd_ch_cfg:0x0
I (2389) wifi:(connect)dot11_authmode:0x3, pairwise_cipher:0x3, group_cipher:0x1
I (2394) wifi:state: init -> auth (0xb0)
[0;32mI (2409) clare_net: Wi-Fi protocols limited to 11b/g/n mask=0x07[0m
I (2410) wifi:Set ps type: 0, coexist: 0

[0;32mI (2411) clare_c6: Clare UI ready; touch the Clare tile[0m
[0;32mI (2415) main_task: Returned from app_main()[0m
I (2419) wifi:state: auth -> assoc (0x0)
I (2430) wifi:(assoc)RESP, Extended Capabilities length:8, operating_mode_notification:0
I (2431) wifi:(assoc)RESP, Extended Capabilities, MBSSID:0, TWT Responder:0, OBSS Narrow Bandwidth RU In OFDMA Tolerance:0
I (2442) wifi:Extended Capabilities length:8, operating_mode_notification:1
I (2449) wifi:state: assoc -> run (0x10)
I (2453) wifi:(trc)phytype:CBW20-SGI, snr:25, maxRate:144, highestRateIdx:0
W (2459) wifi:(trc)band:2G, phymode:3, highestRateIdx:0, lowestRateIdx:11, dataSchedTableSize:14
I (2468) wifi:(trc)band:2G, rate(L-MCS4, rateIdx:4), ampdu(rate:L-MCS4, schedIdx(4, stop:8)), snr:25, ampduState:wait operational
I (2479) wifi:ifidx:0, rssi:-62, nf:-87, phytype(0x3, CBW20-SGI), phymode(0x3, 11bgn), max_rate:144, he:0, vht:0, ht:1
I (2489) wifi:(ht)max.RxAMPDULenExponent:3(65535 bytes), MMSS:6(8 us)
I (2521) wifi:connected with ZKY-GYLWLAP, aid = 3, channel 11, BW20, bssid = 02:55:b1:c6:fa:2e
I (2522) wifi:security: WPA2-PSK, phy:bgn, rssi:-62, cipher(pairwise:0x3, group:0x1), pmf:0, 
I (2528) wifi:pm start, type: 0, twt_start:0

I (2531) wifi:pm start, type:0, aid:0x3, trans-BSSID:02:55:b1:c6:fa:2e, BSSID[5]:0x2e, mbssid(max-indicator:0, index:0), he:0
I (2542) wifi:dp: 1, bi: 102400, li: 3, scale listen interval from 307200 us to 307200 us
I (2550) wifi:set rx beacon pti, rx_bcn_pti: 10, bcn_timeout: 25000, mt_pti: 10, mt_time: 10000
I (2559) wifi:[ADDBA]TX addba request, tid:0, dialogtoken:1, bufsize:64, A-MSDU:0(not supported), policy:1(IMR), ssn:0(0x0)
I (2570) wifi:[ADDBA]TX addba request, tid:7, dialogtoken:2, bufsize:64, A-MSDU:0(not supported), policy:1(IMR), ssn:0(0x20)
I (2580) wifi:[ADDBA]TX addba request, tid:5, dialogtoken:3, bufsize:64, A-MSDU:0(not supported), policy:1(IMR), ssn:0(0x0)
I (2594) wifi:[ADDBA]RX addba response, status:0, tid:0/tb:1(0xa1), bufsize:64, batimeout:0, txa_wnd:8
I (2600) wifi:[ADDBA]RX addba response, status:0, tid:7/tb:1(0xa1), bufsize:64, batimeout:0, txa_wnd:8
I (2609) wifi:[ADDBA]RX addba response, status:0, tid:5/tb:1(0xa1), bufsize:64, batimeout:0, txa_wnd:8
I (2618) wifi:dp: 2, bi: 102400, li: 4, scale listen interval from 307200 us to 409600 us
I (2626) wifi:AP's beacon interval = 102400 us, DTIM period = 2
W (2633) wifi:<ba-add>idx:0, ifx:0, tid:0, TAHI:0x1002efa, TALO:0xc6b15502, (ssn:0, win:64, cur_ssn:0), CONF:0xc0000005
[0;32mI (4605) esp_netif_handlers: sta ip: 192.168.238.118, mask: 255.255.240.0, gw: 192.168.235.1[0m
[0;32mI (4605) clare_net: DHCP DNS main=223.5.5.5[0m
[0;32mI (10410) clare_c6: Boot network self-test begin[0m
W (10626) wifi:<ba-add>idx:1, ifx:0, tid:6, TAHI:0x1002efa, TALO:0xc6b15502, (ssn:2, win:64, cur_ssn:2), CONF:0xc0006005
[0;32mI (10630) clare_c6: probe dns ip=104.21.35.182[0m
[0;32mI (10631) clare_c6: probe dns rc=0[0m
[0;32mI (10635) clare_c6: probe socket fd=54 errno=0[0m
[0;32mI (10836) clare_c6: probe connect rc=0 errno=0[0m
[0;31mE (11032) esp-tls-mbedtls: No server verification option set in esp_tls_cfg_t structure. Check esp_tls API reference[0m
[0;31mE (11032) esp-tls-mbedtls: Failed to set client configurations, returned [0x8017] (ESP_ERR_MBEDTLS_SSL_SETUP_FAILED)[0m
[0;31mE (11044) esp-tls: create_ssl_handle failed[0m
[0;31mE (11048) esp-tls: Failed to open new connection[0m
[0;32mI (11053) clare_c6: probe esp-tls rc=-1 last=0x0 flags=0x0[0m
[0;32mI (11061) clare_net: Create session URL ready=1[0m
[0;32mI (11065) clare_net: HTTP before init free8=43072 largest8=25088 free_internal=43072 largest_internal=25088[0m
HM BEGIN PRE

abort() was called at PC 0x4080180d on core 0
Core  0 register dump:
MEPC    : 0x40824f0c  RA      : 0x40824ed0  SP      : 0x40862170  GP      : 0x408396a4  
TP      : 0x40862ef0  T0      : 0x37363534  T1      : 0x7271706f  T2      : 0x33323130  
S0/FP   : 0x408621ac  S1      : 0x408621ac  A0      : 0x408621ac  A1      : 0x4086218e  
A2      : 0x00000000  A3      : 0x4084c000  A4      : 0x00000001  A5      : 0x4084c000  
A6      : 0x00000000  A7      : 0x76757473  S2      : 0x40862190  S3      : 0xffffffff  
S4      : 0x40862f58  S5      : 0x4084f14c  S6      : 0x4084c000  S7      : 0x42134000  
S8      : 0x0000a840  S9      : 0x00000000  S10     : 0x00000000  S11     : 0x00000000  
T3      : 0x6e6d6c6b  T4      : 0x6a696867  T5      : 0x66656463  T6      : 0x62613938  
MSTATUS : 0x00001881  MTVEC   : 0x40800001  MCAUSE  : 0x00000002  MTVAL   : 0x00000000  
MHARTID : 0x00000000  

Stack memory:
40862170: 0xa5a5a5a5 0xa5a5a5a5 0x408621ac 0x4082cea2 0xa5a5a5a5 0xa5a5a5a5 0xa5a5a5a5 0xa5a50030
40862190: 0x30383034 0x64303831 0x00000000 0x4083b8a0 0x40862190 0x4083b8bc 0x4086218c 0x726f6261
408621b0: 0x20292874 0x20736177 0x6c6c6163 0x61206465 0x43502074 0x34783020 0x31303830 0x20643038
408621d0: 0x63206e6f 0x2065726f 0x00000030 0x40820000 0x00000004 0x4084d0a8 0x40862f58 0x40801810
408621f0: 0x00000004 0x40850390 0x4084e8bc 0x00000000 0x42007074 0x4083912c 0x00000000 0x4084e8bc
40862210: 0x00000000 0x40862f00 0x40850338 0x4084cf14 0x42134378 0x42134378 0x40862f58 0x40801a8e
40862230: 0x40839200 0x4084c25c 0x4084e8c9 0x4084d0a8 0x408623f4 0x00000000 0x00000001 0x4002814c
40862250: 0x42134378 0x42134378 0x40862f58 0x4003bf14 0x4084e8bc 0x4084c25c 0x0000000d 0x42009b4e
40862270: 0x0000000d 0x40862f58 0x4084cf14 0x4003071e 0x00000000 0x00000000 0x00000001 0x400281a0
40862290: 0x40862f58 0x4004e20c 0x4084cf14 0x400307b2 0x00000004 0x4084d0a8 0x4084d0a8 0x408252a0
408622b0: 0x00000000 0x00000000 0x4084d0a8 0x408258ee 0x00000000 0x3fe00000 0x40850338 0x00000000
408622d0: 0x00000000 0x3fc00000 0x00000000 0x00000003 0x408623f4 0x00000000 0x42134454 0x408626b4
408622f0: 0x42134453 0x40862f00 0x4084d0a8 0x40825a94 0x42134453 0x00000001 0x00000001 0x400281a0
40862310: 0x42134453 0x00000001 0x00000001 0x4003ca9c 0x4084e8bc 0x00000073 0x00000000 0x42134453
40862330: 0x00000000 0x00000000 0x00000000 0x00000000 0x00000000 0x0000000d 0x00000001 0x00000003
40862350: 0x00000000 0x4004e20c 0x00000000 0x00000000 0x00000000 0x00000000 0xffffffff 0x7fefffff
40862370: 0x00000000 0x3fe00000 0x4084cf14 0x4003071e 0x00000000 0x3fc00000 0x00000000 0x40300000
40862390: 0x40862f58 0x00000000 0x4084cf14 0x400307b2 0x00000004 0x4084d0a8 0x4084d0a8 0x40862778
408623b0: 0xa5a5a5a5 0x00000000 0x4084d0a8 0x00000001 0x00000000 0x00000000 0x00000000 0x00000000
408623d0: 0x00000000 0x00000001 0x0000002d 0x00000001 0x408623ec 0x00000000 0x00000000 0x42134453
408623f0: 0x00000001 0x42134444 0x00000003 0x40825a94 0x42134be2 0x00000003 0x00000005 0x400281a0
40862410: 0x42134be2 0x00000003 0x00000005 0x4003ca9c 0xa5a5a5a5 0x00000064 0x00000005 0x42134be2
40862430: 0x00000000 0x00000000 0x00000000 0x00000000 0x00000000 0x0000003b 0x00000001 0x00000001
40862450: 0x00000000 0x4004e20c 0x00000000 0x00000000 0x4084f8b8 0x00000000 0xffffffff 0x7fefffff
40862470: 0x00000000 0x3fe00000 0x00000000 0x4213499e 0x00000000 0x3fc00000 0x32000000 0x38383035
40862490: 0xffffffff 0xa5a5a5a5 0xa5a5a5a5 0xa5a5a5a5 0xa5a5a5a5 0xa5a5a5a5 0xa5a5a5a5 0x40862888
408624b0: 0xa5a5a5a5 0x00a5a5a5 0xa5a5a5a5 0x00000003 0x00000000 0xa5a5a5a5 0xa5a5a5a5 0xa5a5a5a5
408624d0: 0xa5a5a5a5 0xa5a5a5a5 0xa5a5a5a5 0xa5a5a5a5 0x408624ec 0x00000000 0x00000000 0x42134be2
408624f0: 0x00000005 0x4086258f 0x00000001 0xe2c1e11c 0x223da367 0x40862858 0x40862510 0x40862848
40862510: 0x42134444 0x00000000 0x00000000 0x00000000 0x42134388 0x00000000 0x00000000 0x00000000
40862530: 0x0000a840 0x00000000 0x00000000 0x00000000 0x00006200 0x00000000 0x00000000 0x00000000
40862550: 0x0000a840 0x00000000 0x00000000 0x00000000 0x00006200 0x00000000 0x00000000 0x00000000



ELF file SHA256: 2d6f8184e4248ade

Rebooting...
ESP-ROM:esp32c6-20220919
Build:Sep 19 2022
rst:0xc (SW_CPU),boot:0x3f (SPI_FAST_FLASH_BOOT)
Saved PC:0x4001975a
SPIWP:0xee
mode:DIO, clock div:2
load:0x40875730,len:0x16f4
load:0x4086b910,len:0xed0
load:0x4086e610,len:0x3198
entry 0x4086b91a
I (22) boot: ESP-IDF v5.5.3 2nd stage bootloader
I (22) boot: compile time Aug 28 2026 21:17:15
I (24) boot: chip revision: v0.2
I (24) boot: efuse block revision: v0.3
I (25) boot.esp32c6: SPI Speed      : 80MHz
I (29) boot.esp32c6: SPI Mode       : DIO
I (33) boot.esp32c6: SPI Flash Size : 16MB
I (37) boot: Enabling RNG early entropy source...
I (42) boot: Partition Table:
I (44) boot: ## Label            Usage          Type ST Offset   Length
I (50) boot:  0 nvs              WiFi data        01 02 00009000 00006000
I (57) boot:  1 phy_init         RF data          01 01 0000f000 00001000
I (63) boot:  2 factory          factory app      00 00 00010000 00600000
I (70) boot:  3 storage          Unknown data     01 82 00610000 00300000
I (77) boot: End of partition table
I (80) esp_image: segment 0: paddr=00010020 vaddr=42130020 size=86978h (551288) map
I (291) esp_image: segment 1: paddr=000969a0 vaddr=40800000 size=09678h ( 38520) load
I (309) esp_image: segment 2: paddr=000a0020 vaddr=42000020 size=12bee0h (1228512) map
I (764) esp_image: segment 3: paddr=001cbf08 vaddr=40809678 size=33608h (210440) load
I (880) boot: Loaded app from partition at offset 0x10000
I (881) boot: Disabling RNG early entropy source...
[0;32mI (891) cpu_start: Unicore app[0m
[0;32mI (900) cpu_start: GPIO 17 and 16 are used as console UART I/O pins[0m
[0;32mI (901) cpu_start: Pro cpu start user code[0m
[0;32mI (901) cpu_start: cpu freq: 160000000 Hz[0m
[0;32mI (905) app_init: Application information:[0m
[0;32mI (910) app_init: Project name:     Clare_C6[0m
[0;32mI (915) app_init: App version:      3e09a44-dirty[0m
[0;32mI (921) app_init: Compile time:     Aug 28 2026 21:17:23[0m
[0;32mI (927) app_init: ELF file SHA256:  2d6f8184e4248ade...[0m
[0;32mI (932) app_init: ESP-IDF:          v5.5.3[0m
[0;32mI (937) efuse_init: Min chip rev:     v0.0[0m
[0;32mI (942) efuse_init: Max chip rev:     v0.99 [0m
[0;32mI (947) efuse_init: Chip rev:         v0.2[0m
[0;32mI (952) heap_init: Initializing. RAM available for dynamic allocation:[0m
[0;32mI (959) heap_init: At 4084C560 len 000300B0 (192 KiB): RAM[0m
[0;32mI (965) heap_init: At 4087C610 len 00002F54 (11 KiB): RAM[0m
[0;32mI (971) heap_init: At 50000000 len 00003FE8 (15 KiB): RTCRAM[0m
[0;32mI (978) spi_flash: detected chip: generic[0m
[0;32mI (982) spi_flash: flash io: dio[0m
[0;32mI (987) sleep_gpio: Configure to isolate all GPIO pins in sleep state[0m
[0;32mI (993) sleep_gpio: Enable automatic switching of GPIO sleep configuration[0m
[0;32mI (1012) main_task: Started on CPU0[0m
[0;32mI (1016) main_task: Calling app_main()[0m
[0;32mI (1020) clare_c6: Clare C6 starting[0m
[0;32mI (1035) axp2101: Init PMU SUCCESS![0m
[0;32mI (1041) DisplayPort: SPI BUS init[0m
[0;32mI (1041) DisplayPort: Install panel IO[0m
[0;32mI (1042) sh8601: LCD panel create success, version: 1.0.0[0m
[0;33mW (1945) sh8601: The 3Ah command has been used and will be overwritten by external initialization sequence[0m
[0;33mW (1945) sh8601: The 36h command has been used and will be overwritten by external initialization sequence[0m
[0;32mI (2129) CST9217: Checkcode: 0x204ECACA[0m
[0;32mI (2131) CST9217: Resolution X: 480, Y: 480[0m
[0;32mI (2133) CST9217: Chip Type: 0x9220, ProjectID: 0x542F[0m
[0;32mI (2133) esp_lvgl:adapter: LVGL adapter initialized successfully[0m
[0;32mI (2143) esp_lvgl:touch: Touch input device registered successfully (IRQ mode: enabled)[0m
[0;32mI (2151) esp_lvgl:adapter: LVGL task started successfully[0m
i2c: {sda: 8, scl: 7}
i2s: {mclk: 19, bclk: 20, ws: 22, din: 21, dout: 23}
out: {codec: ES8311, pa: -1, pa_gain: 6, use_mclk: 1, pa_gain: 6}
Codec 0 dir 2 type:1
in: {codec: ES7210}
Codec 1 dir 1 type:2
[0;32mI (2173) CODEC_INIT: in:1 out:1 port: 1[0m
[0;32mI (2177) CODEC_INIT: Success to int i2c: 0[0m
[0;32mI (2184) CODEC_INIT: Init i2s 0 type: 3 mclk:19 bclk:20 ws:22 din:21 dout:23[0m
[0;32mI (2190) CODEC_INIT: tx:0x4087e708 rx:0x4087e8c4[0m
[0;33mW (2195) i2s_tdm: the current mclk multiple is too small, adjust the mclk multiple to 384[0m
[0;32mI (2204) CODEC_INIT: output init tdm ret 0[0m
[0;33mW (2209) i2s_tdm: the current mclk multiple is too small, adjust the mclk multiple to 384[0m
[0;32mI (2218) CODEC_INIT: Input init tdm ret 0[0m
[0;32mI (2222) CODEC_INIT: Init i2s 0 ok[0m
[0;32mI (2226) CODEC_INIT: Success to init i2s: 0[0m
[0;32mI (2231) CODEC_INIT: Success to int i2c: 0[0m
[0;32mI (2236) CODEC_INIT: Success to init i2s: 0[0m
[0;32mI (2241) CODEC_INIT: Get out handle 0x4087e708 port 0[0m
[0;32mI (2251) ES8311: Work in Slave mode[0m
[0;32mI (2257) ES7210: Work in Slave mode[0m
[0;32mI (2263) ES7210: Enable ES7210_INPUT_MIC1[0m
[0;32mI (2266) ES7210: Enable ES7210_INPUT_MIC2[0m
[0;32mI (2269) ES7210: Enable ES7210_INPUT_MIC3[0m
[0;32mI (2272) ES7210: Enable ES7210_INPUT_MIC4[0m
[0;32mI (2276) ES7210: Enable TDM mode[0m
[0;32mI (2284) I2S_IF: channel mode 2 bits:16/16 channel:2 mask:3[0m
[0;32mI (2285) I2S_IF: TDM Mode 1 bits:16/16 channel:2 sample_rate:16000 mask:3[0m
[0;32mI (2305) Adev_Codec: Open codec device OK[0m
[0;32mI (2306) I2S_IF: channel mode 2 bits:16/16 channel:2 mask:3[0m
[0;32mI (2306) I2S_IF: TDM Mode 0 bits:16/16 channel:2 sample_rate:16000 mask:3[0m
[0;32mI (2314) ES7210: Bits 8[0m
[0;32mI (2323) ES7210: Enable ES7210_INPUT_MIC1[0m
[0;32mI (2325) ES7210: Enable ES7210_INPUT_MIC2[0m
[0;32mI (2328) ES7210: Enable ES7210_INPUT_MIC3[0m
[0;32mI (2333) ES7210: Enable ES7210_INPUT_MIC4[0m
[0;32mI (2338) ES7210: Enable TDM mode[0m
[0;32mI (2344) ES7210: Unmuted[0m
[0;32mI (2344) Adev_Codec: Open codec device OK[0m
[0;32mI (2346) Adev_Codec: Input already open[0m
[0;32mI (2351) Adev_Codec: Input already open[0m
[0;32mI (2371) clare_audio: ALC ready: 16000 Hz mono PCM16, gain 6 dB[0m
[0;32mI (2556) pp: pp rom version: 5b8dcfa[0m
[0;32mI (2557) net80211: net80211 rom version: 5b8dcfa[0m
I (2558) wifi:wifi driver task: 40867bd0, prio:23, stack:6656, core=0
I (2567) wifi:wifi firmware version: 4df78f2
I (2568) wifi:wifi certification version: v7.0
I (2569) wifi:config NVS flash: enabled
I (2573) wifi:config nano formatting: disabled
I (2577) wifi:mac_version:HAL_MAC_ESP32AX_761,ut_version:N, band mode:0x1
I (2584) wifi:Init data frame dynamic rx buffer num: 16
I (2589) wifi:Init static rx mgmt buffer num: 5
I (2593) wifi:Init management short buffer num: 32
I (2597) wifi:Init static tx buffer num: 16
I (2601) wifi:Init static tx FG buffer num: 2
I (2605) wifi:Init static rx buffer size: 1700 (rxctrl:92, csi:512)
I (2611) wifi:Init static rx buffer num: 10
I (2615) wifi:Init dynamic rx buffer num: 16
[0;32mI (2620) wifi_init: rx ba win: 6[0m
[0;32mI (2623) wifi_init: accept mbox: 6[0m
[0;32mI (2627) wifi_init: tcpip mbox: 32[0m
[0;32mI (2631) wifi_init: udp mbox: 6[0m
[0;32mI (2635) wifi_init: tcp mbox: 6[0m
[0;32mI (2639) wifi_init: tcp tx win: 5760[0m
[0;32mI (2643) wifi_init: tcp rx win: 5760[0m
[0;32mI (2647) wifi_init: tcp mss: 1240[0m
[0;32mI (2651) wifi_init: WiFi IRAM OP enabled[0m
[0;32mI (2656) wifi_init: WiFi RX IRAM OP enabled[0m
[0;32mI (2661) wifi_init: WiFi SLP IRAM OP enabled[0m
W (2666) wifi:Password length matches WPA2 standards, authmode threshold changes from OPEN to WPA2
[0;32mI (2675) phy_init: phy_version 343,b513b46,Nov 14 2025,16:34:12[0m
W (2742) wifi:ACK_TAB0   :0x   90a0b, QAM16:0x9 (24Mbps), QPSK:0xa (12Mbps), BPSK:0xb (6Mbps)
W (2743) wifi:CTS_TAB0   :0x   90a0b, QAM16:0x9 (24Mbps), QPSK:0xa (12Mbps), BPSK:0xb (6Mbps)
W (2748) wifi:(agc)0x600a7128:0xd21c7a76, min.avgNF:0xce->0xd2(dB), RCalCount:0x1c7, min.RRssi:0xa76(-88.62)
I (2758) wifi:11ax coex: WDEVAX_PTI0(0x55777555), WDEVAX_PTI1(0x00003377).

I (2765) wifi:mode : sta (20:6e:f1:16:e0:a4)
I (2768) wifi:enable tsf
I (2780) wifi:new:<11,0>, old:<1,0>, ap:<255,255>, sta:<11,0>, prof:1, snd_ch_cfg:0x0
I (2781) wifi:(connect)dot11_authmode:0x3, pairwise_cipher:0x3, group_cipher:0x1
I (2785) wifi:state: init -> auth (0xb0)
[0;32mI (2801) clare_net: Wi-Fi protocols limited to 11b/g/n mask=0x07[0m
I (2801) wifi:Set ps type: 0, coexist: 0

[0;32mI (2802) clare_c6: Clare UI ready; touch the Clare tile[0m
[0;32mI (2806) main_task: Returned from app_main()[0m
I (2841) wifi:state: auth -> assoc (0x0)
I (2847) wifi:(assoc)RESP, Extended Capabilities length:8, operating_mode_notification:0
I (2847) wifi:(assoc)RESP, Extended Capabilities, MBSSID:0, TWT Responder:0, OBSS Narrow Bandwidth RU In OFDMA Tolerance:0
I (2855) wifi:Extended Capabilities length:8, operating_mode_notification:1
I (2862) wifi:state: assoc -> run (0x10)
I (2865) wifi:(trc)phytype:CBW20-SGI, snr:32, maxRate:144, highestRateIdx:0
W (2872) wifi:(trc)band:2G, phymode:3, highestRateIdx:0, lowestRateIdx:11, dataSchedTableSize:14
I (2880) wifi:(trc)band:2G, rate(L-MCS6, rateIdx:2), ampdu(rate:L-MCS6, schedIdx(2, stop:8)), snr:32, ampduState:wait operational
I (2891) wifi:ifidx:0, rssi:-64, nf:-96, phytype(0x3, CBW20-SGI), phymode(0x3, 11bgn), max_rate:144, he:0, vht:0, ht:1
I (2902) wifi:(ht)max.RxAMPDULenExponent:3(65535 bytes), MMSS:6(8 us)
I (2933) wifi:connected with ZKY-GYLWLAP, aid = 3, channel 11, BW20, bssid = 02:55:b1:c6:fa:2e
I (2934) wifi:security: WPA2-PSK, phy:bgn, rssi:-64, cipher(pairwise:0x3, group:0x1), pmf:0, 
I (2941) wifi:pm start, type: 0, twt_start:0

I (2943) wifi:pm start, type:0, aid:0x3, trans-BSSID:02:55:b1:c6:fa:2e, BSSID[5]:0x2e, mbssid(max-indicator:0, index:0), he:0
I (2955) wifi:dp: 1, bi: 102400, li: 3, scale listen interval from 307200 us to 307200 us
I (2962) wifi:set rx beacon pti, rx_bcn_pti: 10, bcn_timeout: 25000, mt_pti: 10, mt_time: 10000
I (2971) wifi:[ADDBA]TX addba request, tid:0, dialogtoken:1, bufsize:64, A-MSDU:0(not supported), policy:1(IMR), ssn:0(0x0)
I (2982) wifi:[ADDBA]TX addba request, tid:7, dialogtoken:2, bufsize:64, A-MSDU:0(not supported), policy:1(IMR), ssn:0(0x20)
I (2993) wifi:[ADDBA]TX addba request, tid:5, dialogtoken:3, bufsize:64, A-MSDU:0(not supported), policy:1(IMR), ssn:0(0x0)
I (3006) wifi:[ADDBA]RX addba response, status:0, tid:0/tb:1(0xa1), bufsize:64, batimeout:0, txa_wnd:8
I (3013) wifi:[ADDBA]RX addba response, status:0, tid:7/tb:1(0xa1), bufsize:64, batimeout:0, txa_wnd:8
I (3023) wifi:[ADDBA]RX addba response, status:0, tid:5/tb:1(0xa1), bufsize:64, batimeout:0, txa_wnd:8
I (3031) wifi:dp: 2, bi: 102400, li: 4, scale listen interval from 307200 us to 409600 us
I (3038) wifi:AP's beacon interval = 102400 us, DTIM period = 2
W (3227) wifi:<ba-add>idx:0, ifx:0, tid:0, TAHI:0x1002efa, TALO:0xc6b15502, (ssn:1, win:64, cur_ssn:1), CONF:0xc0000005
[0;32mI (4229) esp_netif_handlers: sta ip: 192.168.238.118, mask: 255.255.240.0, gw: 192.168.235.1[0m
[0;32mI (4229) clare_net: DHCP DNS main=223.5.5.5[0m
[0;32mI (10802) clare_c6: Boot network self-test begin[0m
W (10819) wifi:<ba-add>idx:1, ifx:0, tid:6, TAHI:0x1002efa, TALO:0xc6b15502, (ssn:2, win:64, cur_ssn:2), CONF:0xc0006005
[0;32mI (10822) clare_c6: probe dns ip=104.21.35.182[0m
[0;32mI (10824) clare_c6: probe dns rc=0[0m
[0;32mI (10828) clare_c6: probe socket fd=54 errno=0[0m
[0;32mI (11040) clare_c6: probe connect rc=0 errno=0[0m
[0;31mE (11241) esp-tls-mbedtls: No server verification option set in esp_tls_cfg_t structure. Check esp_tls API reference[0m
[0;31mE (11241) esp-tls-mbedtls: Failed to set client configurations, returned [0x8017] (ESP_ERR_MBEDTLS_SSL_SETUP_FAILED)[0m
[0;31mE (11252) esp-tls: create_ssl_handle failed[0m
[0;31mE (11257) esp-tls: Failed to open new connection[0m
[0;32mI (11262) clare_c6: probe esp-tls rc=-1 last=0x0 flags=0x0[0m
[0;32mI (11269) clare_net: Create session URL ready=1[0m
[0;32mI (11274) clare_net: HTTP before init free8=42960 largest8=25088 free_internal=42960 largest_internal=25088[0m
HM BEGIN PRE

abort() was called at PC 0x4080180d on core 0
Core  0 register dump:
MEPC    : 0x40824f0c  RA      : 0x40824ed0  SP      : 0x40862170  GP      : 0x408396a4  
TP      : 0x40862ef0  T0      : 0x37363534  T1      : 0x7271706f  T2      : 0x33323130  
S0/FP   : 0x408621ac  S1      : 0x408621ac  A0      : 0x408621ac  A1      : 0x4086218e  
A2      : 0x00000000  A3      : 0x4084c000  A4      : 0x00000001  A5      : 0x4084c000  
A6      : 0x00000000  A7      : 0x76757473  S2      : 0x40862190  S3      : 0xffffffff  
S4      : 0x40862f58  S5      : 0x4084ef40  S6      : 0x4084c000  S7      : 0x42134000  
S8      : 0x0000a7d0  S9      : 0x00000000  S10     : 0x00000000  S11     : 0x00000000  
T3      : 0x6e6d6c6b  T4      : 0x6a696867  T5      : 0x66656463  T6      : 0x62613938  
MSTATUS : 0x00001881  MTVEC   : 0x40800001  MCAUSE  : 0x00000002  MTVAL   : 0x00000000  
MHARTID : 0x00000000  

Stack memory:
40862170: 0xa5a5a5a5 0xa5a5a5a5 0x408621ac 0x4082cea2 0xa5a5a5a5 0xa5a5a5a5 0xa5a5a5a5 0xa5a50030
40862190: 0x30383034 0x64303831 0x00000000 0x4083b8a0 0x40862190 0x4083b8bc 0x4086218c 0x726f6261
408621b0: 0x20292874 0x20736177 0x6c6c6163 0x61206465 0x43502074 0x34783020 0x31303830 0x20643038
408621d0: 0x63206e6f 0x2065726f 0x00000030 0x40820000 0x00000004 0x4084d0a8 0x40862f58 0x40801810
408621f0: 0x00000004 0x40850390 0x4084e8bc 0x00000000 0x42007074 0x4083912c 0x00000000 0x4084e8bc
40862210: 0x00000000 0x40862f00 0x40850338 0x4084cf14 0x42134378 0x42134378 0x40862f58 0x40801a8e
40862230: 0x40839200 0x4084c25c 0x4084e8c9 0x4084d0a8 0x408623f4 0x00000000 0x00000001 0x4002814c
40862250: 0x42134378 0x42134378 0x40862f58 0x4003bf14 0x4084e8bc 0x4084c25c 0x0000000d 0x42009b4e
40862270: 0x0000000d 0x40862f58 0x4084cf14 0x4003071e 0x00000000 0x00000000 0x00000001 0x400281a0
40862290: 0x40862f58 0x4004e20c 0x4084cf14 0x400307b2 0x00000004 0x4084d0a8 0x4084d0a8 0x408252a0
408622b0: 0x00000000 0x00000000 0x4084d0a8 0x408258ee 0x00000000 0x3fe00000 0x00000000 0x00000000
408622d0: 0x00000000 0x3fc00000 0x00000000 0x00000003 0x408623f4 0x00000000 0x42134454 0x408626b4
408622f0: 0x42134453 0x40862f00 0x4084d0a8 0x40825a94 0x42134453 0x00000001 0x00000001 0x400281a0
40862310: 0x42134453 0x00000001 0x00000001 0x4003ca9c 0x4084e8bc 0x00000073 0x00000000 0x42134453
40862330: 0x00000000 0x00000000 0x00000000 0x00000000 0x00000000 0x0000000d 0x00000001 0x00000003
40862350: 0x00000000 0x4004e20c 0x00000000 0x00000000 0x00000000 0x00000000 0xffffffff 0x7fefffff
40862370: 0x00000000 0x3fe00000 0x4084cf14 0x4003071e 0x00000000 0x3fc00000 0x00000000 0x40300000
40862390: 0x40862f58 0x00000000 0x4084cf14 0x400307b2 0x4003c51a 0x4003dc38 0x4084d0a8 0x40862778
408623b0: 0x40862ef0 0x00000000 0x4084d0a8 0x00000001 0x00000000 0x00000003 0x00000000 0x00000000
408623d0: 0x00000003 0x40862888 0x00000001 0x00000001 0x408623ec 0x00000000 0x00000000 0x42134453
408623f0: 0x00000001 0x42134444 0x00000003 0x40825a94 0x42134be2 0x00000003 0x00000005 0x400281a0
40862410: 0x42134be2 0x00000003 0x00000005 0x4003ca9c 0xa5a5a5a5 0x00000064 0x00000005 0x42134be2
40862430: 0x00000000 0x00000000 0x00000000 0x00000000 0x00000000 0x0000003b 0x00000001 0x00000001
40862450: 0x00000000 0x4004e20c 0x00000000 0x00000000 0x4084f78c 0x00000000 0xffffffff 0x7fefffff
40862470: 0x00000000 0x3fe00000 0x00000000 0x4213499e 0x00000000 0x3fc00000 0x32000000 0x38383035
40862490: 0xffffffff 0xa5a5a5a5 0xa5a5a5a5 0xa5a5a5a5 0xa5a5a5a5 0xa5a5a5a5 0xa5a5a5a5 0x40862888
408624b0: 0xa5a5a5a5 0x00a5a5a5 0xa5a5a5a5 0x00000003 0x00000000 0xa5a5a5a5 0xa5a5a5a5 0xa5a5a5a5
408624d0: 0xa5a5a5a5 0xa5a5a5a5 0xa5a5a5a5 0xa5a5a5a5 0x408624ec 0x00000000 0x00000000 0x42134be2
408624f0: 0x00000005 0x4086258f 0x00000001 0x39aa259b 0x4ecd8dae 0x40862858 0x40862510 0x40862848
40862510: 0x42134444 0x00000000 0x00000000 0x00000000 0x42134388 0x00000000 0x00000000 0x00000000
40862530: 0x0000a7d0 0x00000000 0x00000000 0x00000000 0x00006200 0x00000000 0x00000000 0x00000000
40862550: 0x0000a7d0 0x00000000 0x00000000 0x00000000 0x00006200 0x00000000 0x00000000 0x00000000



ELF file SHA256: 2d6f8184e4248ade

Rebooting...
ESP-ROM:esp32c6-20220919
Build:Sep 19 2022
rst:0xc (SW_CPU),boot:0x3f (SPI_FAST_FLASH_BOOT)
Saved PC:0x4001975a
SPIWP:0xee
mode:DIO, clock div:2
load:0x40875730,len:0x16f4
load:0x4086b910,len:0xed0
load:0x4086e610,len:0x3198
entry 0x4086b91a
I (22) boot: ESP-IDF v5.5.3 2nd stage bootloader
I (22) boot: compile time Aug 28 2026 21:17:15
I (24) boot: chip revision: v0.2
I (24) boot: efuse block revision: v0.3
I (25) boot.esp32c6: SPI Speed      : 80MHz
I (29) boot.esp32c6: SPI Mode       : DIO
I (33) boot.esp32c6: SPI Flash Size : 16MB
I (37) boot: Enabling RNG early entropy source...
I (42) boot: Partition Table:
I (44) boot: ## Label            Usage          Type ST Offset   Length
I (50) boot:  0 nvs              WiFi data        01 02 00009000 00006000
I (57) boot:  1 phy_init         RF data          01 01 0000f000 00001000
I (63) boot:  2 factory          factory app      00 00 00010000 00600000
I (70) boot:  3 storage          Unknown data     01 82 00610000 00300000
I (77) boot: End of partition table
I (80) esp_image: segment 0: paddr=00010020 vaddr=42130020 size=86978h (551288) map
I (291) esp_image: segment 1: paddr=000969a0 vaddr=40800000 size=09678h ( 38520) load
I (309) esp_image: segment 2: paddr=000a0020 vaddr=42000020 size=12bee0h (1228512) map
I (764) esp_image: segment 3: paddr=001cbf08 vaddr=40809678 size=33608h (210440) load
I (880) boot: Loaded app from partition at offset 0x10000
I (881) boot: Disabling RNG early entropy source...
[0;32mI (891) cpu_start: Unicore app[0m
[0;32mI (900) cpu_start: GPIO 17 and 16 are used as console UART I/O pins[0m
[0;32mI (901) cpu_start: Pro cpu start user code[0m
[0;32mI (901) cpu_start: cpu freq: 160000000 Hz[0m
[0;32mI (905) app_init: Application information:[0m
[0;32mI (910) app_init: Project name:     Clare_C6[0m
[0;32mI (915) app_init: App version:      3e09a44-dirty[0m
[0;32mI (920) app_init: Compile time:     Aug 28 2026 21:17:23[0m
[0;32mI (926) app_init: ELF file SHA256:  2d6f8184e4248ade...[0m
[0;32mI (932) app_init: ESP-IDF:          v5.5.3[0m
[0;32mI (937) efuse_init: Min chip rev:     v0.0[0m
[0;32mI (942) efuse_init: Max chip rev:     v0.99 [0m
[0;32mI (947) efuse_init: Chip rev:         v0.2[0m
[0;32mI (952) heap_init: Initializing. RAM available for dynamic allocation:[0m
[0;32mI (959) heap_init: At 4084C560 len 000300B0 (192 KiB): RAM[0m
[0;32mI (965) heap_init: At 4087C610 len 00002F54 (11 KiB): RAM[0m
[0;32mI (971) heap_init: At 50000000 len 00003FE8 (15 KiB): RTCRAM[0m
[0;32mI (978) spi_flash: detected chip: generic[0m
[0;32mI (982) spi_flash: flash io: dio[0m
[0;32mI (987) sleep_gpio: Configure to isolate all GPIO pins in sleep state[0m
[0;32mI (993) sleep_gpio: Enable automatic switching of GPIO sleep configuration[0m
[0;32mI (1012) main_task: Started on CPU0[0m
[0;32mI (1016) main_task: Calling app_main()[0m
[0;32mI (1020) clare_c6: Clare C6 starting[0m
[0;32mI (1035) axp2101: Init PMU SUCCESS![0m
[0;32mI (1041) DisplayPort: SPI BUS init[0m
[0;32mI (1041) DisplayPort: Install panel IO[0m
[0;32mI (1042) sh8601: LCD panel create success, version: 1.0.0[0m
[0;33mW (1945) sh8601: The 3Ah command has been used and will be overwritten by external initialization sequence[0m
[0;33mW (1945) sh8601: The 36h command has been used and will be overwritten by external initialization sequence[0m
[0;32mI (2129) CST9217: Checkcode: 0x204ECACA[0m
[0;32mI (2131) CST9217: Resolution X: 480, Y: 480[0m
[0;32mI (2133) CST9217: Chip Type: 0x9220, ProjectID: 0x542F[0m
[0;32mI (2133) esp_lvgl:adapter: LVGL adapter initialized successfully[0m
[0;32mI (2143) esp_lvgl:touch: Touch input device registered successfully (IRQ mode: enabled)[0m
[0;32mI (2151) esp_lvgl:adapter: LVGL task started successfully[0m
i2c: {sda: 8, scl: 7}
i2s: {mclk: 19, bclk: 20, ws: 22, din: 21, dout: 23}
out: {codec: ES8311, pa: -1, pa_gain: 6, use_mclk: 1, pa_gain: 6}
Codec 0 dir 2 type:1
in: {codec: ES7210}
Codec 1 dir 1 type:2
[0;32mI (2173) CODEC_INIT: in:1 out:1 port: 1[0m
[0;32mI (2177) CODEC_INIT: Success to int i2c: 0[0m
[0;32mI (2184) CODEC_INIT: Init i2s 0 type: 3 mclk:19 bclk:20 ws:22 din:21 dout:23[0m
[0;32mI (2190) CODEC_INIT: tx:0x4087e708 rx:0x4087e8c4[0m
[0;33mW (2195) i2s_tdm: the current mclk multiple is too small, adjust the mclk multiple to 384[0m
[0;32mI (2204) CODEC_INIT: output init tdm ret 0[0m
[0;33mW (2209) i2s_tdm: the current mclk multiple is too small, adjust the mclk multiple to 384[0m
[0;32mI (2218) CODEC_INIT: Input init tdm ret 0[0m
[0;32mI (2222) CODEC_INIT: Init i2s 0 ok[0m
[0;32mI (2226) CODEC_INIT: Success to init i2s: 0[0m
[0;32mI (2231) CODEC_INIT: Success to int i2c: 0[0m
[0;32mI (2236) CODEC_INIT: Success to init i2s: 0[0m
[0;32mI (2241) CODEC_INIT: Get out handle 0x4087e708 port 0[0m
[0;32mI (2251) ES8311: Work in Slave mode[0m
[0;32mI (2257) ES7210: Work in Slave mode[0m
[0;32mI (2263) ES7210: Enable ES7210_INPUT_MIC1[0m
[0;32mI (2266) ES7210: Enable ES7210_INPUT_MIC2[0m
[0;32mI (2269) ES7210: Enable ES7210_INPUT_MIC3[0m
[0;32mI (2272) ES7210: Enable ES7210_INPUT_MIC4[0m
[0;32mI (2276) ES7210: Enable TDM mode[0m
[0;32mI (2284) I2S_IF: channel mode 2 bits:16/16 channel:2 mask:3[0m
[0;32mI (2285) I2S_IF: TDM Mode 1 bits:16/16 channel:2 sample_rate:16000 mask:3[0m
[0;32mI (2305) Adev_Codec: Open codec device OK[0m
[0;32mI (2306) I2S_IF: channel mode 2 bits:16/16 channel:2 mask:3[0m
[0;32mI (2306) I2S_IF: TDM Mode 0 bits:16/16 channel:2 sample_rate:16000 mask:3[0m
[0;32mI (2314) ES7210: Bits 8[0m
[0;32mI (2323) ES7210: Enable ES7210_INPUT_MIC1[0m
[0;32mI (2325) ES7210: Enable ES7210_INPUT_MIC2[0m
[0;32mI (2328) ES7210: Enable ES7210_INPUT_MIC3[0m
[0;32mI (2333) ES7210: Enable ES7210_INPUT_MIC4[0m
[0;32mI (2338) ES7210: Enable TDM mode[0m
[0;32mI (2344) ES7210: Unmuted[0m
[0;32mI (2344) Adev_Codec: Open codec device OK[0m
[0;32mI (2346) Adev_Codec: Input already open[0m
[0;32mI (2351) Adev_Codec: Input already open[0m
[0;32mI (2371) clare_audio: ALC ready: 16000 Hz mono PCM16, gain 6 dB[0m
[0;32mI (2556) pp: pp rom version: 5b8dcfa[0m
[0;32mI (2557) net80211: net80211 rom version: 5b8dcfa[0m
I (2558) wifi:wifi driver task: 40867bd0, prio:23, stack:6656, core=0
I (2567) wifi:wifi firmware version: 4df78f2
I (2568) wifi:wifi certification version: v7.0
I (2569) wifi:config NVS flash: enabled
I (2573) wifi:config nano formatting: disabled
I (2577) wifi:mac_version:HAL_MAC_ESP32AX_761,ut_version:N, band mode:0x1
I (2584) wifi:Init data frame dynamic rx buffer num: 16
I (2588) wifi:Init static rx mgmt buffer num: 5
I (2593) wifi:Init management short buffer num: 32
I (2597) wifi:Init static tx buffer num: 16
I (2601) wifi:Init static tx FG buffer num: 2
I (2605) wifi:Init static rx buffer size: 1700 (rxctrl:92, csi:512)
I (2611) wifi:Init static rx buffer num: 10
I (2615) wifi:Init dynamic rx buffer num: 16
[0;32mI (2620) wifi_init: rx ba win: 6[0m
[0;32mI (2623) wifi_init: accept mbox: 6[0m
[0;32mI (2627) wifi_init: tcpip mbox: 32[0m
[0;32mI (2631) wifi_init: udp mbox: 6[0m
[0;32mI (2635) wifi_init: tcp mbox: 6[0m
[0;32mI (2639) wifi_init: tcp tx win: 5760[0m
[0;32mI (2643) wifi_init: tcp rx win: 5760[0m
[0;32mI (2647) wifi_init: tcp mss: 1240[0m
[0;32mI (2651) wifi_init: WiFi IRAM OP enabled[0m
[0;32mI (2656) wifi_init: WiFi RX IRAM OP enabled[0m
[0;32mI (2661) wifi_init: WiFi SLP IRAM OP enabled[0m
W (2666) wifi:Password length matches WPA2 standards, authmode threshold changes from OPEN to WPA2
[0;32mI (2675) phy_init: phy_version 343,b513b46,Nov 14 2025,16:34:12[0m
W (2743) wifi:ACK_TAB0   :0x   90a0b, QAM16:0x9 (24Mbps), QPSK:0xa (12Mbps), BPSK:0xb (6Mbps)
W (2744) wifi:CTS_TAB0   :0x   90a0b, QAM16:0x9 (24Mbps), QPSK:0xa (12Mbps), BPSK:0xb (6Mbps)
W (2749) wifi:(agc)0x600a7128:0xd2142a92, min.avgNF:0xce->0xd2(dB), RCalCount:0x142, min.RRssi:0xa92(-86.88)
I (2759) wifi:11ax coex: WDEVAX_PTI0(0x55777555), WDEVAX_PTI1(0x00003377).

I (2766) wifi:mode : sta (20:6e:f1:16:e0:a4)
I (2769) wifi:enable tsf
I (2781) wifi:new:<11,0>, old:<1,0>, ap:<255,255>, sta:<11,0>, prof:1, snd_ch_cfg:0x0
I (2782) wifi:(connect)dot11_authmode:0x3, pairwise_cipher:0x3, group_cipher:0x1
I (2786) wifi:state: init -> auth (0xb0)
[0;32mI (2802) clare_net: Wi-Fi protocols limited to 11b/g/n mask=0x07[0m
I (2802) wifi:Set ps type: 0, coexist: 0

[0;32mI (2803) clare_c6: Clare UI ready; touch the Clare tile[0m
[0;32mI (2807) main_task: Returned from app_main()[0m
I (2835) wifi:state: auth -> assoc (0x0)
I (2849) wifi:(assoc)RESP, Extended Capabilities length:8, operating_mode_notification:0
I (2849) wifi:(assoc)RESP, Extended Capabilities, MBSSID:0, TWT Responder:0, OBSS Narrow Bandwidth RU In OFDMA Tolerance:0
I (2856) wifi:Extended Capabilities length:8, operating_mode_notification:1
I (2864) wifi:state: assoc -> run (0x10)
I (2867) wifi:(trc)phytype:CBW20-SGI, snr:33, maxRate:144, highestRateIdx:0
W (2873) wifi:(trc)band:2G, phymode:3, highestRateIdx:0, lowestRateIdx:11, dataSchedTableSize:14
I (2882) wifi:(trc)band:2G, rate(L-MCS6, rateIdx:2), ampdu(rate:L-MCS6, schedIdx(2, stop:8)), snr:33, ampduState:wait operational
I (2893) wifi:ifidx:0, rssi:-63, nf:-96, phytype(0x3, CBW20-SGI), phymode(0x3, 11bgn), max_rate:144, he:0, vht:0, ht:1
I (2904) wifi:(ht)max.RxAMPDULenExponent:3(65535 bytes), MMSS:6(8 us)
I (2956) wifi:connected with ZKY-GYLWLAP, aid = 3, channel 11, BW20, bssid = 02:55:b1:c6:fa:2e
I (2956) wifi:security: WPA2-PSK, phy:bgn, rssi:-63, cipher(pairwise:0x3, group:0x1), pmf:0, 
I (2963) wifi:pm start, type: 0, twt_start:0

I (2966) wifi:pm start, type:0, aid:0x3, trans-BSSID:02:55:b1:c6:fa:2e, BSSID[5]:0x2e, mbssid(max-indicator:0, index:0), he:0
I (2977) wifi:dp: 1, bi: 102400, li: 3, scale listen interval from 307200 us to 307200 us
I (2985) wifi:set rx beacon pti, rx_bcn_pti: 10, bcn_timeout: 25000, mt_pti: 10, mt_time: 10000
I (2993) wifi:[ADDBA]TX addba request, tid:0, dialogtoken:1, bufsize:64, A-MSDU:0(not supported), policy:1(IMR), ssn:0(0x0)
I (3004) wifi:[ADDBA]TX addba request, tid:7, dialogtoken:2, bufsize:64, A-MSDU:0(not supported), policy:1(IMR), ssn:0(0x20)
I (3015) wifi:[ADDBA]TX addba request, tid:5, dialogtoken:3, bufsize:64, A-MSDU:0(not supported), policy:1(IMR), ssn:0(0x0)
I (3028) wifi:[ADDBA]RX addba response, status:0, tid:0/tb:1(0xa1), bufsize:64, batimeout:0, txa_wnd:8
I (3035) wifi:[ADDBA]RX addba response, status:0, tid:7/tb:1(0xa1), bufsize:64, batimeout:0, txa_wnd:8
I (3044) wifi:[ADDBA]RX addba response, status:0, tid:5/tb:1(0xa1), bufsize:64, batimeout:0, txa_wnd:8
W (3053) wifi:<ba-add>idx:0, ifx:0, tid:0, TAHI:0x1002efa, TALO:0xc6b15502, (ssn:0, win:64, cur_ssn:0), CONF:0xc0000005
I (3064) wifi:dp: 2, bi: 102400, li: 4, scale listen interval from 307200 us to 409600 us
I (3071) wifi:AP's beacon interval = 102400 us, DTIM period = 2
[0;32mI (4084) esp_netif_handlers: sta ip: 192.168.238.118, mask: 255.255.240.0, gw: 192.168.235.1[0m
[0;32mI (4084) clare_net: DHCP DNS main=223.5.5.5[0m
[0;32mI (10803) clare_c6: Boot network self-test begin[0m
W (10818) wifi:<ba-add>idx:1, ifx:0, tid:6, TAHI:0x1002efa, TALO:0xc6b15502, (ssn:2, win:64, cur_ssn:2), CONF:0xc0006005
[0;32mI (10819) clare_c6: probe dns ip=172.67.178.147[0m
[0;32mI (10822) clare_c6: probe dns rc=0[0m
[0;32mI (10827) clare_c6: probe socket fd=54 errno=0[0m
[0;32mI (11047) clare_c6: probe connect rc=0 errno=0[0m
[0;31mE (11279) esp-tls-mbedtls: No server verification option set in esp_tls_cfg_t structure. Check esp_tls API reference[0m
[0;31mE (11280) esp-tls-mbedtls: Failed to set client configurations, returned [0x8017] (ESP_ERR_MBEDTLS_SSL_SETUP_FAILED)[0m
[0;31mE (11291) esp-tls: create_ssl_handle failed[0m
[0;31mE (11296) esp-tls: Failed to open new connection[0m
[0;32mI (11301) clare_c6: probe esp-tls rc=-1 last=0x0 flags=0x0[0m
[0;32mI (11308) clare_net: Create session URL ready=1[0m
[0;32mI (11312) clare_net: HTTP before init free8=42964 largest8=25088 free_internal=42964 largest_internal=25088[0m
HM BEGIN PRE

abort() was called at PC 0x4080180d on core 0
Core  0 register dump:
MEPC    : 0x40824f0c  RA      : 0x40824ed0  SP      : 0x40862170  GP      : 0x408396a4  
TP      : 0x40862ef0  T0      : 0x37363534  T1      : 0x7271706f  T2      : 0x33323130  
S0/FP   : 0x408621ac  S1      : 0x408621ac  A0      : 0x408621ac  A1      : 0x4086218e  
A2      : 0x00000000  A3      : 0x4084c000  A4      : 0x00000001  A5      : 0x4084c000  
A6      : 0x00000000  A7      : 0x76757473  S2      : 0x40862190  S3      : 0xffffffff  
S4      : 0x40862f58  S5      : 0x4084ef40  S6      : 0x4084c000  S7      : 0x42134000  
S8      : 0x0000a7d4  S9      : 0x00000000  S10     : 0x00000000  S11     : 0x00000000  
T3      : 0x6e6d6c6b  T4      : 0x6a696867  T5      : 0x66656463  T6      : 0x62613938  
MSTATUS : 0x00001881  MTVEC   : 0x40800001  MCAUSE  : 0x00000002  MTVAL   : 0x00000000  
MHARTID : 0x00000000  

Stack memory:
40862170: 0xa5a5a5a5 0xa5a5a5a5 0x408621ac 0x4082cea2 0xa5a5a5a5 0xa5a5a5a5 0xa5a5a5a5 0xa5a50030
40862190: 0x30383034 0x64303831 0x00000000 0x4083b8a0 0x40862190 0x4083b8bc 0x4086218c 0x726f6261
408621b0: 0x20292874 0x20736177 0x6c6c6163 0x61206465 0x43502074 0x34783020 0x31303830 0x20643038
408621d0: 0x63206e6f 0x2065726f 0x00000030 0x40820000 0x00000004 0x4084d0a8 0x40862f58 0x40801810
408621f0: 0x00000004 0x40850390 0x4084e8bc 0x00000000 0x42007074 0x4083912c 0x00000000 0x4084e8bc
40862210: 0x00000000 0x40862f00 0x40850338 0x4084cf14 0x42134378 0x42134378 0x40862f58 0x40801a8e
40862230: 0x40839200 0x4084c25c 0x4084e8c9 0x4084d0a8 0x408623f4 0x00000000 0x00000001 0x4002814c
40862250: 0x42134378 0x42134378 0x40862f58 0x4003bf14 0x4084e8bc 0x4084c25c 0x0000000d 0x42009b4e
40862270: 0x0000000d 0x40862f58 0x4084cf14 0x4003071e 0x00000000 0x00000000 0x00000001 0x400281a0
40862290: 0x40862f58 0x4004e20c 0x4084cf14 0x400307b2 0x00000004 0x4084d0a8 0x4084d0a8 0x408252a0
408622b0: 0x00000000 0x00000000 0x4084d0a8 0x408258ee 0x00000000 0x3fe00000 0x40850338 0x00000000
408622d0: 0x00000000 0x3fc00000 0x00000000 0x00000003 0x408623f4 0x00000000 0x42134454 0x408626b4
408622f0: 0x42134453 0x40862f00 0x4084d0a8 0x40825a94 0x42134453 0x00000001 0x00000001 0x400281a0
40862310: 0x42134453 0x00000001 0x00000001 0x4003ca9c 0x4084e8bc 0x00000073 0x00000000 0x42134453
40862330: 0x00000000 0x00000000 0x00000000 0x00000000 0x00000000 0x0000000d 0x00000001 0x00000003
40862350: 0x00000000 0x4004e20c 0x00000000 0x00000000 0x00000000 0x00000000 0xffffffff 0x7fefffff
40862370: 0x00000000 0x3fe00000 0x4084cf14 0x4003071e 0x00000000 0x3fc00000 0x00000000 0x40300000
40862390: 0x40862f58 0x00000000 0x4084cf14 0x400307b2 0x40862ef0 0x40028140 0x4084d0a8 0x40862778
408623b0: 0x408624e0 0x00000000 0x4084d0a8 0x00000001 0x00000000 0x00000000 0x0000000f 0x00000000
408623d0: 0xa0000000 0x0000000a 0x4086258b 0x00000001 0x408623ec 0x00000000 0x00000000 0x42134453
408623f0: 0x00000001 0x42134444 0x00000003 0x40825a94 0x42134be2 0x00000003 0x00000005 0x400281a0
40862410: 0x42134be2 0x00000003 0x00000005 0x4003ca9c 0xa5a5a5a5 0x00000064 0x00000005 0x42134be2
40862430: 0x00000000 0x00000000 0x00000000 0x00000000 0x00000000 0x0000003b 0x00000001 0x00000001
40862450: 0x00000000 0x4004e20c 0x00000000 0x00000000 0x4084f78c 0x00000000 0xffffffff 0x7fefffff
40862470: 0x00000000 0x3fe00000 0x00000000 0x4213499e 0x00000000 0x3fc00000 0x32000000 0x38383035
40862490: 0xffffffff 0xc723a2c4 0x84caa73b 0x5f1d36f1 0xfe94f82b 0x1f83d9ab 0x9b05688c 0x40862888
408624b0: 0x503cbf11 0x00bcc908 0x3c6ef372 0x00000003 0x00000000 0x3bcc9086 0x23ef65cd 0x71374491
408624d0: 0xcf43945d 0x40862520 0x8fc8e49b 0x6a09e667 0x408624ec 0x00000000 0x00000000 0x42134be2
408624f0: 0x00000005 0x4086258f 0x00000001 0xefb97e65 0xa73afc91 0x40862858 0x40862510 0x40862848
40862510: 0x42134444 0x00000000 0x00000000 0x00000000 0x42134388 0x00000000 0x00000000 0x00000000
40862530: 0x0000a7d4 0x00000000 0x00000000 0x00000000 0x00006200 0x00000000 0x00000000 0x00000000
40862550: 0x0000a7d4 0x00000000 0x00000000 0x00000000 0x00006200 0x00000000 0x00000000 0x00000000



ELF file SHA256: 2d6f8184e4248ade

Rebooting...
ESP-ROM:esp32c6-20220919
Build:Sep 19 2022
rst:0xc (SW_CPU),boot:0x3f (SPI_FAST_FLASH_BOOT)
Saved PC:0x4001975a
SPIWP:0xee
mode:DIO, clock div:2
load:0x40875730,len:0x16f4
load:0x4086b910,len:0xed0
load:0x4086e610,len:0x3198
entry 0x4086b91a
I (22) boot: ESP-IDF v5.5.3 2nd stage bootloader
I (22) boot: compile time Aug 28 2026 21:17:15
I (24) boot: chip revision: v0.2
I (24) boot: efuse block revision: v0.3
I (25) boot.esp32c6: SPI Speed      : 80MHz
I (29) boot.esp32c6: SPI Mode       : DIO
I (33) boot.esp32c6: SPI Flash Size : 16MB
I (37) boot: Enabling RNG early entropy source...
I (42) boot: Partition Table:
I (44) boot: ## Label            Usage          Type ST Offset   Length
I (50) boot:  0 nvs              WiFi data        01 02 00009000 00006000
I (57) boot:  1 phy_init         RF data          01 01 0000f000 00001000
I (63) boot:  2 factory          factory app      00 00 00010000 00600000
I (70) boot:  3 storage          Unknown data     01 82 00610000 00300000
I (77) boot: End of partition table
I (80) esp_image: segment 0: paddr=00010020 vaddr=42130020 size=86978h (551288) map
I (291) esp_image: segment 1: paddr=000969a0 vaddr=40800000 size=09678h ( 38520) load
I (309) esp_image: segment 2: paddr=000a0020 vaddr=42000020 size=12bee0h (1228512) map
I (764) esp_image: segment 3: paddr=001cbf08 vaddr=40809678 size=33608h (210440) load
I (880) boot: Loaded app from partition at offset 0x10000
I (881) boot: Disabling RNG early entropy source...
[0;32mI (891) cpu_start: Unicore app[0m
[0;32mI (900) cpu_start: GPIO 17 and 16 are used as console UART I/O pins[0m
[0;32mI (901) cpu_start: Pro cpu start user code[0m
[0;32mI (901) cpu_start: cpu freq: 160000000 Hz[0m
[0;32mI (905) app_init: Application information:[0m
[0;32mI (910) app_init: Project name:     Clare_C6[0m
[0;32mI (915) app_init: App version:      3e09a44-dirty[0m
[0;32mI (921) app_init: Compile time:     Aug 28 2026 21:17:23[0m
[0;32mI (927) app_init: ELF file SHA256:  2d6f8184e4248ade...[0m
[0;32mI (932) app_init: ESP-IDF:          v5.5.3[0m
[0;32mI (937) efuse_init: Min chip rev:     v0.0[0m
[0;32mI (942) efuse_init: Max chip rev:     v0.99 [0m
[0;32mI (947) efuse_init: Chip rev:         v0.2[0m
[0;32mI (952) heap_init: Initializing. RAM available for dynamic allocation:[0m
[0;32mI (959) heap_init: At 4084C560 len 000300B0 (192 KiB): RAM[0m
[0;32mI (965) heap_init: At 4087C610 len 00002F54 (11 KiB): RAM[0m
[0;32mI (971) heap_init: At 50000000 len 00003FE8 (15 KiB): RTCRAM[0m
[0;32mI (978) spi_flash: detected chip: generic[0m
[0;32mI (982) spi_flash: flash io: dio[0m
[0;32mI (987) sleep_gpio: Configure to isolate all GPIO pins in sleep state[0m
[0;32mI (993) sleep_gpio: Enable automatic switching of GPIO sleep configuration[0m
[0;32mI (1012) main_task: Started on CPU0[0m
[0;32mI (1016) main_task: Calling app_main()[0m
[0;32mI (1020) clare_c6: Clare C6 starting[0m
[0;32mI (1035) axp2101: Init PMU SUCCESS![0m
[0;32mI (1041) DisplayPort: SPI BUS init[0m
[0;32mI (1041) DisplayPort: Install panel IO[0m
[0;32mI (1042) sh8601: LCD panel create success, version: 1.0.0[0m
[0;33mW (1945) sh8601: The 3Ah command has been used and will be overwritten by external initialization sequence[0m
[0;33mW (1945) sh8601: The 36h command has been used and will be overwritten by external initialization sequence[0m
[0;32mI (2129) CST9217: Checkcode: 0x204ECACA[0m
[0;32mI (2131) CST9217: Resolution X: 480, Y: 480[0m
[0;32mI (2133) CST9217: Chip Type: 0x9220, ProjectID: 0x542F[0m
[0;32mI (2133) esp_lvgl:adapter: LVGL adapter initialized successfully[0m
[0;32mI (2143) esp_lvgl:touch: Touch input device registered successfully (IRQ mode: enabled)[0m
[0;32mI (2151) esp_lvgl:adapter: LVGL task started successfully[0m
i2c: {sda: 8, scl: 7}
i2s: {mclk: 19, bclk: 20, ws: 22, din: 21, dout: 23}
out: {codec: ES8311, pa: -1, pa_gain: 6, use_mclk: 1, pa_gain: 6}
Codec 0 dir 2 type:1
in: {codec: ES7210}
Codec 1 dir 1 type:2
[0;32mI (2173) CODEC_INIT: in:1 out:1 port: 1[0m
[0;32mI (2177) CODEC_INIT: Success to int i2c: 0[0m
[0;32mI (2184) CODEC_INIT: Init i2s 0 type: 3 mclk:19 bclk:20 ws:22 din:21 dout:23[0m
[0;32mI (2190) CODEC_INIT: tx:0x4087e708 rx:0x4087e8c4[0m
[0;33mW (2195) i2s_tdm: the current mclk multiple is too small, adjust the mclk multiple to 384[0m
[0;32mI (2204) CODEC_INIT: output init tdm ret 0[0m
[0;33mW (2209) i2s_tdm: the current mclk multiple is too small, adjust the mclk multiple to 384[0m
[0;32mI (2218) CODEC_INIT: Input init tdm ret 0[0m
[0;32mI (2222) CODEC_INIT: Init i2s 0 ok[0m
[0;32mI (2226) CODEC_INIT: Success to init i2s: 0[0m
[0;32mI (2231) CODEC_INIT: Success to int i2c: 0[0m
[0;32mI (2236) CODEC_INIT: Success to init i2s: 0[0m
[0;32mI (2241) CODEC_INIT: Get out handle 0x4087e708 port 0[0m
[0;32mI (2251) ES8311: Work in Slave mode[0m
[0;32mI (2257) ES7210: Work in Slave mode[0m
[0;32mI (2263) ES7210: Enable ES7210_INPUT_MIC1[0m
[0;32mI (2266) ES7210: Enable ES7210_INPUT_MIC2[0m
[0;32mI (2269) ES7210: Enable ES7210_INPUT_MIC3[0m
[0;32mI (2272) ES7210: Enable ES7210_INPUT_MIC4[0m
[0;32mI (2276) ES7210: Enable TDM mode[0m
[0;32mI (2284) I2S_IF: channel mode 2 bits:16/16 channel:2 mask:3[0m
[0;32mI (2285) I2S_IF: TDM Mode 1 bits:16/16 channel:2 sample_rate:16000 mask:3[0m
[0;32mI (2305) Adev_Codec: Open codec device OK[0m
[0;32mI (2306) I2S_IF: channel mode 2 bits:16/16 channel:2 mask:3[0m
[0;32mI (2306) I2S_IF: TDM Mode 0 bits:16/16 channel:2 sample_rate:16000 mask:3[0m
[0;32mI (2314) ES7210: Bits 8[0m
[0;32mI (2323) ES7210: Enable ES7210_INPUT_MIC1[0m
[0;32mI (2325) ES7210: Enable ES7210_INPUT_MIC2[0m
[0;32mI (2328) ES7210: Enable ES7210_INPUT_MIC3[0m
[0;32mI (2333) ES7210: Enable ES7210_INPUT_MIC4[0m
[0;32mI (2338) ES7210: Enable TDM mode[0m
[0;32mI (2344) ES7210: Unmuted[0m
[0;32mI (2344) Adev_Codec: Open codec device OK[0m
[0;32mI (2346) Adev_Codec: Input already open[0m
[0;32mI (2351) Adev_Codec: Input already open[0m
[0;32mI (2371) clare_audio: ALC ready: 16000 Hz mono PCM16, gain 6 dB[0m
[0;32mI (2556) pp: pp rom version: 5b8dcfa[0m
[0;32mI (2557) net80211: net80211 rom version: 5b8dcfa[0m
I (2558) wifi:wifi driver task: 40867bd0, prio:23, stack:6656, core=0
I (2567) wifi:wifi firmware version: 4df78f2
I (2568) wifi:wifi certification version: v7.0
I (2569) wifi:config NVS flash: enabled
I (2573) wifi:config nano formatting: disabled
I (2577) wifi:mac_version:HAL_MAC_ESP32AX_761,ut_version:N, band mode:0x1
I (2584) wifi:Init data frame dynamic rx buffer num: 16
I (2589) wifi:Init static rx mgmt buffer num: 5
I (2593) wifi:Init management short buffer num: 32
I (2597) wifi:Init static tx buffer num: 16
I (2601) wifi:Init static tx FG buffer num: 2
I (2605) wifi:Init static rx buffer size: 1700 (rxctrl:92, csi:512)
I (2611) wifi:Init static rx buffer num: 10
I (2615) wifi:Init dynamic rx buffer num: 16
[0;32mI (2620) wifi_init: rx ba win: 6[0m
[0;32mI (2623) wifi_init: accept mbox: 6[0m
[0;32mI (2627) wifi_init: tcpip mbox: 32[0m
[0;32mI (2631) wifi_init: udp mbox: 6[0m
[0;32mI (2635) wifi_init: tcp mbox: 6[0m
[0;32mI (2639) wifi_init: tcp tx win: 5760[0m
[0;32mI (2643) wifi_init: tcp rx win: 5760[0m
[0;32mI (2647) wifi_init: tcp mss: 1240[0m
[0;32mI (2651) wifi_init: WiFi IRAM OP enabled[0m
[0;32mI (2656) wifi_init: WiFi RX IRAM OP enabled[0m
[0;32mI (2661) wifi_init: WiFi SLP IRAM OP enabled[0m
W (2666) wifi:Password length matches WPA2 standards, authmode threshold changes from OPEN to WPA2
[0;32mI (2675) phy_init: phy_version 343,b513b46,Nov 14 2025,16:34:12[0m
W (2744) wifi:ACK_TAB0   :0x   90a0b, QAM16:0x9 (24Mbps), QPSK:0xa (12Mbps), BPSK:0xb (6Mbps)
W (2744) wifi:CTS_TAB0   :0x   90a0b, QAM16:0x9 (24Mbps), QPSK:0xa (12Mbps), BPSK:0xb (6Mbps)
W (2749) wifi:(agc)0x600a7128:0xd20aaa88, min.avgNF:0xce->0xd2(dB), RCalCount:0xaa, min.RRssi:0xa88(-87.50)
I (2759) wifi:11ax coex: WDEVAX_PTI0(0x55777555), WDEVAX_PTI1(0x00003377).

I (2766) wifi:mode : sta (20:6e:f1:16:e0:a4)
I (2769) wifi:enable tsf
I (2781) wifi:new:<11,0>, old:<1,0>, ap:<255,255>, sta:<11,0>, prof:1, snd_ch_cfg:0x0
I (2782) wifi:(connect)dot11_authmode:0x3, pairwise_cipher:0x3, group_cipher:0x1
I (2786) wifi:state: init -> auth (0xb0)
[0;32mI (2802) clare_net: Wi-Fi protocols limited to 11b/g/n mask=0x07[0m
I (2802) wifi:Set ps type: 0, coexist: 0

[0;32mI (2803) clare_c6: Clare UI ready; touch the Clare tile[0m
[0;32mI (2807) main_task: Returned from app_main()[0m
I (2812) wifi:state: auth -> assoc (0x0)
I (2833) wifi:(assoc)RESP, Extended Capabilities length:8, operating_mode_notification:0
I (2834) wifi:(assoc)RESP, Extended Capabilities, MBSSID:0, TWT Responder:0, OBSS Narrow Bandwidth RU In OFDMA Tolerance:0
I (2841) wifi:Extended Capabilities length:8, operating_mode_notification:1
I (2848) wifi:state: assoc -> run (0x10)
I (2851) wifi:(trc)phytype:CBW20-SGI, snr:32, maxRate:144, highestRateIdx:0
W (2858) wifi:(trc)band:2G, phymode:3, highestRateIdx:0, lowestRateIdx:11, dataSchedTableSize:14
I (2867) wifi:(trc)band:2G, rate(L-MCS6, rateIdx:2), ampdu(rate:L-MCS6, schedIdx(2, stop:8)), snr:32, ampduState:wait operational
I (2878) wifi:ifidx:0, rssi:-64, nf:-96, phytype(0x3, CBW20-SGI), phymode(0x3, 11bgn), max_rate:144, he:0, vht:0, ht:1
I (2888) wifi:(ht)max.RxAMPDULenExponent:3(65535 bytes), MMSS:6(8 us)
I (2942) wifi:connected with ZKY-GYLWLAP, aid = 3, channel 11, BW20, bssid = 02:55:b1:c6:fa:2e
I (2943) wifi:security: WPA2-PSK, phy:bgn, rssi:-64, cipher(pairwise:0x3, group:0x1), pmf:0, 
I (2949) wifi:pm start, type: 0, twt_start:0

I (2952) wifi:pm start, type:0, aid:0x3, trans-BSSID:02:55:b1:c6:fa:2e, BSSID[5]:0x2e, mbssid(max-indicator:0, index:0), he:0
I (2963) wifi:dp: 1, bi: 102400, li: 3, scale listen interval from 307200 us to 307200 us
I (2971) wifi:set rx beacon pti, rx_bcn_pti: 10, bcn_timeout: 25000, mt_pti: 10, mt_time: 10000
I (2980) wifi:[ADDBA]TX addba request, tid:0, dialogtoken:1, bufsize:64, A-MSDU:0(not supported), policy:1(IMR), ssn:0(0x0)
I (2991) wifi:[ADDBA]TX addba request, tid:7, dialogtoken:2, bufsize:64, A-MSDU:0(not supported), policy:1(IMR), ssn:0(0x20)
I (3001) wifi:[ADDBA]TX addba request, tid:5, dialogtoken:3, bufsize:64, A-MSDU:0(not supported), policy:1(IMR), ssn:0(0x0)
I (3016) wifi:[ADDBA]RX addba response, status:0, tid:0/tb:1(0xa1), bufsize:64, batimeout:0, txa_wnd:8
I (3021) wifi:[ADDBA]RX addba response, status:0, tid:7/tb:1(0xa1), bufsize:64, batimeout:0, txa_wnd:8
I (3030) wifi:[ADDBA]RX addba response, status:0, tid:5/tb:1(0xa1), bufsize:64, batimeout:0, txa_wnd:8
W (3039) wifi:<ba-add>idx:0, ifx:0, tid:0, TAHI:0x1002efa, TALO:0xc6b15502, (ssn:0, win:64, cur_ssn:0), CONF:0xc0000005
I (3050) wifi:dp: 2, bi: 102400, li: 4, scale listen interval from 307200 us to 409600 us
I (3058) wifi:AP's beacon interval = 102400 us, DTIM period = 2
W (3079) wifi:<ba-add>idx:1, ifx:0, tid:6, TAHI:0x1002efa, TALO:0xc6b15502, (ssn:2, win:64, cur_ssn:2), CONF:0xc0006005
[0;32mI (4072) esp_netif_handlers: sta ip: 192.168.238.118, mask: 255.255.240.0, gw: 192.168.235.1[0m
[0;32mI (4072) clare_net: DHCP DNS main=223.5.5.5[0m
[0;32mI (10803) clare_c6: Boot network self-test begin[0m
[0;32mI (10878) clare_c6: probe dns ip=172.67.178.147[0m
[0;32mI (10879) clare_c6: probe dns rc=0[0m
[0;32mI (10879) clare_c6: probe socket fd=54 errno=0[0m
[0;32mI (11073) clare_c6: probe connect rc=0 errno=0[0m
[0;31mE (11267) esp-tls-mbedtls: No server verification option set in esp_tls_cfg_t structure. Check esp_tls API reference[0m
[0;31mE (11268) esp-tls-mbedtls: Failed to set client configurations, returned [0x8017] (ESP_ERR_MBEDTLS_SSL_SETUP_FAILED)[0m
[0;31mE (11279) esp-tls: create_ssl_handle failed[0m
[0;31mE (11283) esp-tls: Failed to open new connection[0m
[0;32mI (11289) clare_c6: probe esp-tls rc=-1 last=0x0 flags=0x0[0m
[0;32mI (11296) clare_net: Create session URL ready=1[0m
[0;32mI (11300) clare_net: HTTP before init free8=43052 largest8=25088 free_internal=43052 largest_internal=25088[0m
HM BEGIN PRE

abort() was called at PC 0x4080180d on core 0
Core  0 register dump:
MEPC    : 0x40824f0c  RA      : 0x40824ed0  SP      : 0x40862170  GP      : 0x408396a4  
TP      : 0x40862ef0  T0      : 0x37363534  T1      : 0x7271706f  T2      : 0x33323130  
S0/FP   : 0x408621ac  S1      : 0x408621ac  A0      : 0x408621ac  A1      : 0x4086218e  
A2      : 0x00000000  A3      : 0x4084c000  A4      : 0x00000001  A5      : 0x4084c000  
A6      : 0x00000000  A7      : 0x76757473  S2      : 0x40862190  S3      : 0xffffffff  
S4      : 0x40862f58  S5      : 0x4084f198  S6      : 0x4084c000  S7      : 0x42134000  
S8      : 0x0000a82c  S9      : 0x00000000  S10     : 0x00000000  S11     : 0x00000000  
T3      : 0x6e6d6c6b  T4      : 0x6a696867  T5      : 0x66656463  T6      : 0x62613938  
MSTATUS : 0x00001881  MTVEC   : 0x40800001  MCAUSE  : 0x00000002  MTVAL   : 0x00000000  
MHARTID : 0x00000000  

Stack memory:
40862170: 0xa5a5a5a5 0xa5a5a5a5 0x408621ac 0x4082cea2 0xa5a5a5a5 0xa5a5a5a5 0xa5a5a5a5 0xa5a50030
40862190: 0x30383034 0x64303831 0x00000000 0x4083b8a0 0x40862190 0x4083b8bc 0x4086218c 0x726f6261
408621b0: 0x20292874 0x20736177 0x6c6c6163 0x61206465 0x43502074 0x34783020 0x31303830 0x20643038
408621d0: 0x63206e6f 0x2065726f 0x00000030 0x40820000 0x00000004 0x4084d0a8 0x40862f58 0x40801810
408621f0: 0x00000004 0x40850390 0x4084e8bc 0x00000000 0x42007074 0x4083912c 0x00000000 0x4084e8bc
40862210: 0x00000000 0x40862f00 0x40850338 0x4084cf14 0x42134378 0x42134378 0x40862f58 0x40801a8e
40862230: 0x40839200 0x4084c25c 0x4084e8c9 0x4084d0a8 0x408623f4 0x00000000 0x00000001 0x4002814c
40862250: 0x42134378 0x42134378 0x40862f58 0x4003bf14 0x4084e8bc 0x4084c25c 0x0000000d 0x42009b4e
40862270: 0x0000000d 0x40862f58 0x4084cf14 0x4003071e 0x00000000 0x00000000 0x00000001 0x400281a0
40862290: 0x40862f58 0x4004e20c 0x4084cf14 0x400307b2 0x00000004 0x4084d0a8 0x4084d0a8 0x408252a0
408622b0: 0x00000000 0x00000000 0x4084d0a8 0x408258ee 0x00000000 0x3fe00000 0x40850338 0x00000000
408622d0: 0x00000000 0x3fc00000 0x00000000 0x00000003 0x408623f4 0x00000000 0x42134454 0x408626b4
408622f0: 0x42134453 0x40862f00 0x4084d0a8 0x40825a94 0x42134453 0x00000001 0x00000001 0x400281a0
40862310: 0x42134453 0x00000001 0x00000001 0x4003ca9c 0x4084e8bc 0x00000073 0x00000000 0x42134453
40862330: 0x00000000 0x00000000 0x00000000 0x00000000 0x00000000 0x0000000d 0x00000001 0x00000003
40862350: 0x00000000 0x4004e20c 0x00000000 0x00000000 0x00000000 0x00000000 0xffffffff 0x7fefffff
40862370: 0x00000000 0x3fe00000 0x4084cf14 0x4003071e 0x00000000 0x3fc00000 0x00000000 0x40300000
40862390: 0x40862f58 0x00000000 0x4084cf14 0x400307b2 0x00000004 0x4084d0a8 0x4084d0a8 0x40862778
408623b0: 0xa5a5a5a5 0x00000000 0x4084d0a8 0x00000001 0x00000000 0x00000000 0x00000000 0x00000000
408623d0: 0x00000000 0x00000001 0x0000002d 0x00000001 0x408623ec 0x00000000 0x00000000 0x42134453
408623f0: 0x00000001 0x42134444 0x00000003 0x40825a94 0x42134be2 0x00000003 0x00000005 0x400281a0
40862410: 0x42134be2 0x00000003 0x00000005 0x4003ca9c 0xa5a5a5a5 0x00000064 0x00000005 0x42134be2
40862430: 0x00000000 0x00000000 0x00000000 0x00000000 0x00000000 0x0000003b 0x00000001 0x00000001
40862450: 0x00000000 0x4004e20c 0x00000000 0x00000000 0x4084f8f0 0x00000000 0xffffffff 0x7fefffff
40862470: 0x00000000 0x3fe00000 0x00000000 0x4213499e 0x00000000 0x3fc00000 0x32000000 0x38383035
40862490: 0xffffffff 0x66ea8f72 0xdea57c10 0x20dfa96a 0xa092258d 0x23641190 0x06277367 0x40862888
408624b0: 0x2cc5584a 0x00b02f02 0x6e2f3e28 0x00000003 0x00000000 0x00000002 0xa0af17c2 0x8a2dab9d
408624d0: 0x3e981d6e 0x40862620 0x015415e2 0x3d81fd84 0x408624ec 0x00000000 0x00000000 0x42134be2
408624f0: 0x00000005 0x4086258f 0x00000001 0x61d42a3c 0xe5d0db5f 0x40862858 0x40862510 0x40862848
40862510: 0x42134444 0x00000000 0x00000000 0x00000000 0x42134388 0x00000000 0x00000000 0x00000000
40862530: 0x0000a82c 0x00000000 0x00000000 0x00000000 0x00006200 0x00000000 0x00000000 0x00000000
40862550: 0x0000a82c 0x00000000 0x00000000 0x00000000 0x00006200 0x00000000 0x00000000 0x00000000



ELF file SHA256: 2d6f8184e4248ade

Rebooting...
ESP-ROM:esp32c6-20220919
Build:Sep 19 2022
rst:0xc (SW_CPU),boot:0x3f (SPI_FAST_FLASH_BOOT)
Saved PC:0x4001975a
SPIWP:0xee
mode:DIO, clock div:2
load:0x40875730,len:0x16f4
load:0x4086b910,len:0xed0
load:0x4086e610,len:0x3198
entry 0x4086b91a
I (22) boot: ESP-IDF v5.5.3 2nd stage bootloader
I (22) boot: compile time Aug 28 2026 21:17:15
I (23) boot: chip revision: v0.2
I (24) boot: efuse block revision: v0.3
I (25) boot.esp32c6: SPI Speed      : 80MHz
I (29) boot.esp32c6: SPI Mode       : DIO
I (33) boot.esp32c6: SPI Flash Size : 16MB
I (37) boot: Enabling RNG early entropy source...
I (42) boot: Partition Table:
I (44) boot: ## Label            Usage          Type ST Offset   Length
I (50) boot:  0 nvs              WiFi data        01 02 00009000 00006000
I (57) boot:  1 phy_init         RF data          01 01 0000f000 00001000
I (63) boot:  2 factory          factory app      00 00 00010000 00600000
I (70) boot:  3 storage          Unknown data     01 82 00610000 00300000
I (77) boot: End of partition table
I (80) esp_image: segment 0: paddr=00010020 vaddr=42130020 size=86978h (551288) map
I (291) esp_image: segment 1: paddr=000969a0 vaddr=40800000 size=09678h ( 38520) load
I (309) esp_image: segment 2: paddr=000a0020 vaddr=42000020 size=12bee0h (1228512) map
I (764) esp_image: segment 3: paddr=001cbf08 vaddr=40809678 size=33608h (210440) load
I (880) boot: Loaded app from partition at offset 0x10000
I (881) boot: Disabling RNG early entropy source...
[0;32mI (891) cpu_start: Unicore app[0m
[0;32mI (900) cpu_start: GPIO 17 and 16 are used as console UART I/O pins[0m
[0;32mI (901) cpu_start: Pro cpu start user code[0m
[0;32mI (901) cpu_start: cpu freq: 160000000 Hz[0m
[0;32mI (905) app_init: Application information:[0m
[0;32mI (910) app_init: Project name:     Clare_C6[0m
[0;32mI (915) app_init: App version:      3e09a44-dirty[0m
[0;32mI (921) app_init: Compile time:     Aug 28 2026 21:17:23[0m
[0;32mI (927) app_init: ELF file SHA256:  2d6f8184e4248ade...[0m
[0;32mI (932) app_init: ESP-IDF:          v5.5.3[0m
[0;32mI (937) efuse_init: Min chip rev:     v0.0[0m
[0;32mI (942) efuse_init: Max chip rev:     v0.99 [0m
[0;32mI (947) efuse_init: Chip rev:         v0.2[0m
[0;32mI (952) heap_init: Initializing. RAM available for dynamic allocation:[0m
[0;32mI (959) heap_init: At 4084C560 len 000300B0 (192 KiB): RAM[0m
[0;32mI (965) heap_init: At 4087C610 len 00002F54 (11 KiB): RAM[0m
[0;32mI (971) heap_init: At 50000000 len 00003FE8 (15 KiB): RTCRAM[0m
[0;32mI (978) spi_flash: detected chip: generic[0m
[0;32mI (982) spi_flash: flash io: dio[0m
[0;32mI (987) sleep_gpio: Configure to isolate all GPIO pins in sleep state[0m
[0;32mI (993) sleep_gpio: Enable automatic switching of GPIO sleep configuration[0m
[0;32mI (1012) main_task: Started on CPU0[0m
[0;32mI (1016) main_task: Calling app_main()[0m
[0;32mI (1020) clare_c6: Clare C6 starting[0m
[0;32mI (1035) axp2101: Init PMU SUCCESS![0m
[0;32mI (1041) DisplayPort: SPI BUS init[0m
[0;32mI (1041) DisplayPort: Install panel IO[0m
[0;32mI (1042) sh8601: LCD panel create success, version: 1.0.0[0m
[0;33mW (1945) sh8601: The 3Ah command has been used and will be overwritten by external initialization sequence[0m
[0;33mW (1945) sh8601: The 36h command has been used and will be overwritten by external initialization sequence[0m
[0;32mI (2129) CST9217: Checkcode: 0x204ECACA[0m
[0;32mI (2131) CST9217: Resolution X: 480, Y: 480[0m
[0;32mI (2133) CST9217: Chip Type: 0x9220, ProjectID: 0x542F[0m
[0;32mI (2133) esp_lvgl:adapter: LVGL adapter initialized successfully[0m
[0;32mI (2143) esp_lvgl:touch: Touch input device registered successfully (IRQ mode: enabled)[0m
[0;32mI (2151) esp_lvgl:adapter: LVGL task started successfully[0m
i2c: {sda: 8, scl: 7}
i2s: {mclk: 19, bclk: 20, ws: 22, din: 21, dout: 23}
out: {codec: ES8311, pa: -1, pa_gain: 6, use_mclk: 1, pa_gain: 6}
Codec 0 dir 2 type:1
in: {codec: ES7210}
Codec 1 dir 1 type:2
[0;32mI (2173) CODEC_INIT: in:1 out:1 port: 1[0m
[0;32mI (2177) CODEC_INIT: Success to int i2c: 0[0m
[0;32mI (2184) CODEC_INIT: Init i2s 0 type: 3 mclk:19 bclk:20 ws:22 din:21 dout:23[0m
[0;32mI (2190) CODEC_INIT: tx:0x4087e708 rx:0x4087e8c4[0m
[0;33mW (2195) i2s_tdm: the current mclk multiple is too small, adjust the mclk multiple to 384[0m
[0;32mI (2204) CODEC_INIT: output init tdm ret 0[0m
[0;33mW (2209) i2s_tdm: the current mclk multiple is too small, adjust the mclk multiple to 384[0m
[0;32mI (2218) CODEC_INIT: Input init tdm ret 0[0m
[0;32mI (2222) CODEC_INIT: Init i2s 0 ok[0m
[0;32mI (2226) CODEC_INIT: Success to init i2s: 0[0m
[0;32mI (2231) CODEC_INIT: Success to int i2c: 0[0m
[0;32mI (2236) CODEC_INIT: Success to init i2s: 0[0m
[0;32mI (2241) CODEC_INIT: Get out handle 0x4087e708 port 0[0m
[0;32mI (2251) ES8311: Work in Slave mode[0m
[0;32mI (2257) ES7210: Work in Slave mode[0m
[0;32mI (2263) ES7210: Enable ES7210_INPUT_MIC1[0m
[0;32mI (2266) ES7210: Enable ES7210_INPUT_MIC2[0m
[0;32mI (2269) ES7210: Enable ES7210_INPUT_MIC3[0m
[0;32mI (2272) ES7210: Enable ES7210_INPUT_MIC4[0m
[0;32mI (2276) ES7210: Enable TDM mode[0m
[0;32mI (2284) I2S_IF: channel mode 2 bits:16/16 channel:2 mask:3[0m
[0;32mI (2285) I2S_IF: TDM Mode 1 bits:16/16 channel:2 sample_rate:16000 mask:3[0m
[0;32mI (2305) Adev_Codec: Open codec device OK[0m
[0;32mI (2306) I2S_IF: channel mode 2 bits:16/16 channel:2 mask:3[0m
[0;32mI (2306) I2S_IF: TDM Mode 0 bits:16/16 channel:2 sample_rate:16000 mask:3[0m
[0;32mI (2314) ES7210: Bits 8[0m
[0;32mI (2323) ES7210: Enable ES7210_INPUT_MIC1[0m
[0;32mI (2325) ES7210: Enable ES7210_INPUT_MIC2[0m
[0;32mI (2328) ES7210: Enable ES7210_INPUT_MIC3[0m
[0;32mI (2333) ES7210: Enable ES7210_INPUT_MIC4[0m
[0;32mI (2338) ES7210: Enable TDM mode[0m
[0;32mI (2344) ES7210: Unmuted[0m
[0;32mI (2344) Adev_Codec: Open codec device OK[0m
[0;32mI (2346) Adev_Codec: Input already open[0m
[0;32mI (2351) Adev_Codec: Input already open[0m
[0;32mI (2371) clare_audio: ALC ready: 16000 Hz mono PCM16, gain 6 dB[0m
[0;32mI (2556) pp: pp rom version: 5b8dcfa[0m
[0;32mI (2557) net80211: net80211 rom version: 5b8dcfa[0m
I (2558) wifi:wifi driver task: 40867bd0, prio:23, stack:6656, core=0
I (2567) wifi:wifi firmware version: 4df78f2
I (2568) wifi:wifi certification version: v7.0
I (2569) wifi:config NVS flash: enabled
I (2573) wifi:config nano formatting: disabled
I (2577) wifi:mac_version:HAL_MAC_ESP32AX_761,ut_version:N, band mode:0x1
I (2584) wifi:Init data frame dynamic rx buffer num: 16
I (2589) wifi:Init static rx mgmt buffer num: 5
I (2593) wifi:Init management short buffer num: 32
I (2597) wifi:Init static tx buffer num: 16
I (2601) wifi:Init static tx FG buffer num: 2
I (2605) wifi:Init static rx buffer size: 1700 (rxctrl:92, csi:512)
I (2611) wifi:Init static rx buffer num: 10
I (2615) wifi:Init dynamic rx buffer num: 16
[0;32mI (2620) wifi_init: rx ba win: 6[0m
[0;32mI (2623) wifi_init: accept mbox: 6[0m
[0;32mI (2627) wifi_init: tcpip mbox: 32[0m
[0;32mI (2631) wifi_init: udp mbox: 6[0m
[0;32mI (2635) wifi_init: tcp mbox: 6[0m
[0;32mI (2639) wifi_init: tcp tx win: 5760[0m
[0;32mI (2643) wifi_init: tcp rx win: 5760[0m
[0;32mI (2647) wifi_init: tcp mss: 1240[0m
[0;32mI (2651) wifi_init: WiFi IRAM OP enabled[0m
[0;32mI (2656) wifi_init: WiFi RX IRAM OP enabled[0m
[0;32mI (2661) wifi_init: WiFi SLP IRAM OP enabled[0m
W (2666) wifi:Password length matches WPA2 standards, authmode threshold changes from OPEN to WPA2
[0;32mI (2675) phy_init: phy_version 343,b513b46,Nov 14 2025,16:34:12[0m
W (2744) wifi:ACK_TAB0   :0x   90a0b, QAM16:0x9 (24Mbps), QPSK:0xa (12Mbps), BPSK:0xb (6Mbps)
W (2744) wifi:CTS_TAB0   :0x   90a0b, QAM16:0x9 (24Mbps), QPSK:0xa (12Mbps), BPSK:0xb (6Mbps)
W (2749) wifi:(agc)0x600a7128:0xd21d5a88, min.avgNF:0xce->0xd2(dB), RCalCount:0x1d5, min.RRssi:0xa88(-87.50)
I (2759) wifi:11ax coex: WDEVAX_PTI0(0x55777555), WDEVAX_PTI1(0x00003377).

I (2766) wifi:mode : sta (20:6e:f1:16:e0:a4)
I (2770) wifi:enable tsf
I (2781) wifi:new:<11,0>, old:<1,0>, ap:<255,255>, sta:<11,0>, prof:1, snd_ch_cfg:0x0
I (2782) wifi:(connect)dot11_authmode:0x3, pairwise_cipher:0x3, group_cipher:0x1
I (2787) wifi:state: init -> auth (0xb0)
[0;32mI (2802) clare_net: Wi-Fi protocols limited to 11b/g/n mask=0x07[0m
I (2802) wifi:Set ps type: 0, coexist: 0

[0;32mI (2803) clare_c6: Clare UI ready; touch the Clare tile[0m
[0;32mI (2807) main_task: Returned from app_main()[0m
I (2822) wifi:state: auth -> assoc (0x0)
I (2828) wifi:(assoc)RESP, Extended Capabilities length:8, operating_mode_notification:0
I (2828) wifi:(assoc)RESP, Extended Capabilities, MBSSID:0, TWT Responder:0, OBSS Narrow Bandwidth RU In OFDMA Tolerance:0
I (2836) wifi:Extended Capabilities length:8, operating_mode_notification:1
I (2843) wifi:state: assoc -> run (0x10)
I (2846) wifi:(trc)phytype:CBW20-SGI, snr:33, maxRate:144, highestRateIdx:0
W (2853) wifi:(trc)band:2G, phymode:3, highestRateIdx:0, lowestRateIdx:11, dataSchedTableSize:14
I (2861) wifi:(trc)band:2G, rate(L-MCS6, rateIdx:2), ampdu(rate:L-MCS6, schedIdx(2, stop:8)), snr:33, ampduState:wait operational
I (2873) wifi:ifidx:0, rssi:-63, nf:-96, phytype(0x3, CBW20-SGI), phymode(0x3, 11bgn), max_rate:144, he:0, vht:0, ht:1
I (2883) wifi:(ht)max.RxAMPDULenExponent:3(65535 bytes), MMSS:6(8 us)
I (2943) wifi:connected with ZKY-GYLWLAP, aid = 3, channel 11, BW20, bssid = 02:55:b1:c6:fa:2e
I (2943) wifi:security: WPA2-PSK, phy:bgn, rssi:-63, cipher(pairwise:0x3, group:0x1), pmf:0, 
I (2950) wifi:pm start, type: 0, twt_start:0

I (2953) wifi:pm start, type:0, aid:0x3, trans-BSSID:02:55:b1:c6:fa:2e, BSSID[5]:0x2e, mbssid(max-indicator:0, index:0), he:0
I (2964) wifi:dp: 1, bi: 102400, li: 3, scale listen interval from 307200 us to 307200 us
I (2972) wifi:set rx beacon pti, rx_bcn_pti: 10, bcn_timeout: 25000, mt_pti: 10, mt_time: 10000
I (2981) wifi:[ADDBA]TX addba request, tid:0, dialogtoken:1, bufsize:64, A-MSDU:0(not supported), policy:1(IMR), ssn:0(0x0)
I (2991) wifi:[ADDBA]TX addba request, tid:7, dialogtoken:2, bufsize:64, A-MSDU:0(not supported), policy:1(IMR), ssn:0(0x20)
I (3002) wifi:[ADDBA]TX addba request, tid:5, dialogtoken:3, bufsize:64, A-MSDU:0(not supported), policy:1(IMR), ssn:0(0x0)
I (3013) wifi:dp: 2, bi: 102400, li: 4, scale listen interval from 307200 us to 409600 us
I (3021) wifi:AP's beacon interval = 102400 us, DTIM period = 2
I (3028) wifi:[ADDBA]RX addba response, status:0, tid:0/tb:1(0xa1), bufsize:64, batimeout:0, txa_wnd:8
I (3036) wifi:[ADDBA]RX addba response, status:0, tid:7/tb:1(0xa1), bufsize:64, batimeout:0, txa_wnd:8
I (3045) wifi:[ADDBA]RX addba response, status:0, tid:5/tb:1(0xa1), bufsize:64, batimeout:0, txa_wnd:8
W (3073) wifi:<ba-add>idx:0, ifx:0, tid:0, TAHI:0x1002efa, TALO:0xc6b15502, (ssn:0, win:64, cur_ssn:0), CONF:0xc0000005
W (3118) wifi:<ba-add>idx:1, ifx:0, tid:6, TAHI:0x1002efa, TALO:0xc6b15502, (ssn:2, win:64, cur_ssn:2), CONF:0xc0006005
[0;32mI (4081) esp_netif_handlers: sta ip: 192.168.238.118, mask: 255.255.240.0, gw: 192.168.235.1[0m
[0;32mI (4081) clare_net: DHCP DNS main=223.5.5.5[0m
[0;32mI (10803) clare_c6: Boot network self-test begin[0m
[0;32mI (10818) clare_c6: probe dns ip=104.21.35.182[0m
[0;32mI (10819) clare_c6: probe dns rc=0[0m
[0;32mI (10819) clare_c6: probe socket fd=54 errno=0[0m
[0;32mI (11023) clare_c6: probe connect rc=0 errno=0[0m
[0;31mE (11230) esp-tls-mbedtls: No server verification option set in esp_tls_cfg_t structure. Check esp_tls API reference[0m
[0;31mE (11230) esp-tls-mbedtls: Failed to set client configurations, returned [0x8017] (ESP_ERR_MBEDTLS_SSL_SETUP_FAILED)[0m
[0;31mE (11242) esp-tls: create_ssl_handle failed[0m
[0;31mE (11246) esp-tls: Failed to open new connection[0m
[0;32mI (11251) clare_c6: probe esp-tls rc=-1 last=0x0 flags=0x0[0m
[0;32mI (11259) clare_net: Create session URL ready=1[0m
[0;32mI (11263) clare_net: HTTP before init free8=43052 largest8=25088 free_internal=43052 largest_internal=25088[0m
HM BEGIN PRE

abort() was called at PC 0x4080180d on core 0
Core  0 register dump:
MEPC    : 0x40824f0c  RA      : 0x40824ed0  SP      : 0x40862170  GP      : 0x408396a4  
TP      : 0x40862ef0  T0      : 0x37363534  T1      : 0x7271706f  T2      : 0x33323130  
S0/FP   : 0x408621ac  S1      : 0x408621ac  A0      : 0x408621ac  A1      : 0x4086218e  
A2      : 0x00000000  A3      : 0x4084c000  A4      : 0x00000001  A5      : 0x4084c000  
A6      : 0x00000000  A7      : 0x76757473  S2      : 0x40862190  S3      : 0xffffffff  
S4      : 0x40862f58  S5      : 0x4084faac  S6      : 0x4084c000  S7      : 0x42134000  
S8      : 0x0000a82c  S9      : 0x00000000  S10     : 0x00000000  S11     : 0x00000000  
T3      : 0x6e6d6c6b  T4      : 0x6a696867  T5      : 0x66656463  T6      : 0x62613938  
MSTATUS : 0x00001881  MTVEC   : 0x40800001  MCAUSE  : 0x00000002  MTVAL   : 0x00000000  
MHARTID : 0x00000000  

Stack memory:
40862170: 0xa5a5a5a5 0xa5a5a5a5 0x408621ac 0x4082cea2 0xa5a5a5a5 0xa5a5a5a5 0xa5a5a5a5 0xa5a50030
40862190: 0x30383034 0x64303831 0x00000000 0x4083b8a0 0x40862190 0x4083b8bc 0x4086218c 0x726f6261
408621b0: 0x20292874 0x20736177 0x6c6c6163 0x61206465 0x43502074 0x34783020 0x31303830 0x20643038
408621d0: 0x63206e6f 0x2065726f 0x00000030 0x40820000 0x00000004 0x4084d0a8 0x40862f58 0x40801810
408621f0: 0x00000004 0x40850390 0x4084e8bc 0x00000000 0x42007074 0x4083912c 0x00000000 0x4084e8bc
40862210: 0x00000000 0x40862f00 0x40850338 0x4084cf14 0x42134378 0x42134378 0x40862f58 0x40801a8e
40862230: 0x40839200 0x4084c25c 0x4084e8c9 0x4084d0a8 0x408623f4 0x00000000 0x00000001 0x4002814c
40862250: 0x42134378 0x42134378 0x40862f58 0x4003bf14 0x4084e8bc 0x4084c25c 0x0000000d 0x42009b4e
40862270: 0x0000000d 0x40862f58 0x4084cf14 0x4003071e 0x00000000 0x00000000 0x00000001 0x400281a0
40862290: 0x40862f58 0x4004e20c 0x4084cf14 0x400307b2 0x00000004 0x4084d0a8 0x4084d0a8 0x408252a0
408622b0: 0x00000000 0x00000000 0x4084d0a8 0x408258ee 0x00000000 0x3fe00000 0x40850338 0x00000000
408622d0: 0x00000000 0x3fc00000 0x00000000 0x00000003 0x408623f4 0x00000000 0x42134454 0x408626b4
408622f0: 0x42134453 0x40862f00 0x4084d0a8 0x40825a94 0x42134453 0x00000001 0x00000001 0x400281a0
40862310: 0x42134453 0x00000001 0x00000001 0x4003ca9c 0x4084e8bc 0x00000073 0x00000000 0x42134453
40862330: 0x00000000 0x00000000 0x00000000 0x00000000 0x00000000 0x0000000d 0x00000001 0x00000003
40862350: 0x00000000 0x4004e20c 0x00000000 0x00000000 0x00000000 0x00000000 0xffffffff 0x7fefffff
40862370: 0x00000000 0x3fe00000 0x4084cf14 0x4003071e 0x00000000 0x3fc00000 0x00000000 0x40300000
40862390: 0x40862f58 0x00000000 0x4084cf14 0x400307b2 0x00000004 0x4084d0a8 0x4084d0a8 0x40862778
408623b0: 0xa5a5a5a5 0x00000000 0x4084d0a8 0x00000001 0x00000000 0x00000000 0x00000000 0x00000000
408623d0: 0x00000000 0x00000001 0x0000002d 0x00000001 0x408623ec 0x00000000 0x00000000 0x42134453
408623f0: 0x00000001 0x42134444 0x00000003 0x40825a94 0x42134be2 0x00000003 0x00000005 0x400281a0
40862410: 0x42134be2 0x00000003 0x00000005 0x4003ca9c 0xa5a5a5a5 0x00000064 0x00000005 0x42134be2
40862430: 0x00000000 0x00000000 0x00000000 0x00000000 0x00000000 0x0000003b 0x00000001 0x00000001
40862450: 0x00000000 0x4004e20c 0x00000000 0x00000000 0x4084f708 0x00000000 0xffffffff 0x7fefffff
40862470: 0x00000000 0x3fe00000 0x00000000 0x4213499e 0x00000000 0x3fc00000 0x32000000 0x38383035
40862490: 0xffffffff 0xa5a5a5a5 0xa5a5a5a5 0xa5a5a5a5 0xa5a5a5a5 0xa5a5a5a5 0xa5a5a5a5 0x40862888
408624b0: 0xa5a5a5a5 0x00a5a5a5 0xa5a5a5a5 0x00000003 0x00000000 0xa5a5a5a5 0xa5a5a5a5 0xa5a5a5a5
408624d0: 0xa5a5a5a5 0xa5a5a5a5 0xa5a5a5a5 0xa5a5a5a5 0x408624ec 0x00000000 0x00000000 0x42134be2
408624f0: 0x00000005 0x4086258f 0x00000001 0x95fb60af 0x21c03b9b 0x40862858 0x40862510 0x40862848
40862510: 0x42134444 0x00000000 0x00000000 0x00000000 0x42134388 0x00000000 0x00000000 0x00000000
40862530: 0x0000a82c 0x00000000 0x00000000 0x00000000 0x00006200 0x00000000 0x00000000 0x00000000
40862550: 0x0000a82c 0x00000000 0x00000000 0x00000000 0x00006200 0x00000000 0x00000000 0x00000000



ELF file SHA256: 2d6f8184e4248ade

Rebooting...
ESP-ROM:esp32c6-20220919
Build:Sep 19 2022
rst:0xc (SW_CPU),boot:0x3f (SPI_FAST_FLASH_BOOT)
Saved PC:0x4001975a
SPIWP:0xee
mode:DIO, clock div:2
load:0x40875730,len:0x16f4
load:0x4086b910,len:0xed0
load:0x4086e610,len:0x3198
entry 0x4086b91a
I (22) boot: ESP-IDF v5.5.3 2nd stage bootloader
I (22) boot: compile time Aug 28 2026 21:17:15
I (24) boot: chip revision: v0.2
I (24) boot: efuse block revision: v0.3
I (25) boot.esp32c6: SPI Speed      : 80MHz
I (29) boot.esp32c6: SPI Mode       : DIO
I (33) boot.esp32c6: SPI Flash Size : 16MB
I (37) boot: Enabling RNG early entropy source...
I (42) boot: Partition Table:
I (44) boot: ## Label            Usage          Type ST Offset   Length
I (50) boot:  0 nvs              WiFi data        01 02 00009000 00006000
I (57) boot:  1 phy_init         RF data          01 01 0000f000 00001000
I (63) boot:  2 factory          factory app      00 00 00010000 00600000
I (70) boot:  3 storage          Unknown data     01 82 00610000 00300000
I (77) boot: End of partition table
I (80) esp_image: segment 0: paddr=00010020 vaddr=42130020 size=86978h (551288) map
I (291) esp_image: segment 1: paddr=000969a0 vaddr=40800000 size=09678h ( 38520) load
I (309) esp_image: segment 2: paddr=000a0020 vaddr=42000020 size=12bee0h (1228512) map
I (764) esp_image: segment 3: paddr=001cbf08 vaddr=40809678 size=33608h (210440) load
I (880) boot: Loaded app from partition at offset 0x10000
I (881) boot: Disabling RNG early entropy source...
[0;32mI (891) cpu_start: Unicore app[0m
[0;32mI (900) cpu_start: GPIO 17 and 16 are used as console UART I/O pins[0m
[0;32mI (901) cpu_start: Pro cpu start user code[0m
[0;32mI (901) cpu_start: cpu freq: 160000000 Hz[0m
[0;32mI (905) app_init: Application information:[0m
[0;32mI (910) app_init: Project name:     Clare_C6[0m
[0;32mI (915) app_init: App version:      3e09a44-dirty[0m
[0;32mI (921) app_init: Compile time:     Aug 28 2026 21:17:23[0m
[0;32mI (927) app_init: ELF file SHA256:  2d6f8184e4248ade...[0m
[0;32mI (932) app_init: ESP-IDF:          v5.5.3[0m
[0;32mI (937) efuse_init: Min chip rev:     v0.0[0m
[0;32mI (942) efuse_init: Max chip rev:     v0.99 [0m
[0;32mI (947) efuse_init: Chip rev:         v0.2[0m
[0;32mI (952) heap_init: Initializing. RAM available for dynamic allocation:[0m
[0;32mI (959) heap_init: At 4084C560 len 000300B0 (192 KiB): RAM[0m
[0;32mI (965) heap_init: At 4087C610 len 00002F54 (11 KiB): RAM[0m
[0;32mI (971) heap_init: At 50000000 len 00003FE8 (15 KiB): RTCRAM[0m
[0;32mI (978) spi_flash: detected chip: generic[0m
[0;32mI (982) spi_flash: flash io: dio[0m
[0;32mI (987) sleep_gpio: Configure to isolate all GPIO pins in sleep state[0m
[0;32mI (993) sleep_gpio: Enable automatic switching of GPIO sleep configuration[0m
[0;32mI (1012) main_task: Started on CPU0[0m
[0;32mI (1016) main_task: Calling app_main()[0m
[0;32mI (1020) clare_c6: Clare C6 starting[0m
[0;32mI (1035) axp2101: Init PMU SUCCESS![0m
[0;32mI (1041) DisplayPort: SPI BUS init[0m
[0;32mI (1041) DisplayPort: Install panel IO[0m
[0;32mI (1042) sh8601: LCD panel create success, version: 1.0.0[0m
[0;33mW (1945) sh8601: The 3Ah command has been used and will be overwritten by external initialization sequence[0m
[0;33mW (1945) sh8601: The 36h command has been used and will be overwritten by external initialization sequence[0m
[0;32mI (2129) CST9217: Checkcode: 0x204ECACA[0m
[0;32mI (2131) CST9217: Resolution X: 480, Y: 480[0m
[0;32mI (2133) CST9217: Chip Type: 0x9220, ProjectID: 0x542F[0m
[0;32mI (2133) esp_lvgl:adapter: LVGL adapter initialized successfully[0m
[0;32mI (2143) esp_lvgl:touch: Touch input device registered successfully (IRQ mode: enabled)[0m
[0;32mI (2151) esp_lvgl:adapter: LVGL task started successfully[0m
i2c: {sda: 8, scl: 7}
i2s: {mclk: 19, bclk: 20, ws: 22, din: 21, dout: 23}
out: {codec: ES8311, pa: -1, pa_gain: 6, use_mclk: 1, pa_gain: 6}
Codec 0 dir 2 type:1
in: {codec: ES7210}
Codec 1 dir 1 type:2
[0;32mI (2173) CODEC_INIT: in:1 out:1 port: 1[0m
[0;32mI (2177) CODEC_INIT: Success to int i2c: 0[0m
[0;32mI (2184) CODEC_INIT: Init i2s 0 type: 3 mclk:19 bclk:20 ws:22 din:21 dout:23[0m
[0;32mI (2190) CODEC_INIT: tx:0x4087e708 rx:0x4087e8c4[0m
[0;33mW (2195) i2s_tdm: the current mclk multiple is too small, adjust the mclk multiple to 384[0m
[0;32mI (2204) CODEC_INIT: output init tdm ret 0[0m
[0;33mW (2209) i2s_tdm: the current mclk multiple is too small, adjust the mclk multiple to 384[0m
[0;32mI (2218) CODEC_INIT: Input init tdm ret 0[0m
[0;32mI (2222) CODEC_INIT: Init i2s 0 ok[0m
[0;32mI (2226) CODEC_INIT: Success to init i2s: 0[0m
[0;32mI (2231) CODEC_INIT: Success to int i2c: 0[0m
[0;32mI (2236) CODEC_INIT: Success to init i2s: 0[0m
[0;32mI (2241) CODEC_INIT: Get out handle 0x4087e708 port 0[0m
[0;32mI (2251) ES8311: Work in Slave mode[0m
[0;32mI (2257) ES7210: Work in Slave mode[0m
[0;32mI (2264) ES7210: Enable ES7210_INPUT_MIC1[0m
[0;32mI (2266) ES7210: Enable ES7210_INPUT_MIC2[0m
[0;32mI (2269) ES7210: Enable ES7210_INPUT_MIC3[0m
[0;32mI (2272) ES7210: Enable ES7210_INPUT_MIC4[0m
[0;32mI (2276) ES7210: Enable TDM mode[0m
[0;32mI (2284) I2S_IF: channel mode 2 bits:16/16 channel:2 mask:3[0m
[0;32mI (2285) I2S_IF: TDM Mode 1 bits:16/16 channel:2 sample_rate:16000 mask:3[0m
[0;32mI (2305) Adev_Codec: Open codec device OK[0m
[0;32mI (2306) I2S_IF: channel mode 2 bits:16/16 channel:2 mask:3[0m
[0;32mI (2306) I2S_IF: TDM Mode 0 bits:16/16 channel:2 sample_rate:16000 mask:3[0m
[0;32mI (2314) ES7210: Bits 8[0m
[0;32mI (2323) ES7210: Enable ES7210_INPUT_MIC1[0m
[0;32mI (2325) ES7210: Enable ES7210_INPUT_MIC2[0m
[0;32mI (2328) ES7210: Enable ES7210_INPUT_MIC3[0m
[0;32mI (2333) ES7210: Enable ES7210_INPUT_MIC4[0m
[0;32mI (2338) ES7210: Enable TDM mode[0m
[0;32mI (2344) ES7210: Unmuted[0m
[0;32mI (2344) Adev_Codec: Open codec device OK[0m
[0;32mI (2346) Adev_Codec: Input already open[0m
[0;32mI (2351) Adev_Codec: Input already open[0m
[0;32mI (2371) clare_audio: ALC ready: 16000 Hz mono PCM16, gain 6 dB[0m
[0;32mI (2556) pp: pp rom version: 5b8dcfa[0m
[0;32mI (2557) net80211: net80211 rom version: 5b8dcfa[0m
I (2558) wifi:wifi driver task: 40867bd0, prio:23, stack:6656, core=0
I (2567) wifi:wifi firmware version: 4df78f2
I (2568) wifi:wifi certification version: v7.0
I (2569) wifi:config NVS flash: enabled
I (2573) wifi:config nano formatting: disabled
I (2577) wifi:mac_version:HAL_MAC_ESP32AX_761,ut_version:N, band mode:0x1
I (2584) wifi:Init data frame dynamic rx buffer num: 16
I (2589) wifi:Init static rx mgmt buffer num: 5
I (2593) wifi:Init management short buffer num: 32
I (2597) wifi:Init static tx buffer num: 16
I (2601) wifi:Init static tx FG buffer num: 2
I (2605) wifi:Init static rx buffer size: 1700 (rxctrl:92, csi:512)
I (2611) wifi:Init static rx buffer num: 10
I (2615) wifi:Init dynamic rx buffer num: 16
[0;32mI (2620) wifi_init: rx ba win: 6[0m
[0;32mI (2623) wifi_init: accept mbox: 6[0m
[0;32mI (2627) wifi_init: tcpip mbox: 32[0m
[0;32mI (2631) wifi_init: udp mbox: 6[0m
[0;32mI (2635) wifi_init: tcp mbox: 6[0m
[0;32mI (2639) wifi_init: tcp tx win: 5760[0m
[0;32mI (2643) wifi_init: tcp rx win: 5760[0m
[0;32mI (2647) wifi_init: tcp mss: 1240[0m
[0;32mI (2651) wifi_init: WiFi IRAM OP enabled[0m
[0;32mI (2656) wifi_init: WiFi RX IRAM OP enabled[0m
[0;32mI (2661) wifi_init: WiFi SLP IRAM OP enabled[0m
W (2666) wifi:Password length matches WPA2 standards, authmode threshold changes from OPEN to WPA2
[0;32mI (2675) phy_init: phy_version 343,b513b46,Nov 14 2025,16:34:12[0m
W (2743) wifi:ACK_TAB0   :0x   90a0b, QAM16:0x9 (24Mbps), QPSK:0xa (12Mbps), BPSK:0xb (6Mbps)
W (2743) wifi:CTS_TAB0   :0x   90a0b, QAM16:0x9 (24Mbps), QPSK:0xa (12Mbps), BPSK:0xb (6Mbps)
W (2749) wifi:(agc)0x600a7128:0xd215ca94, min.avgNF:0xce->0xd2(dB), RCalCount:0x15c, min.RRssi:0xa94(-86.75)
I (2759) wifi:11ax coex: WDEVAX_PTI0(0x55777555), WDEVAX_PTI1(0x00003377).

I (2765) wifi:mode : sta (20:6e:f1:16:e0:a4)
I (2769) wifi:enable tsf
I (2780) wifi:new:<11,0>, old:<1,0>, ap:<255,255>, sta:<11,0>, prof:1, snd_ch_cfg:0x0
I (2781) wifi:(connect)dot11_authmode:0x3, pairwise_cipher:0x3, group_cipher:0x1
I (2786) wifi:state: init -> auth (0xb0)
[0;32mI (2801) clare_net: Wi-Fi protocols limited to 11b/g/n mask=0x07[0m
I (2801) wifi:Set ps type: 0, coexist: 0

[0;32mI (2802) clare_c6: Clare UI ready; touch the Clare tile[0m
[0;32mI (2807) main_task: Returned from app_main()[0m
I (2824) wifi:state: auth -> assoc (0x0)
I (2830) wifi:(assoc)RESP, Extended Capabilities length:8, operating_mode_notification:0
I (2830) wifi:(assoc)RESP, Extended Capabilities, MBSSID:0, TWT Responder:0, OBSS Narrow Bandwidth RU In OFDMA Tolerance:0
I (2838) wifi:Extended Capabilities length:8, operating_mode_notification:1
I (2845) wifi:state: assoc -> run (0x10)
I (2848) wifi:(trc)phytype:CBW20-SGI, snr:32, maxRate:144, highestRateIdx:0
W (2855) wifi:(trc)band:2G, phymode:3, highestRateIdx:0, lowestRateIdx:11, dataSchedTableSize:14
I (2863) wifi:(trc)band:2G, rate(L-MCS6, rateIdx:2), ampdu(rate:L-MCS6, schedIdx(2, stop:8)), snr:32, ampduState:wait operational
I (2874) wifi:ifidx:0, rssi:-64, nf:-96, phytype(0x3, CBW20-SGI), phymode(0x3, 11bgn), max_rate:144, he:0, vht:0, ht:1
I (2885) wifi:(ht)max.RxAMPDULenExponent:3(65535 bytes), MMSS:6(8 us)
I (2925) wifi:connected with ZKY-GYLWLAP, aid = 3, channel 11, BW20, bssid = 02:55:b1:c6:fa:2e
I (2926) wifi:security: WPA2-PSK, phy:bgn, rssi:-64, cipher(pairwise:0x3, group:0x1), pmf:0, 
I (2933) wifi:pm start, type: 0, twt_start:0

I (2935) wifi:pm start, type:0, aid:0x3, trans-BSSID:02:55:b1:c6:fa:2e, BSSID[5]:0x2e, mbssid(max-indicator:0, index:0), he:0
I (2946) wifi:dp: 1, bi: 102400, li: 3, scale listen interval from 307200 us to 307200 us
I (2954) wifi:set rx beacon pti, rx_bcn_pti: 10, bcn_timeout: 25000, mt_pti: 10, mt_time: 10000
I (2963) wifi:[ADDBA]TX addba request, tid:0, dialogtoken:1, bufsize:64, A-MSDU:0(not supported), policy:1(IMR), ssn:0(0x0)
I (2974) wifi:[ADDBA]TX addba request, tid:7, dialogtoken:2, bufsize:64, A-MSDU:0(not supported), policy:1(IMR), ssn:0(0x20)
I (2985) wifi:[ADDBA]TX addba request, tid:5, dialogtoken:3, bufsize:64, A-MSDU:0(not supported), policy:1(IMR), ssn:0(0x0)
I (2996) wifi:dp: 2, bi: 102400, li: 4, scale listen interval from 307200 us to 409600 us
I (3003) wifi:AP's beacon interval = 102400 us, DTIM period = 2
I (3010) wifi:[ADDBA]RX addba response, status:0, tid:0/tb:1(0xa1), bufsize:64, batimeout:0, txa_wnd:8
I (3018) wifi:[ADDBA]RX addba response, status:0, tid:7/tb:1(0xa1), bufsize:64, batimeout:0, txa_wnd:8
I (3027) wifi:[ADDBA]RX addba response, status:0, tid:5/tb:1(0xa1), bufsize:64, batimeout:0, txa_wnd:8
W (3046) wifi:<ba-add>idx:0, ifx:0, tid:0, TAHI:0x1002efa, TALO:0xc6b15502, (ssn:0, win:64, cur_ssn:0), CONF:0xc0000005
[0;32mI (4056) esp_netif_handlers: sta ip: 192.168.238.118, mask: 255.255.240.0, gw: 192.168.235.1[0m
[0;32mI (4056) clare_net: DHCP DNS main=223.5.5.5[0m
[0;32mI (10802) clare_c6: Boot network self-test begin[0m
W (10820) wifi:<ba-add>idx:1, ifx:0, tid:6, TAHI:0x1002efa, TALO:0xc6b15502, (ssn:2, win:64, cur_ssn:2), CONF:0xc0006005
[0;32mI (10834) clare_c6: probe dns ip=104.21.35.182[0m
[0;32mI (10835) clare_c6: probe dns rc=0[0m
[0;32mI (10835) clare_c6: probe socket fd=54 errno=0[0m
[0;32mI (11036) clare_c6: probe connect rc=0 errno=0[0m
[0;31mE (11244) esp-tls-mbedtls: No server verification option set in esp_tls_cfg_t structure. Check esp_tls API reference[0m
[0;31mE (11245) esp-tls-mbedtls: Failed to set client configurations, returned [0x8017] (ESP_ERR_MBEDTLS_SSL_SETUP_FAILED)[0m
[0;31mE (11256) esp-tls: create_ssl_handle failed[0m
[0;31mE (11260) esp-tls: Failed to open new connection[0m
[0;32mI (11266) clare_c6: probe esp-tls rc=-1 last=0x0 flags=0x0[0m
[0;32mI (11273) clare_net: Create session URL ready=1[0m
[0;32mI (11277) clare_net: HTTP before init free8=43056 largest8=25088 free_internal=43056 largest_internal=25088[0m
HM BEGIN PRE

abort() was called at PC 0x4080180d on core 0
Core  0 register dump:
MEPC    : 0x40824f0c  RA      : 0x40824ed0  SP      : 0x40862170  GP      : 0x408396a4  
TP      : 0x40862ef0  T0      : 0x37363534  T1      : 0x7271706f  T2      : 0x33323130  
S0/FP   : 0x408621ac  S1      : 0x408621ac  A0      : 0x408621ac  A1      : 0x4086218e  
A2      : 0x00000000  A3      : 0x4084c000  A4      : 0x00000001  A5      : 0x4084c000  
A6      : 0x00000000  A7      : 0x76757473  S2      : 0x40862190  S3      : 0xffffffff  
S4      : 0x40862f58  S5      : 0x4084ef40  S6      : 0x4084c000  S7      : 0x42134000  
S8      : 0x0000a830  S9      : 0x00000000  S10     : 0x00000000  S11     : 0x00000000  
T3      : 0x6e6d6c6b  T4      : 0x6a696867  T5      : 0x66656463  T6      : 0x62613938  
MSTATUS : 0x00001881  MTVEC   : 0x40800001  MCAUSE  : 0x00000002  MTVAL   : 0x00000000  
MHARTID : 0x00000000  

Stack memory:
40862170: 0xa5a5a5a5 0xa5a5a5a5 0x408621ac 0x4082cea2 0xa5a5a5a5 0xa5a5a5a5 0xa5a5a5a5 0xa5a50030
40862190: 0x30383034 0x64303831 0x00000000 0x4083b8a0 0x40862190 0x4083b8bc 0x4086218c 0x726f6261
408621b0: 0x20292874 0x20736177 0x6c6c6163 0x61206465 0x43502074 0x34783020 0x31303830 0x20643038
408621d0: 0x63206e6f 0x2065726f 0x00000030 0x40820000 0x00000004 0x4084d0a8 0x40862f58 0x40801810
408621f0: 0x00000004 0x40850390 0x4084e8bc 0x00000000 0x42007074 0x4083912c 0x00000000 0x4084e8bc
40862210: 0x00000000 0x40862f00 0x40850338 0x4084cf14 0x42134378 0x42134378 0x40862f58 0x40801a8e
40862230: 0x40839200 0x4084c25c 0x4084e8c9 0x4084d0a8 0x408623f4 0x00000000 0x00000001 0x4002814c
40862250: 0x42134378 0x42134378 0x40862f58 0x4003bf14 0x4084e8bc 0x4084c25c 0x0000000d 0x42009b4e
40862270: 0x0000000d 0x40862f58 0x4084cf14 0x4003071e 0x00000000 0x00000000 0x00000001 0x400281a0
40862290: 0x40862f58 0x4004e20c 0x4084cf14 0x400307b2 0x00000004 0x4084d0a8 0x4084d0a8 0x408252a0
408622b0: 0x00000000 0x00000000 0x4084d0a8 0x408258ee 0x00000000 0x3fe00000 0x0000a000 0x00000000
408622d0: 0x00000000 0x3fc00000 0x00000000 0x00000003 0x408623f4 0x00000000 0x42134454 0x408626b4
408622f0: 0x42134453 0x40862f00 0x4084d0a8 0x40825a94 0x42134453 0x00000001 0x00000001 0x400281a0
40862310: 0x42134453 0x00000001 0x00000001 0x4003ca9c 0x4084e8bc 0x00000073 0x00000000 0x42134453
40862330: 0x00000000 0x00000000 0x00000000 0x00000000 0x00000000 0x0000000d 0x00000001 0x00000003
40862350: 0x00000000 0x4004e20c 0x00000000 0x00000000 0x00000000 0x00000000 0xffffffff 0x7fefffff
40862370: 0x00000000 0x3fe00000 0x4084cf14 0x4003071e 0x00000000 0x3fc00000 0x00000000 0x40300000
40862390: 0x40862f58 0x00000000 0x4084cf14 0x400307b2 0x00000004 0x4084d0a8 0x4084d0a8 0x40862778
408623b0: 0xa5a5a5a5 0x00000000 0x4084d0a8 0x00000001 0x00000000 0x00000000 0x00000000 0x00000000
408623d0: 0x00000000 0x00000001 0x0000002d 0x00000001 0x408623ec 0x00000000 0x00000000 0x42134453
408623f0: 0x00000001 0x42134444 0x00000003 0x40825a94 0x42134be2 0x00000003 0x00000005 0x400281a0
40862410: 0x42134be2 0x00000003 0x00000005 0x4003ca9c 0xa5a5a5a5 0x00000064 0x00000005 0x42134be2
40862430: 0x00000000 0x00000000 0x00000000 0x00000000 0x00000000 0x0000003b 0x00000001 0x00000001
40862450: 0x00000000 0x4004e20c 0x00000000 0x00000000 0x4084f754 0x00000000 0xffffffff 0x7fefffff
40862470: 0x00000000 0x3fe00000 0x00000000 0x4213499e 0x00000000 0x3fc00000 0x32000000 0x38383035
40862490: 0xffffffff 0x00000006 0x38c81424 0xd3cde931 0x00000001 0x3116c47b 0xfbc3d35b 0x40862888
408624b0: 0x94e6fa44 0x002420b6 0x57814e93 0x00000003 0x00000000 0x5be061a1 0x924a737d 0x3cde9310
408624d0: 0xf8186850 0x40862520 0x128c2724 0x33535b40 0x408624ec 0x00000000 0x00000000 0x42134be2
408624f0: 0x00000005 0x4086258f 0x00000001 0x99e8ba64 0xf45dcbce 0x40862858 0x40862510 0x40862848
40862510: 0x42134444 0x00000000 0x00000000 0x00000000 0x42134388 0x00000000 0x00000000 0x00000000
40862530: 0x0000a830 0x00000000 0x00000000 0x00000000 0x00006200 0x00000000 0x00000000 0x00000000
40862550: 0x0000a830 0x00000000 0x00000000 0x00000000 0x00006200 0x00000000 0x00000000 0x00000000



ELF file SHA256: 2d6f8184e4248ade

Rebooting...
ESP-ROM:esp32c6-20220919
Build:Sep 19 2022
rst:0xc (SW_CPU),boot:0x3f (SPI_FAST_FLASH_BOOT)
Saved PC:0x4001975a
SPIWP:0xee
mode:DIO, clock div:2
load:0x40875730,len:0x16f4
load:0x4086b910,len:0xed0
load:0x4086e610,len:0x3198
entry 0x4086b91a
I (22) boot: ESP-IDF v5.5.3 2nd stage bootloader
I (22) boot: compile time Aug 28 2026 21:17:15
I (24) boot: chip revision: v0.2
I (24) boot: efuse block revision: v0.3
I (25) boot.esp32c6: SPI Speed      : 80MHz
I (29) boot.esp32c6: SPI Mode       : DIO
I (33) boot.esp32c6: SPI Flash Size : 16MB
I (37) boot: Enabling RNG early entropy source...
I (42) boot: Partition Table:
I (44) boot: ## Label            Usage          Type ST Offset   Length
I (50) boot:  0 nvs              WiFi data        01 02 00009000 00006000
I (57) boot:  1 phy_init         RF data          01 01 0000f000 00001000
I (63) boot:  2 factory          factory app      00 00 00010000 00600000
I (70) boot:  3 storage          Unknown data     01 82 00610000 00300000
I (77) boot: End of partition table
I (80) esp_image: segment 0: paddr=00010020 vaddr=42130020 size=86978h (551288) map
I (291) esp_image: segment 1: paddr=000969a0 vaddr=40800000 size=09678h ( 38520) load
I (309) esp_image: segment 2: paddr=000a0020 vaddr=42000020 size=12bee0h (1228512) map
I (764) esp_image: segment 3: paddr=001cbf08 vaddr=40809678 size=33608h (210440) load
I (880) boot: Loaded app from partition at offset 0x10000
I (881) boot: Disabling RNG early entropy source...
[0;32mI (891) cpu_start: Unicore app[0m
[0;32mI (900) cpu_start: GPIO 17 and 16 are used as console UART I/O pins[0m
[0;32mI (901) cpu_start: Pro cpu start user code[0m
[0;32mI (901) cpu_start: cpu freq: 160000000 Hz[0m
[0;32mI (905) app_init: Application information:[0m
[0;32mI (910) app_init: Project name:     Clare_C6[0m
[0;32mI (915) app_init: App version:      3e09a44-dirty[0m
[0;32mI (921) app_init: Compile time:     Aug 28 2026 21:17:23[0m
[0;32mI (927) app_init: ELF file SHA256:  2d6f8184e4248ade...[0m
[0;32mI (932) app_init: ESP-IDF:          v5.5.3[0m
[0;32mI (937) efuse_init: Min chip rev:     v0.0[0m
[0;32mI (942) efuse_init: Max chip rev:     v0.99 [0m
[0;32mI (947) efuse_init: Chip rev:         v0.2[0m
[0;32mI (952) heap_init: Initializing. RAM available for dynamic allocation:[0m
[0;32mI (959) heap_init: At 4084C560 len 000300B0 (192 KiB): RAM[0m
[0;32mI (965) heap_init: At 4087C610 len 00002F54 (11 KiB): RAM[0m
[0;32mI (971) heap_init: At 50000000 len 00003FE8 (15 KiB): RTCRAM[0m
[0;32mI (978) spi_flash: detected chip: generic[0m
[0;32mI (982) spi_flash: flash io: dio[0m
[0;32mI (987) sleep_gpio: Configure to isolate all GPIO pins in sleep state[0m
[0;32mI (993) sleep_gpio: Enable automatic switching of GPIO sleep configuration[0m
[0;32mI (1012) main_task: Started on CPU0[0m
[0;32mI (1016) main_task: Calling app_main()[0m
[0;32mI (1020) clare_c6: Clare C6 starting[0m
[0;32mI (1035) axp2101: Init PMU SUCCESS![0m
[0;32mI (1041) DisplayPort: SPI BUS init[0m
[0;32mI (1041) DisplayPort: Install panel IO[0m
[0;32mI (1042) sh8601: LCD panel create success, version: 1.0.0[0m
[0;33mW (1945) sh8601: The 3Ah command has been used and will be overwritten by external initialization sequence[0m
[0;33mW (1945) sh8601: The 36h command has been used and will be overwritten by external initialization sequence[0m
[0;32mI (2129) CST9217: Checkcode: 0x204ECACA[0m
[0;32mI (2131) CST9217: Resolution X: 480, Y: 480[0m
[0;32mI (2133) CST9217: Chip Type: 0x9220, ProjectID: 0x542F[0m
[0;32mI (2133) esp_lvgl:adapter: LVGL adapter initialized successfully[0m
[0;32mI (2143) esp_lvgl:touch: Touch input device registered successfully (IRQ mode: enabled)[0m
[0;32mI (2151) esp_lvgl:adapter: LVGL task started successfully[0m
i2c: {sda: 8, scl: 7}
i2s: {mclk: 19, bclk: 20, ws: 22, din: 21, dout: 23}
out: {codec: ES8311, pa: -1, pa_gain: 6, use_mclk: 1, pa_gain: 6}
Codec 0 dir 2 type:1
in: {codec: ES7210}
Codec 1 dir 1 type:2
[0;32mI (2173) CODEC_INIT: in:1 out:1 port: 1[0m
[0;32mI (2177) CODEC_INIT: Success to int i2c: 0[0m
[0;32mI (2184) CODEC_INIT: Init i2s 0 type: 3 mclk:19 bclk:20 ws:22 din:21 dout:23[0m
[0;32mI (2190) CODEC_INIT: tx:0x4087e708 rx:0x4087e8c4[0m
[0;33mW (2195) i2s_tdm: the current mclk multiple is too small, adjust the mclk multiple to 384[0m
[0;32mI (2204) CODEC_INIT: output init tdm ret 0[0m
[0;33mW (2209) i2s_tdm: the current mclk multiple is too small, adjust the mclk multiple to 384[0m
[0;32mI (2218) CODEC_INIT: Input init tdm ret 0[0m
[0;32mI (2222) CODEC_INIT: Init i2s 0 ok[0m
[0;32mI (2226) CODEC_INIT: Success to init i2s: 0[0m
[0;32mI (2231) CODEC_INIT: Success to int i2c: 0[0m
[0;32mI (2236) CODEC_INIT: Success to init i2s: 0[0m
[0;32mI (2241) CODEC_INIT: Get out handle 0x4087e708 port 0[0m
[0;32mI (2251) ES8311: Work in Slave mode[0m
[0;32mI (2257) ES7210: Work in Slave mode[0m
[0;32mI (2263) ES7210: Enable ES7210_INPUT_MIC1[0m
[0;32mI (2266) ES7210: Enable ES7210_INPUT_MIC2[0m
[0;32mI (2269) ES7210: Enable ES7210_INPUT_MIC3[0m
[0;32mI (2272) ES7210: Enable ES7210_INPUT_MIC4[0m
[0;32mI (2276) ES7210: Enable TDM mode[0m
[0;32mI (2284) I2S_IF: channel mode 2 bits:16/16 channel:2 mask:3[0m
[0;32mI (2285) I2S_IF: TDM Mode 1 bits:16/16 channel:2 sample_rate:16000 mask:3[0m
[0;32mI (2305) Adev_Codec: Open codec device OK[0m
[0;32mI (2306) I2S_IF: channel mode 2 bits:16/16 channel:2 mask:3[0m
[0;32mI (2306) I2S_IF: TDM Mode 0 bits:16/16 channel:2 sample_rate:16000 mask:3[0m
[0;32mI (2314) ES7210: Bits 8[0m
[0;32mI (2323) ES7210: Enable ES7210_INPUT_MIC1[0m
[0;32mI (2325) ES7210: Enable ES7210_INPUT_MIC2[0m
[0;32mI (2328) ES7210: Enable ES7210_INPUT_MIC3[0m
[0;32mI (2333) ES7210: Enable ES7210_INPUT_MIC4[0m
[0;32mI (2338) ES7210: Enable TDM mode[0m
[0;32mI (2344) ES7210: Unmuted[0m
[0;32mI (2344) Adev_Codec: Open codec device OK[0m
[0;32mI (2346) Adev_Codec: Input already open[0m
[0;32mI (2351) Adev_Codec: Input already open[0m
[0;32mI (2371) clare_audio: ALC ready: 16000 Hz mono PCM16, gain 6 dB[0m
[0;32mI (2556) pp: pp rom version: 5b8dcfa[0m
[0;32mI (2557) net80211: net80211 rom version: 5b8dcfa[0m
I (2558) wifi:wifi driver task: 40867bd0, prio:23, stack:6656, core=0
I (2567) wifi:wifi firmware version: 4df78f2
I (2567) wifi:wifi certification version: v7.0
I (2569) wifi:config NVS flash: enabled
I (2573) wifi:config nano formatting: disabled
I (2577) wifi:mac_version:HAL_MAC_ESP32AX_761,ut_version:N, band mode:0x1
I (2584) wifi:Init data frame dynamic rx buffer num: 16
I (2588) wifi:Init static rx mgmt buffer num: 5
I (2593) wifi:Init management short buffer num: 32
I (2597) wifi:Init static tx buffer num: 16
I (2601) wifi:Init static tx FG buffer num: 2
I (2605) wifi:Init static rx buffer size: 1700 (rxctrl:92, csi:512)
I (2611) wifi:Init static rx buffer num: 10
I (2615) wifi:Init dynamic rx buffer num: 16
[0;32mI (2620) wifi_init: rx ba win: 6[0m
[0;32mI (2623) wifi_init: accept mbox: 6[0m
[0;32mI (2627) wifi_init: tcpip mbox: 32[0m
[0;32mI (2631) wifi_init: udp mbox: 6[0m
[0;32mI (2635) wifi_init: tcp mbox: 6[0m
[0;32mI (2639) wifi_init: tcp tx win: 5760[0m
[0;32mI (2643) wifi_init: tcp rx win: 5760[0m
[0;32mI (2647) wifi_init: tcp mss: 1240[0m
[0;32mI (2651) wifi_init: WiFi IRAM OP enabled[0m
[0;32mI (2656) wifi_init: WiFi RX IRAM OP enabled[0m
[0;32mI (2661) wifi_init: WiFi SLP IRAM OP enabled[0m
W (2666) wifi:Password length matches WPA2 standards, authmode threshold changes from OPEN to WPA2
[0;32mI (2675) phy_init: phy_version 343,b513b46,Nov 14 2025,16:34:12[0m
W (2743) wifi:ACK_TAB0   :0x   90a0b, QAM16:0x9 (24Mbps), QPSK:0xa (12Mbps), BPSK:0xb (6Mbps)
W (2743) wifi:CTS_TAB0   :0x   90a0b, QAM16:0x9 (24Mbps), QPSK:0xa (12Mbps), BPSK:0xb (6Mbps)
W (2748) wifi:(agc)0x600a7128:0xd21eaa98, min.avgNF:0xce->0xd2(dB), RCalCount:0x1ea, min.RRssi:0xa98(-86.50)
I (2758) wifi:11ax coex: WDEVAX_PTI0(0x55777555), WDEVAX_PTI1(0x00003377).

I (2765) wifi:mode : sta (20:6e:f1:16:e0:a4)
I (2769) wifi:enable tsf
I (2780) wifi:new:<11,0>, old:<1,0>, ap:<255,255>, sta:<11,0>, prof:1, snd_ch_cfg:0x0
I (2781) wifi:(connect)dot11_authmode:0x3, pairwise_cipher:0x3, group_cipher:0x1
I (2786) wifi:state: init -> auth (0xb0)
[0;32mI (2801) clare_net: Wi-Fi protocols limited to 11b/g/n mask=0x07[0m
I (2801) wifi:Set ps type: 0, coexist: 0

[0;32mI (2802) clare_c6: Clare UI ready; touch the Clare tile[0m
[0;32mI (2806) main_task: Returned from app_main()[0m
I (2814) wifi:state: auth -> assoc (0x0)
I (2839) wifi:(assoc)RESP, Extended Capabilities length:8, operating_mode_notification:0
I (2839) wifi:(assoc)RESP, Extended Capabilities, MBSSID:0, TWT Responder:0, OBSS Narrow Bandwidth RU In OFDMA Tolerance:0
I (2847) wifi:Extended Capabilities length:8, operating_mode_notification:1
I (2854) wifi:state: assoc -> run (0x10)
I (2857) wifi:(trc)phytype:CBW20-SGI, snr:30, maxRate:144, highestRateIdx:0
W (2864) wifi:(trc)band:2G, phymode:3, highestRateIdx:0, lowestRateIdx:11, dataSchedTableSize:14
I (2872) wifi:(trc)band:2G, rate(L-MCS6, rateIdx:2), ampdu(rate:L-MCS6, schedIdx(2, stop:8)), snr:30, ampduState:wait operational
I (2884) wifi:ifidx:0, rssi:-66, nf:-96, phytype(0x3, CBW20-SGI), phymode(0x3, 11bgn), max_rate:144, he:0, vht:0, ht:1
I (2894) wifi:(ht)max.RxAMPDULenExponent:3(65535 bytes), MMSS:6(8 us)
I (2944) wifi:connected with ZKY-GYLWLAP, aid = 3, channel 11, BW20, bssid = 02:55:b1:c6:fa:2e
I (2945) wifi:security: WPA2-PSK, phy:bgn, rssi:-66, cipher(pairwise:0x3, group:0x1), pmf:0, 
I (2951) wifi:pm start, type: 0, twt_start:0

I (2954) wifi:pm start, type:0, aid:0x3, trans-BSSID:02:55:b1:c6:fa:2e, BSSID[5]:0x2e, mbssid(max-indicator:0, index:0), he:0
I (2965) wifi:dp: 1, bi: 102400, li: 3, scale listen interval from 307200 us to 307200 us
I (2973) wifi:set rx beacon pti, rx_bcn_pti: 10, bcn_timeout: 25000, mt_pti: 10, mt_time: 10000
I (2982) wifi:[ADDBA]TX addba request, tid:0, dialogtoken:1, bufsize:64, A-MSDU:0(not supported), policy:1(IMR), ssn:0(0x0)
I (2992) wifi:[ADDBA]TX addba request, tid:7, dialogtoken:2, bufsize:64, A-MSDU:0(not supported), policy:1(IMR), ssn:0(0x20)
I (3003) wifi:[ADDBA]TX addba request, tid:5, dialogtoken:3, bufsize:64, A-MSDU:0(not supported), policy:1(IMR), ssn:0(0x0)
I (3014) wifi:dp: 2, bi: 102400, li: 4, scale listen interval from 307200 us to 409600 us
I (3022) wifi:AP's beacon interval = 102400 us, DTIM period = 2
I (3029) wifi:[ADDBA]RX addba response, status:0, tid:0/tb:1(0xa1), bufsize:64, batimeout:0, txa_wnd:8
I (3037) wifi:[ADDBA]RX addba response, status:0, tid:7/tb:1(0xa1), bufsize:64, batimeout:0, txa_wnd:8
I (3046) wifi:[ADDBA]RX addba response, status:0, tid:5/tb:1(0xa1), bufsize:64, batimeout:0, txa_wnd:8
W (3074) wifi:<ba-add>idx:0, ifx:0, tid:0, TAHI:0x1002efa, TALO:0xc6b15502, (ssn:0, win:64, cur_ssn:0), CONF:0xc0000005
[0;32mI (4082) esp_netif_handlers: sta ip: 192.168.238.118, mask: 255.255.240.0, gw: 192.168.235.1[0m
[0;32mI (4082) clare_net: DHCP DNS main=223.5.5.5[0m
[0;32mI (10802) clare_c6: Boot network self-test begin[0m
W (10816) wifi:<ba-add>idx:1, ifx:0, tid:6, TAHI:0x1002efa, TALO:0xc6b15502, (ssn:2, win:64, cur_ssn:2), CONF:0xc0006005
[0;32mI (10818) clare_c6: probe dns ip=104.21.35.182[0m
[0;32mI (10821) clare_c6: probe dns rc=0[0m
[0;32mI (10825) clare_c6: probe socket fd=54 errno=0[0m
[0;32mI (11064) clare_c6: probe connect rc=0 errno=0[0m
[0;31mE (11281) esp-tls-mbedtls: No server verification option set in esp_tls_cfg_t structure. Check esp_tls API reference[0m
[0;31mE (11282) esp-tls-mbedtls: Failed to set client configurations, returned [0x8017] (ESP_ERR_MBEDTLS_SSL_SETUP_FAILED)[0m
[0;31mE (11293) esp-tls: create_ssl_handle failed[0m
[0;31mE (11298) esp-tls: Failed to open new connection[0m
[0;32mI (11303) clare_c6: probe esp-tls rc=-1 last=0x0 flags=0x0[0m
[0;32mI (11310) clare_net: Create session URL ready=1[0m
[0;32mI (11314) clare_net: HTTP before init free8=43056 largest8=25088 free_internal=43056 largest_internal=25088[0m
HM BEGIN PRE

abort() was called at PC 0x4080180d on core 0
Core  0 register dump:
MEPC    : 0x40824f0c  RA      : 0x40824ed0  SP      : 0x40862170  GP      : 0x408396a4  
TP      : 0x40862ef0  T0      : 0x37363534  T1      : 0x7271706f  T2      : 0x33323130  
S0/FP   : 0x408621ac  S1      : 0x408621ac  A0      : 0x408621ac  A1      : 0x4086218e  
A2      : 0x00000000  A3      : 0x4084c000  A4      : 0x00000001  A5      : 0x4084c000  
A6      : 0x00000000  A7      : 0x76757473  S2      : 0x40862190  S3      : 0xffffffff  
S4      : 0x40862f58  S5      : 0x4084ef40  S6      : 0x4084c000  S7      : 0x42134000  
S8      : 0x0000a830  S9      : 0x00000000  S10     : 0x00000000  S11     : 0x00000000  
T3      : 0x6e6d6c6b  T4      : 0x6a696867  T5      : 0x66656463  T6      : 0x62613938  
MSTATUS : 0x00001881  MTVEC   : 0x40800001  MCAUSE  : 0x00000002  MTVAL   : 0x00000000  
MHARTID : 0x00000000  

Stack memory:
40862170: 0xa5a5a5a5 0xa5a5a5a5 0x408621ac 0x4082cea2 0xa5a5a5a5 0xa5a5a5a5 0xa5a5a5a5 0xa5a50030
40862190: 0x30383034 0x64303831 0x00000000 0x4083b8a0 0x40862190 0x4083b8bc 0x4086218c 0x726f6261
408621b0: 0x20292874 0x20736177 0x6c6c6163 0x61206465 0x43502074 0x34783020 0x31303830 0x20643038
408621d0: 0x63206e6f 0x2065726f 0x00000030 0x40820000 0x00000004 0x4084d0a8 0x40862f58 0x40801810
408621f0: 0x00000004 0x40850390 0x4084e8bc 0x00000000 0x42007074 0x4083912c 0x00000000 0x4084e8bc
40862210: 0x00000000 0x40862f00 0x40850338 0x4084cf14 0x42134378 0x42134378 0x40862f58 0x40801a8e
40862230: 0x40839200 0x4084c25c 0x4084e8c9 0x4084d0a8 0x408623f4 0x00000000 0x00000001 0x4002814c
40862250: 0x42134378 0x42134378 0x40862f58 0x4003bf14 0x4084e8bc 0x4084c25c 0x0000000d 0x42009b4e
40862270: 0x0000000d 0x40862f58 0x4084cf14 0x4003071e 0x00000000 0x00000000 0x00000001 0x400281a0
40862290: 0x40862f58 0x4004e20c 0x4084cf14 0x400307b2 0x00000004 0x4084d0a8 0x4084d0a8 0x408252a0
408622b0: 0x00000000 0x00000000 0x4084d0a8 0x408258ee 0x00000000 0x3fe00000 0x00000000 0x00000000
408622d0: 0x00000000 0x3fc00000 0x00000000 0x00000003 0x408623f4 0x00000000 0x42134454 0x408626b4
408622f0: 0x42134453 0x40862f00 0x4084d0a8 0x40825a94 0x42134453 0x00000001 0x00000001 0x400281a0
40862310: 0x42134453 0x00000001 0x00000001 0x4003ca9c 0x4084e8bc 0x00000073 0x00000000 0x42134453
40862330: 0x00000000 0x00000000 0x00000000 0x00000000 0x00000000 0x0000000d 0x00000001 0x00000003
40862350: 0x00000000 0x4004e20c 0x00000000 0x00000000 0x00000000 0x00000000 0xffffffff 0x7fefffff
40862370: 0x00000000 0x3fe00000 0x4084cf14 0x4003071e 0x00000000 0x3fc00000 0x00000000 0x40300000
40862390: 0x40862f58 0x00000000 0x4084cf14 0x400307b2 0x00000004 0x4084d0a8 0x4084d0a8 0x40862778
408623b0: 0xa5a5a5a5 0x00000000 0x4084d0a8 0x00000001 0x00000000 0x00000000 0x00000000 0x00000000
408623d0: 0x00000000 0x00000001 0x0000002d 0x00000001 0x408623ec 0x00000000 0x00000000 0x42134453
408623f0: 0x00000001 0x42134444 0x00000003 0x40825a94 0x42134be2 0x00000003 0x00000005 0x400281a0
40862410: 0x42134be2 0x00000003 0x00000005 0x4003ca9c 0xa5a5a5a5 0x00000064 0x00000005 0x42134be2
40862430: 0x00000000 0x00000000 0x00000000 0x00000000 0x00000000 0x0000003b 0x00000001 0x00000001
40862450: 0x00000000 0x4004e20c 0x00000000 0x00000000 0x4084f754 0x00000000 0xffffffff 0x7fefffff
40862470: 0x00000000 0x3fe00000 0x00000000 0x4213499e 0x00000000 0x3fc00000 0x32000000 0x38383035
40862490: 0xffffffff 0xa5a5a5a5 0xa5a5a5a5 0xa5a5a5a5 0xa5a5a5a5 0xa5a5a5a5 0xa5a5a5a5 0x40862888
408624b0: 0xa5a5a5a5 0x00a5a5a5 0xa5a5a5a5 0x00000003 0x00000000 0xa5a5a5a5 0xa5a5a5a5 0xa5a5a5a5
408624d0: 0xa5a5a5a5 0xa5a5a5a5 0xa5a5a5a5 0xa5a5a5a5 0x408624ec 0x00000000 0x00000000 0x42134be2
408624f0: 0x00000005 0x4086258f 0x00000001 0x79f49364 0x6c193c15 0x40862858 0x40862510 0x40862848
40862510: 0x42134444 0x00000000 0x00000000 0x00000000 0x42134388 0x00000000 0x00000000 0x00000000
40862530: 0x0000a830 0x00000000 0x00000000 0x00000000 0x00006200 0x00000000 0x00000000 0x00000000
40862550: 0x0000a830 0x00000000 0x00000000 0x00000000 0x00006200 0x00000000 0x00000000 0x00000000



ELF file SHA256: 2d6f8184e4248ade

Rebooting...
ESP-ROM:esp32c6-20220919
Build:Sep 19 2022
rst:0xc (SW_CPU),boot:0x3f (SPI_FAST_FLASH_BOOT)
Saved PC:0x4001975a
SPIWP:0xee
mode:DIO, clock div:2
load:0x40875730,len:0x16f4
load:0x4086b910,len:0xed0
load:0x4086e610,len:0x3198
entry 0x4086b91a
I (22) boot: ESP-IDF v5.5.3 2nd stage bootloader
I (22) boot: compile time Aug 28 2026 21:17:15
I (24) boot: chip revision: v0.2
I (24) boot: efuse block revision: v0.3
I (25) boot.esp32c6: SPI Speed      : 80MHz
I (29) boot.esp32c6: SPI Mode       : DIO
I (33) boot.esp32c6: SPI Flash Size : 16MB
I (37) boot: Enabling RNG early entropy source...
I (42) boot: Partition Table:
I (44) boot: ## Label            Usage          Type ST Offset   Length
I (50) boot:  0 nvs              WiFi data        01 02 00009000 00006000
I (57) boot:  1 phy_init         RF data          01 01 0000f000 00001000
I (63) boot:  2 factory          factory app      00 00 00010000 00600000
I (70) boot:  3 storage          Unknown data     01 82 00610000 00300000
I (77) boot: End of partition table
I (80) esp_image: segment 0: paddr=00010020 vaddr=42130020 size=86978h (551288) map
I (291) esp_image: segment 1: paddr=000969a0 vaddr=40800000 size=09678h ( 38520) load
I (309) esp_image: segment 2: paddr=000a0020 vaddr=42000020 size=12bee0h (1228512) map
I (764) esp_image: segment 3: paddr=001cbf08 vaddr=40809678 size=33608h (210440) load
I (881) boot: Loaded app from partition at offset 0x10000
I (881) boot: Disabling RNG early entropy source...
[0;32mI (891) cpu_start: Unicore app[0m
[0;32mI (900) cpu_start: GPIO 17 and 16 are used as console UART I/O pins[0m
[0;32mI (901) cpu_start: Pro cpu start user code[0m
[0;32mI (901) cpu_start: cpu freq: 160000000 Hz[0m
[0;32mI (906) app_init: Application information:[0m
[0;32mI (910) app_init: Project name:     Clare_C6[0m
[0;32mI (915) app_init: App version:      3e09a44-dirty[0m
[0;32mI (921) app_init: Compile time:     Aug 28 2026 21:17:23[0m
[0;32mI (927) app_init: ELF file SHA256:  2d6f8184e4248ade...[0m
[0;32mI (933) app_init: ESP-IDF:          v5.5.3[0m
[0;32mI (937) efuse_init: Min chip rev:     v0.0[0m
[0;32mI (942) efuse_init: Max chip rev:     v0.99 [0m
[0;32mI (947) efuse_init: Chip rev:         v0.2[0m
[0;32mI (952) heap_init: Initializing. RAM available for dynamic allocation:[0m
[0;32mI (959) heap_init: At 4084C560 len 000300B0 (192 KiB): RAM[0m
[0;32mI (965) heap_init: At 4087C610 len 00002F54 (11 KiB): RAM[0m
[0;32mI (971) heap_init: At 50000000 len 00003FE8 (15 KiB): RTCRAM[0m
[0;32mI (978) spi_flash: detected chip: generic[0m
[0;32mI (982) spi_flash: flash io: dio[0m
[0;32mI (987) sleep_gpio: Configure to isolate all GPIO pins in sleep state[0m
[0;32mI (993) sleep_gpio: Enable automatic switching of GPIO sleep configuration[0m
[0;32mI (1012) main_task: Started on CPU0[0m
[0;32mI (1016) main_task: Calling app_main()[0m
[0;32mI (1020) clare_c6: Clare C6 starting[0m
[0;32mI (1035) axp2101: Init PMU SUCCESS![0m
[0;32mI (1041) DisplayPort: SPI BUS init[0m
[0;32mI (1041) DisplayPort: Install panel IO[0m
[0;32mI (1042) sh8601: LCD panel create success, version: 1.0.0[0m
[0;33mW (1945) sh8601: The 3Ah command has been used and will be overwritten by external initialization sequence[0m
[0;33mW (1945) sh8601: The 36h command has been used and will be overwritten by external initialization sequence[0m
[0;32mI (2129) CST9217: Checkcode: 0x204ECACA[0m
[0;32mI (2131) CST9217: Resolution X: 480, Y: 480[0m
[0;32mI (2133) CST9217: Chip Type: 0x9220, ProjectID: 0x542F[0m
[0;32mI (2133) esp_lvgl:adapter: LVGL adapter initialized successfully[0m
[0;32mI (2143) esp_lvgl:touch: Touch input device registered successfully (IRQ mode: enabled)[0m
[0;32mI (2151) esp_lvgl:adapter: LVGL task started successfully[0m
i2c: {sda: 8, scl: 7}
i2s: {mclk: 19, bclk: 20, ws: 22, din: 21, dout: 23}
out: {codec: ES8311, pa: -1, pa_gain: 6, use_mclk: 1, pa_gain: 6}
Codec 0 dir 2 type:1
in: {codec: ES7210}
Codec 1 dir 1 type:2
[0;32mI (2173) CODEC_INIT: in:1 out:1 port: 1[0m
[0;32mI (2177) CODEC_INIT: Success to int i2c: 0[0m
[0;32mI (2184) CODEC_INIT: Init i2s 0 type: 3 mclk:19 bclk:20 ws:22 din:21 dout:23[0m
[0;32mI (2190) CODEC_INIT: tx:0x4087e708 rx:0x4087e8c4[0m
[0;33mW (2195) i2s_tdm: the current mclk multiple is too small, adjust the mclk multiple to 384[0m
[0;32mI (2204) CODEC_INIT: output init tdm ret 0[0m
[0;33mW (2209) i2s_tdm: the current mclk multiple is too small, adjust the mclk multiple to 384[0m
[0;32mI (2218) CODEC_INIT: Input init tdm ret 0[0m
[0;32mI (2222) CODEC_INIT: Init i2s 0 ok[0m
[0;32mI (2226) CODEC_INIT: Success to init i2s: 0[0m
[0;32mI (2231) CODEC_INIT: Success to int i2c: 0[0m
[0;32mI (2236) CODEC_INIT: Success to init i2s: 0[0m
[0;32mI (2241) CODEC_INIT: Get out handle 0x4087e708 port 0[0m
[0;32mI (2251) ES8311: Work in Slave mode[0m
[0;32mI (2257) ES7210: Work in Slave mode[0m
[0;32mI (2263) ES7210: Enable ES7210_INPUT_MIC1[0m
[0;32mI (2266) ES7210: Enable ES7210_INPUT_MIC2[0m
[0;32mI (2269) ES7210: Enable ES7210_INPUT_MIC3[0m
[0;32mI (2272) ES7210: Enable ES7210_INPUT_MIC4[0m
[0;32mI (2276) ES7210: Enable TDM mode[0m
[0;32mI (2284) I2S_IF: channel mode 2 bits:16/16 channel:2 mask:3[0m
[0;32mI (2285) I2S_IF: TDM Mode 1 bits:16/16 channel:2 sample_rate:16000 mask:3[0m
[0;32mI (2305) Adev_Codec: Open codec device OK[0m
[0;32mI (2306) I2S_IF: channel mode 2 bits:16/16 channel:2 mask:3[0m
[0;32mI (2306) I2S_IF: TDM Mode 0 bits:16/16 channel:2 sample_rate:16000 mask:3[0m
[0;32mI (2314) ES7210: Bits 8[0m
[0;32mI (2323) ES7210: Enable ES7210_INPUT_MIC1[0m
[0;32mI (2325) ES7210: Enable ES7210_INPUT_MIC2[0m
[0;32mI (2328) ES7210: Enable ES7210_INPUT_MIC3[0m
[0;32mI (2333) ES7210: Enable ES7210_INPUT_MIC4[0m
[0;32mI (2338) ES7210: Enable TDM mode[0m
[0;32mI (2344) ES7210: Unmuted[0m
[0;32mI (2344) Adev_Codec: Open codec device OK[0m
[0;32mI (2346) Adev_Codec: Input already open[0m
[0;32mI (2351) Adev_Codec: Input already open[0m
[0;32mI (2371) clare_audio: ALC ready: 16000 Hz mono PCM16, gain 6 dB[0m
[0;32mI (2556) pp: pp rom version: 5b8dcfa[0m
[0;32mI (2557) net80211: net80211 rom version: 5b8dcfa[0m
I (2558) wifi:wifi driver task: 40867bd0, prio:23, stack:6656, core=0
I (2567) wifi:wifi firmware version: 4df78f2
I (2568) wifi:wifi certification version: v7.0
I (2569) wifi:config NVS flash: enabled
I (2573) wifi:config nano formatting: disabled
I (2577) wifi:mac_version:HAL_MAC_ESP32AX_761,ut_version:N, band mode:0x1
I (2584) wifi:Init data frame dynamic rx buffer num: 16
I (2588) wifi:Init static rx mgmt buffer num: 5
I (2593) wifi:Init management short buffer num: 32
I (2597) wifi:Init static tx buffer num: 16
I (2601) wifi:Init static tx FG buffer num: 2
I (2605) wifi:Init static rx buffer size: 1700 (rxctrl:92, csi:512)
I (2611) wifi:Init static rx buffer num: 10
I (2615) wifi:Init dynamic rx buffer num: 16
[0;32mI (2620) wifi_init: rx ba win: 6[0m
[0;32mI (2623) wifi_init: accept mbox: 6[0m
[0;32mI (2627) wifi_init: tcpip mbox: 32[0m
[0;32mI (2631) wifi_init: udp mbox: 6[0m
[0;32mI (2635) wifi_init: tcp mbox: 6[0m
[0;32mI (2639) wifi_init: tcp tx win: 5760[0m
[0;32mI (2643) wifi_init: tcp rx win: 5760[0m
[0;32mI (2647) wifi_init: tcp mss: 1240[0m
[0;32mI (2651) wifi_init: WiFi IRAM OP enabled[0m
[0;32mI (2656) wifi_init: WiFi RX IRAM OP enabled[0m
[0;32mI (2661) wifi_init: WiFi SLP IRAM OP enabled[0m
W (2666) wifi:Password length matches WPA2 standards, authmode threshold changes from OPEN to WPA2
[0;32mI (2675) phy_init: phy_version 343,b513b46,Nov 14 2025,16:34:12[0m
W (2744) wifi:ACK_TAB0   :0x   90a0b, QAM16:0x9 (24Mbps), QPSK:0xa (12Mbps), BPSK:0xb (6Mbps)
W (2745) wifi:CTS_TAB0   :0x   90a0b, QAM16:0x9 (24Mbps), QPSK:0xa (12Mbps), BPSK:0xb (6Mbps)
W (2750) wifi:(agc)0x600a7128:0xd21c3a96, min.avgNF:0xce->0xd2(dB), RCalCount:0x1c3, min.RRssi:0xa96(-86.62)
I (2760) wifi:11ax coex: WDEVAX_PTI0(0x55777555), WDEVAX_PTI1(0x00003377).

I (2766) wifi:mode : sta (20:6e:f1:16:e0:a4)
I (2770) wifi:enable tsf
I (2782) wifi:new:<11,0>, old:<1,0>, ap:<255,255>, sta:<11,0>, prof:1, snd_ch_cfg:0x0
I (2783) wifi:(connect)dot11_authmode:0x3, pairwise_cipher:0x3, group_cipher:0x1
I (2787) wifi:state: init -> auth (0xb0)
[0;32mI (2802) clare_net: Wi-Fi protocols limited to 11b/g/n mask=0x07[0m
I (2803) wifi:Set ps type: 0, coexist: 0

[0;32mI (2803) clare_c6: Clare UI ready; touch the Clare tile[0m
[0;32mI (2808) main_task: Returned from app_main()[0m
I (2813) wifi:state: auth -> assoc (0x0)
I (2839) wifi:(assoc)RESP, Extended Capabilities length:8, operating_mode_notification:0
I (2840) wifi:(assoc)RESP, Extended Capabilities, MBSSID:0, TWT Responder:0, OBSS Narrow Bandwidth RU In OFDMA Tolerance:0
I (2847) wifi:Extended Capabilities length:8, operating_mode_notification:1
I (2854) wifi:state: assoc -> run (0x10)
I (2858) wifi:(trc)phytype:CBW20-SGI, snr:22, maxRate:144, highestRateIdx:0
W (2864) wifi:(trc)band:2G, phymode:3, highestRateIdx:0, lowestRateIdx:11, dataSchedTableSize:14
I (2873) wifi:(trc)band:2G, rate(L-MCS4, rateIdx:4), ampdu(rate:L-MCS4, schedIdx(4, stop:8)), snr:22, ampduState:wait operational
I (2884) wifi:ifidx:0, rssi:-74, nf:-96, phytype(0x3, CBW20-SGI), phymode(0x3, 11bgn), max_rate:144, he:0, vht:0, ht:1
I (2895) wifi:(ht)max.RxAMPDULenExponent:3(65535 bytes), MMSS:6(8 us)
I (2927) wifi:connected with ZKY-GYLWLAP, aid = 3, channel 11, BW20, bssid = 02:55:b1:c6:fa:2e
I (2928) wifi:security: WPA2-PSK, phy:bgn, rssi:-74, cipher(pairwise:0x3, group:0x1), pmf:0, 
I (2934) wifi:pm start, type: 0, twt_start:0

I (2937) wifi:pm start, type:0, aid:0x3, trans-BSSID:02:55:b1:c6:fa:2e, BSSID[5]:0x2e, mbssid(max-indicator:0, index:0), he:0
I (2948) wifi:dp: 1, bi: 102400, li: 3, scale listen interval from 307200 us to 307200 us
I (2956) wifi:set rx beacon pti, rx_bcn_pti: 10, bcn_timeout: 25000, mt_pti: 10, mt_time: 10000
I (2965) wifi:[ADDBA]TX addba request, tid:0, dialogtoken:1, bufsize:64, A-MSDU:0(not supported), policy:1(IMR), ssn:0(0x0)
I (2976) wifi:[ADDBA]TX addba request, tid:7, dialogtoken:2, bufsize:64, A-MSDU:0(not supported), policy:1(IMR), ssn:0(0x20)
I (2986) wifi:[ADDBA]TX addba request, tid:5, dialogtoken:3, bufsize:64, A-MSDU:0(not supported), policy:1(IMR), ssn:0(0x0)
I (2999) wifi:[ADDBA]RX addba response, status:0, tid:0/tb:1(0xa1), bufsize:64, batimeout:0, txa_wnd:8
I (3006) wifi:[ADDBA]RX addba response, status:0, tid:7/tb:1(0xa1), bufsize:64, batimeout:0, txa_wnd:8
I (3015) wifi:[ADDBA]RX addba response, status:0, tid:5/tb:1(0xa1), bufsize:64, batimeout:0, txa_wnd:8
W (3024) wifi:<ba-add>idx:0, ifx:0, tid:0, TAHI:0x1002efa, TALO:0xc6b15502, (ssn:0, win:64, cur_ssn:0), CONF:0xc0000005
I (3035) wifi:dp: 2, bi: 102400, li: 4, scale listen interval from 307200 us to 409600 us
I (3043) wifi:AP's beacon interval = 102400 us, DTIM period = 2
W (3090) wifi:<ba-add>idx:1, ifx:0, tid:6, TAHI:0x1002efa, TALO:0xc6b15502, (ssn:2, win:64, cur_ssn:2), CONF:0xc0006005
[0;32mI (4815) esp_netif_handlers: sta ip: 192.168.238.118, mask: 255.255.240.0, gw: 192.168.235.1[0m
[0;32mI (4815) clare_net: DHCP DNS main=223.5.5.5[0m
[0;32mI (10803) clare_c6: Boot network self-test begin[0m
[0;32mI (10823) clare_c6: probe dns ip=104.21.35.182[0m
[0;32mI (10823) clare_c6: probe dns rc=0[0m
[0;32mI (10823) clare_c6: probe socket fd=54 errno=0[0m
[0;32mI (11033) clare_c6: probe connect rc=0 errno=0[0m
[0;31mE (11246) esp-tls-mbedtls: No server verification option set in esp_tls_cfg_t structure. Check esp_tls API reference[0m
[0;31mE (11247) esp-tls-mbedtls: Failed to set client configurations, returned [0x8017] (ESP_ERR_MBEDTLS_SSL_SETUP_FAILED)[0m
[0;31mE (11258) esp-tls: create_ssl_handle failed[0m
[0;31mE (11263) esp-tls: Failed to open new connection[0m
[0;32mI (11268) clare_c6: probe esp-tls rc=-1 last=0x0 flags=0x0[0m
[0;32mI (11275) clare_net: Create session URL ready=1[0m
[0;32mI (11279) clare_net: HTTP before init free8=42964 largest8=25088 free_internal=42964 largest_internal=25088[0m
HM BEGIN PRE

abort() was called at PC 0x4080180d on core 0
Core  0 register dump:
MEPC    : 0x40824f0c  RA      : 0x40824ed0  SP      : 0x40862170  GP      : 0x408396a4  
TP      : 0x40862ef0  T0      : 0x37363534  T1      : 0x7271706f  T2      : 0x33323130  
S0/FP   : 0x408621ac  S1      : 0x408621ac  A0      : 0x408621ac  A1      : 0x4086218e  
A2      : 0x00000000  A3      : 0x4084c000  A4      : 0x00000001  A5      : 0x4084c000  
A6      : 0x00000000  A7      : 0x76757473  S2      : 0x40862190  S3      : 0xffffffff  
S4      : 0x40862f58  S5      : 0x4084ef40  S6      : 0x4084c000  S7      : 0x42134000  
S8      : 0x0000a7d4  S9      : 0x00000000  S10     : 0x00000000  S11     : 0x00000000  
T3      : 0x6e6d6c6b  T4      : 0x6a696867  T5      : 0x66656463  T6      : 0x62613938  
MSTATUS : 0x00001881  MTVEC   : 0x40800001  MCAUSE  : 0x00000002  MTVAL   : 0x00000000  
MHARTID : 0x00000000  

Stack memory:
40862170: 0x40862ef0 0x40028140 0x408621ac 0x4082cea2 0x40850338 0x00000000 0x00000000 0x00000030
40862190: 0x30383034 0x64303831 0x00000000 0x4083b8a0 0x40862190 0x4083b8bc 0x4086218c 0x726f6261
408621b0: 0x20292874 0x20736177 0x6c6c6163 0x61206465 0x43502074 0x34783020 0x31303830 0x20643038
408621d0: 0x63206e6f 0x2065726f 0x00000030 0x40820000 0x00000004 0x4084d0a8 0x40862f58 0x40801810
408621f0: 0x00000004 0x40850390 0x4084e8bc 0x00000000 0x42007074 0x4083912c 0x00000000 0x4084e8bc
40862210: 0x00000000 0x40862f00 0x40850338 0x4084cf14 0x42134378 0x42134378 0x40862f58 0x40801a8e
40862230: 0x40839200 0x4084c25c 0x4084e8c9 0x4084d0a8 0x408623f4 0x00000000 0x00000001 0x4002814c
40862250: 0x42134378 0x42134378 0x40862f58 0x4003bf14 0x4084e8bc 0x4084c25c 0x0000000d 0x42009b4e
40862270: 0x0000000d 0x40862f58 0x4084cf14 0x4003071e 0x00000000 0x00000000 0x00000001 0x400281a0
40862290: 0x40862f58 0x4004e20c 0x4084cf14 0x400307b2 0x00000004 0x4084d0a8 0x4084d0a8 0x408252a0
408622b0: 0x00000000 0x00000000 0x4084d0a8 0x408258ee 0x00000000 0x3fe00000 0x0000003b 0x00000000
408622d0: 0x00000000 0x3fc00000 0x00000000 0x00000003 0x408623f4 0x00000000 0x42134454 0x408626b4
408622f0: 0x42134453 0x40862f00 0x4084d0a8 0x40825a94 0x42134453 0x00000001 0x00000001 0x400281a0
40862310: 0x42134453 0x00000001 0x00000001 0x4003ca9c 0x4084e8bc 0x00000073 0x00000000 0x42134453
40862330: 0x00000000 0x00000000 0x00000000 0x00000000 0x00000000 0x0000000d 0x00000001 0x00000003
40862350: 0x00000000 0x4004e20c 0x00000000 0x00000000 0x00000000 0x00000000 0xffffffff 0x7fefffff
40862370: 0x00000000 0x3fe00000 0x4084cf14 0x4003071e 0x00000000 0x3fc00000 0x00000000 0x40300000
40862390: 0x40862f58 0x00000000 0x4084cf14 0x400307b2 0x00000005 0x00000000 0x4084d0a8 0x40862778
408623b0: 0x00000000 0x00000000 0x4084d0a8 0x00000001 0x00000000 0x00000000 0x00000000 0x00000000
408623d0: 0x00000000 0x00000001 0x0000002d 0x00000001 0x408623ec 0x00000000 0x00000000 0x42134453
408623f0: 0x00000001 0x42134444 0x00000003 0x40825a94 0x42134be2 0x00000003 0x00000005 0x400281a0
40862410: 0x42134be2 0x00000003 0x00000005 0x4003ca9c 0xa5a5a5a5 0x00000064 0x00000005 0x42134be2
40862430: 0x00000000 0x00000000 0x00000000 0x00000000 0x00000000 0x0000003b 0x00000001 0x00000001
40862450: 0x00000000 0x4004e20c 0x00000000 0x00000000 0x4084f78c 0x00000000 0xffffffff 0x7fefffff
40862470: 0x00000000 0x3fe00000 0x00000000 0x4213499e 0x00000000 0x3fc00000 0x32000000 0x38383035
40862490: 0xffffffff 0xa5a5a5a5 0xa5a5a5a5 0xa5a5a5a5 0xa5a5a5a5 0xa5a5a5a5 0xa5a5a5a5 0x40862888
408624b0: 0xa5a5a5a5 0x00a5a5a5 0xa5a5a5a5 0x00000003 0x00000000 0xa5a5a5a5 0xa5a5a5a5 0xa5a5a5a5
408624d0: 0xa5a5a5a5 0xa5a5a5a5 0xa5a5a5a5 0xa5a5a5a5 0x408624ec 0x00000000 0x00000000 0x42134be2
408624f0: 0x00000005 0x4086258f 0x00000001 0x43521d2a 0x063b3a12 0x40862858 0x40862510 0x40862848
40862510: 0x42134444 0x00000000 0x00000000 0x00000000 0x42134388 0x00000000 0x00000000 0x00000000
40862530: 0x0000a7d4 0x00000000 0x00000000 0x00000000 0x00006200 0x00000000 0x00000000 0x00000000
40862550: 0x0000a7d4 0x00000000 0x00000000 0x00000000 0x00006200 0x00000000 0x00000000 0x00000000



ELF file SHA256: 2d6f8184e4248ade

Rebooting...
ESP-ROM:esp32c6-20220919
Build:Sep 19 2022
rst:0xc (SW_CPU),boot:0x3f (SPI_FAST_FLASH_BOOT)
Saved PC:0x4001975a
SPIWP:0xee
mode:DIO, clock div:2
load:0x40875730,len:0x16f4
load:0x4086b910,len:0xed0
load:0x4086e610,len:0x3198
entry 0x4086b91a
I (22) boot: ESP-IDF v5.5.3 2nd stage bootloader
I (22) boot: compile time Aug 28 2026 21:17:15
I (24) boot: chip revision: v0.2
I (24) boot: efuse block revision: v0.3
I (25) boot.esp32c6: SPI Speed      : 80MHz
I (29) boot.esp32c6: SPI Mode       : DIO
I (33) boot.esp32c6: SPI Flash Size : 16MB
I (37) boot: Enabling RNG early entropy source...
I (42) boot: Partition Table:
I (44) boot: ## Label            Usage          Type ST Offset   Length
I (50) boot:  0 nvs              WiFi data        01 02 00009000 00006000
I (57) boot:  1 phy_init         RF data          01 01 0000f000 00001000
I (63) boot:  2 factory          factory app      00 00 00010000 00600000
I (70) boot:  3 storage          Unknown data     01 82 00610000 00300000
I (77) boot: End of partition table
I (80) esp_image: segment 0: paddr=00010020 vaddr=42130020 size=86978h (551288) map
I (291) esp_image: segment 1: paddr=000969a0 vaddr=40800000 size=09678h ( 38520) load
I (309) esp_image: segment 2: paddr=000a0020 vaddr=42000020 size=12bee0h (1228512) map
I (764) esp_image: segment 3: paddr=001cbf08 vaddr=40809678 size=33608h (210440) load
I (880) boot: Loaded app from partition at offset 0x10000
I (881) boot: Disabling RNG early entropy source...
[0;32mI (891) cpu_start: Unicore app[0m
[0;32mI (900) cpu_start: GPIO 17 and 16 are used as console UART I/O pins[0m
[0;32mI (901) cpu_start: Pro cpu start user code[0m
[0;32mI (901) cpu_start: cpu freq: 160000000 Hz[0m
[0;32mI (905) app_init: Application information:[0m
[0;32mI (910) app_init: Project name:     Clare_C6[0m
[0;32mI (915) app_init: App version:      3e09a44-dirty[0m
[0;32mI (920) app_init: Compile time:     Aug 28 2026 21:17:23[0m
[0;32mI (926) app_init: ELF file SHA256:  2d6f8184e4248ade...[0m
[0;32mI (932) app_init: ESP-IDF:          v5.5.3[0m
[0;32mI (937) efuse_init: Min chip rev:     v0.0[0m
[0;32mI (942) efuse_init: Max chip rev:     v0.99 [0m
[0;32mI (947) efuse_init: Chip rev:         v0.2[0m
[0;32mI (952) heap_init: Initializing. RAM available for dynamic allocation:[0m
[0;32mI (959) heap_init: At 4084C560 len 000300B0 (192 KiB): RAM[0m
[0;32mI (965) heap_init: At 4087C610 len 00002F54 (11 KiB): RAM[0m
[0;32mI (971) heap_init: At 50000000 len 00003FE8 (15 KiB): RTCRAM[0m
[0;32mI (978) spi_flash: detected chip: generic[0m
[0;32mI (982) spi_flash: flash io: dio[0m
[0;32mI (987) sleep_gpio: Configure to isolate all GPIO pins in sleep state[0m
[0;32mI (993) sleep_gpio: Enable automatic switching of GPIO sleep configuration[0m
[0;32mI (1011) main_task: Started on CPU0[0m
[0;32mI (1015) main_task: Calling app_main()[0m
[0;32mI (1019) clare_c6: Clare C6 starting[0m
[0;32mI (1034) axp2101: Init PMU SUCCESS![0m
[0;32mI (1040) DisplayPort: SPI BUS init[0m
[0;32mI (1040) DisplayPort: Install panel IO[0m
[0;32mI (1041) sh8601: LCD panel create success, version: 1.0.0[0m
[0;33mW (1944) sh8601: The 3Ah command has been used and will be overwritten by external initialization sequence[0m
[0;33mW (1944) sh8601: The 36h command has been used and will be overwritten by external initialization sequence[0m
[0;32mI (2128) CST9217: Checkcode: 0x204ECACA[0m
[0;32mI (2130) CST9217: Resolution X: 480, Y: 480[0m
[0;32mI (2132) CST9217: Chip Type: 0x9220, ProjectID: 0x542F[0m
[0;32mI (2132) esp_lvgl:adapter: LVGL adapter initialized successfully[0m
[0;32mI (2142) esp_lvgl:touch: Touch input device registered successfully (IRQ mode: enabled)[0m
[0;32mI (2150) esp_lvgl:adapter: LVGL task started successfully[0m
i2c: {sda: 8, scl: 7}
i2s: {mclk: 19, bclk: 20, ws: 22, din: 21, dout: 23}
out: {codec: ES8311, pa: -1, pa_gain: 6, use_mclk: 1, pa_gain: 6}
Codec 0 dir 2 type:1
in: {codec: ES7210}
Codec 1 dir 1 type:2
[0;32mI (2172) CODEC_INIT: in:1 out:1 port: 1[0m
[0;32mI (2176) CODEC_INIT: Success to int i2c: 0[0m
[0;32mI (2183) CODEC_INIT: Init i2s 0 type: 3 mclk:19 bclk:20 ws:22 din:21 dout:23[0m
[0;32mI (2189) CODEC_INIT: tx:0x4087e708 rx:0x4087e8c4[0m
[0;33mW (2194) i2s_tdm: the current mclk multiple is too small, adjust the mclk multiple to 384[0m
[0;32mI (2203) CODEC_INIT: output init tdm ret 0[0m
[0;33mW (2208) i2s_tdm: the current mclk multiple is too small, adjust the mclk multiple to 384[0m
[0;32mI (2217) CODEC_INIT: Input init tdm ret 0[0m
[0;32mI (2221) CODEC_INIT: Init i2s 0 ok[0m
[0;32mI (2225) CODEC_INIT: Success to init i2s: 0[0m
[0;32mI (2230) CODEC_INIT: Success to int i2c: 0[0m
[0;32mI (2235) CODEC_INIT: Success to init i2s: 0[0m
[0;32mI (2240) CODEC_INIT: Get out handle 0x4087e708 port 0[0m
[0;32mI (2250) ES8311: Work in Slave mode[0m
[0;32mI (2256) ES7210: Work in Slave mode[0m
[0;32mI (2262) ES7210: Enable ES7210_INPUT_MIC1[0m
[0;32mI (2265) ES7210: Enable ES7210_INPUT_MIC2[0m
[0;32mI (2268) ES7210: Enable ES7210_INPUT_MIC3[0m
[0;32mI (2271) ES7210: Enable ES7210_INPUT_MIC4[0m
[0;32mI (2275) ES7210: Enable TDM mode[0m
[0;32mI (2283) I2S_IF: channel mode 2 bits:16/16 channel:2 mask:3[0m
[0;32mI (2284) I2S_IF: TDM Mode 1 bits:16/16 channel:2 sample_rate:16000 mask:3[0m
[0;32mI (2304) Adev_Codec: Open codec device OK[0m
[0;32mI (2305) I2S_IF: channel mode 2 bits:16/16 channel:2 mask:3[0m
[0;32mI (2305) I2S_IF: TDM Mode 0 bits:16/16 channel:2 sample_rate:16000 mask:3[0m
[0;32mI (2313) ES7210: Bits 8[0m
[0;32mI (2322) ES7210: Enable ES7210_INPUT_MIC1[0m
[0;32mI (2324) ES7210: Enable ES7210_INPUT_MIC2[0m
[0;32mI (2327) ES7210: Enable ES7210_INPUT_MIC3[0m
[0;32mI (2332) ES7210: Enable ES7210_INPUT_MIC4[0m
[0;32mI (2337) ES7210: Enable TDM mode[0m
[0;32mI (2343) ES7210: Unmuted[0m
[0;32mI (2343) Adev_Codec: Open codec device OK[0m
[0;32mI (2345) Adev_Codec: Input already open[0m
[0;32mI (2350) Adev_Codec: Input already open[0m
[0;32mI (2370) clare_audio: ALC ready: 16000 Hz mono PCM16, gain 6 dB[0m
[0;32mI (2555) pp: pp rom version: 5b8dcfa[0m
[0;32mI (2556) net80211: net80211 rom version: 5b8dcfa[0m
I (2557) wifi:wifi driver task: 40867bd0, prio:23, stack:6656, core=0
I (2566) wifi:wifi firmware version: 4df78f2
I (2567) wifi:wifi certification version: v7.0
I (2568) wifi:config NVS flash: enabled
I (2572) wifi:config nano formatting: disabled
I (2576) wifi:mac_version:HAL_MAC_ESP32AX_761,ut_version:N, band mode:0x1
I (2583) wifi:Init data frame dynamic rx buffer num: 16
I (2588) wifi:Init static rx mgmt buffer num: 5
I (2592) wifi:Init management short buffer num: 32
I (2596) wifi:Init static tx buffer num: 16
I (2600) wifi:Init static tx FG buffer num: 2
I (2604) wifi:Init static rx buffer size: 1700 (rxctrl:92, csi:512)
I (2610) wifi:Init static rx buffer num: 10
I (2614) wifi:Init dynamic rx buffer num: 16
[0;32mI (2619) wifi_init: rx ba win: 6[0m
[0;32mI (2622) wifi_init: accept mbox: 6[0m
[0;32mI (2626) wifi_init: tcpip mbox: 32[0m
[0;32mI (2630) wifi_init: udp mbox: 6[0m
[0;32mI (2634) wifi_init: tcp mbox: 6[0m
[0;32mI (2638) wifi_init: tcp tx win: 5760[0m
[0;32mI (2642) wifi_init: tcp rx win: 5760[0m
[0;32mI (2646) wifi_init: tcp mss: 1240[0m
[0;32mI (2650) wifi_init: WiFi IRAM OP enabled[0m
[0;32mI (2655) wifi_init: WiFi RX IRAM OP enabled[0m
[0;32mI (2660) wifi_init: WiFi SLP IRAM OP enabled[0m
W (2665) wifi:Password length matches WPA2 standards, authmode threshold changes from OPEN to WPA2
[0;32mI (2674) phy_init: phy_version 343,b513b46,Nov 14 2025,16:34:12[0m
W (2742) wifi:ACK_TAB0   :0x   90a0b, QAM16:0x9 (24Mbps), QPSK:0xa (12Mbps), BPSK:0xb (6Mbps)
W (2743) wifi:CTS_TAB0   :0x   90a0b, QAM16:0x9 (24Mbps), QPSK:0xa (12Mbps), BPSK:0xb (6Mbps)
W (2748) wifi:(agc)0x600a7128:0xd2161a7e, min.avgNF:0xce->0xd2(dB), RCalCount:0x161, min.RRssi:0xa7e(-88.12)
I (2758) wifi:11ax coex: WDEVAX_PTI0(0x55777555), WDEVAX_PTI1(0x00003377).

I (2765) wifi:mode : sta (20:6e:f1:16:e0:a4)
I (2768) wifi:enable tsf
I (2780) wifi:new:<11,0>, old:<1,0>, ap:<255,255>, sta:<11,0>, prof:1, snd_ch_cfg:0x0
I (2781) wifi:(connect)dot11_authmode:0x3, pairwise_cipher:0x3, group_cipher:0x1
I (2785) wifi:state: init -> auth (0xb0)
[0;32mI (2800) clare_net: Wi-Fi protocols limited to 11b/g/n mask=0x07[0m
I (2801) wifi:Set ps type: 0, coexist: 0

[0;32mI (2802) clare_c6: Clare UI ready; touch the Clare tile[0m
[0;32mI (2806) main_task: Returned from app_main()[0m
I (2810) wifi:state: auth -> assoc (0x0)
I (2841) wifi:(assoc)RESP, Extended Capabilities length:8, operating_mode_notification:0
I (2841) wifi:(assoc)RESP, Extended Capabilities, MBSSID:0, TWT Responder:0, OBSS Narrow Bandwidth RU In OFDMA Tolerance:0
I (2849) wifi:Extended Capabilities length:8, operating_mode_notification:1
I (2856) wifi:state: assoc -> run (0x10)
I (2859) wifi:(trc)phytype:CBW20-SGI, snr:32, maxRate:144, highestRateIdx:0
W (2866) wifi:(trc)band:2G, phymode:3, highestRateIdx:0, lowestRateIdx:11, dataSchedTableSize:14
I (2874) wifi:(trc)band:2G, rate(L-MCS6, rateIdx:2), ampdu(rate:L-MCS6, schedIdx(2, stop:8)), snr:32, ampduState:wait operational
I (2885) wifi:ifidx:0, rssi:-64, nf:-96, phytype(0x3, CBW20-SGI), phymode(0x3, 11bgn), max_rate:144, he:0, vht:0, ht:1
I (2896) wifi:(ht)max.RxAMPDULenExponent:3(65535 bytes), MMSS:6(8 us)
I (2948) wifi:connected with ZKY-GYLWLAP, aid = 3, channel 11, BW20, bssid = 02:55:b1:c6:fa:2e
I (2949) wifi:security: WPA2-PSK, phy:bgn, rssi:-64, cipher(pairwise:0x3, group:0x1), pmf:0, 
I (2955) wifi:pm start, type: 0, twt_start:0

I (2958) wifi:pm start, type:0, aid:0x3, trans-BSSID:02:55:b1:c6:fa:2e, BSSID[5]:0x2e, mbssid(max-indicator:0, index:0), he:0
I (2969) wifi:dp: 1, bi: 102400, li: 3, scale listen interval from 307200 us to 307200 us
I (2977) wifi:set rx beacon pti, rx_bcn_pti: 10, bcn_timeout: 25000, mt_pti: 10, mt_time: 10000
I (2986) wifi:[ADDBA]TX addba request, tid:0, dialogtoken:1, bufsize:64, A-MSDU:0(not supported), policy:1(IMR), ssn:0(0x0)
I (2997) wifi:[ADDBA]TX addba request, tid:7, dialogtoken:2, bufsize:64, A-MSDU:0(not supported), policy:1(IMR), ssn:0(0x20)
I (3007) wifi:[ADDBA]TX addba request, tid:5, dialogtoken:3, bufsize:64, A-MSDU:0(not supported), policy:1(IMR), ssn:0(0x0)
I (3021) wifi:[ADDBA]RX addba response, status:0, tid:0/tb:1(0xa1), bufsize:64, batimeout:0, txa_wnd:8
I (3027) wifi:[ADDBA]RX addba response, status:0, tid:7/tb:1(0xa1), bufsize:64, batimeout:0, txa_wnd:8
I (3036) wifi:[ADDBA]RX addba response, status:0, tid:5/tb:1(0xa1), bufsize:64, batimeout:0, txa_wnd:8
W (3045) wifi:<ba-add>idx:0, ifx:0, tid:0, TAHI:0x1002efa, TALO:0xc6b15502, (ssn:0, win:64, cur_ssn:0), CONF:0xc0000005
I (3056) wifi:dp: 2, bi: 102400, li: 4, scale listen interval from 307200 us to 409600 us
I (3064) wifi:AP's beacon interval = 102400 us, DTIM period = 2
[0;32mI (4079) esp_netif_handlers: sta ip: 192.168.238.118, mask: 255.255.240.0, gw: 192.168.235.1[0m
[0;32mI (4079) clare_net: DHCP DNS main=223.5.5.5[0m
[0;32mI (10802) clare_c6: Boot network self-test begin[0m
W (10816) wifi:<ba-add>idx:1, ifx:0, tid:6, TAHI:0x1002efa, TALO:0xc6b15502, (ssn:2, win:64, cur_ssn:2), CONF:0xc0006005
[0;32mI (10817) clare_c6: probe dns ip=104.21.35.182[0m
[0;32mI (10820) clare_c6: probe dns rc=0[0m
[0;32mI (10825) clare_c6: probe socket fd=54 errno=0[0m
[0;32mI (11016) clare_c6: probe connect rc=0 errno=0[0m
[0;31mE (11211) esp-tls-mbedtls: No server verification option set in esp_tls_cfg_t structure. Check esp_tls API reference[0m
[0;31mE (11212) esp-tls-mbedtls: Failed to set client configurations, returned [0x8017] (ESP_ERR_MBEDTLS_SSL_SETUP_FAILED)[0m
[0;31mE (11223) esp-tls: create_ssl_handle failed[0m
[0;31mE (11228) esp-tls: Failed to open new connection[0m
[0;32mI (11233) clare_c6: probe esp-tls rc=-1 last=0x0 flags=0x0[0m
[0;32mI (11241) clare_net: Create session URL ready=1[0m
[0;32mI (11245) clare_net: HTTP before init free8=42972 largest8=25088 free_internal=42972 largest_internal=25088[0m
HM BEGIN PRE

abort() was called at PC 0x4080180d on core 0
Core  0 register dump:
MEPC    : 0x40824f0c  RA      : 0x40824ed0  SP      : 0x40862170  GP      : 0x408396a4  
TP      : 0x40862ef0  T0      : 0x37363534  T1      : 0x7271706f  T2      : 0x33323130  
S0/FP   : 0x408621ac  S1      : 0x408621ac  A0      : 0x408621ac  A1      : 0x4086218e  
A2      : 0x00000000  A3      : 0x4084c000  A4      : 0x00000001  A5      : 0x4084c000  
A6      : 0x00000000  A7      : 0x76757473  S2      : 0x40862190  S3      : 0xffffffff  
S4      : 0x40862f58  S5      : 0x4084ef58  S6      : 0x4084c000  S7      : 0x42134000  
S8      : 0x0000a7dc  S9      : 0x00000000  S10     : 0x00000000  S11     : 0x00000000  
T3      : 0x6e6d6c6b  T4      : 0x6a696867  T5      : 0x66656463  T6      : 0x62613938  
MSTATUS : 0x00001881  MTVEC   : 0x40800001  MCAUSE  : 0x00000002  MTVAL   : 0x00000000  
MHARTID : 0x00000000  

Stack memory:
40862170: 0xa5a5a5a5 0xa5a5a5a5 0x408621ac 0x4082cea2 0xa5a5a5a5 0xa5a5a5a5 0xa5a5a5a5 0xa5a50030
40862190: 0x30383034 0x64303831 0x00000000 0x4083b8a0 0x40862190 0x4083b8bc 0x4086218c 0x726f6261
408621b0: 0x20292874 0x20736177 0x6c6c6163 0x61206465 0x43502074 0x34783020 0x31303830 0x20643038
408621d0: 0x63206e6f 0x2065726f 0x00000030 0x40820000 0x00000004 0x4084d0a8 0x40862f58 0x40801810
408621f0: 0x00000004 0x40850390 0x4084e8bc 0x00000000 0x42007074 0x4083912c 0x00000000 0x4084e8bc
40862210: 0x00000000 0x40862f00 0x40850338 0x4084cf14 0x42134378 0x42134378 0x40862f58 0x40801a8e
40862230: 0x40839200 0x4084c25c 0x4084e8c9 0x4084d0a8 0x408623f4 0x00000000 0x00000001 0x4002814c
40862250: 0x42134378 0x42134378 0x40862f58 0x4003bf14 0x4084e8bc 0x4084c25c 0x0000000d 0x42009b4e
40862270: 0x0000000d 0x40862f58 0x4084cf14 0x4003071e 0x00000000 0x00000000 0x00000001 0x400281a0
40862290: 0x40862f58 0x4004e20c 0x4084cf14 0x400307b2 0x00000004 0x4084d0a8 0x4084d0a8 0x408252a0
408622b0: 0x00000000 0x00000000 0x4084d0a8 0x408258ee 0x00000000 0x3fe00000 0x00000000 0x00000000
408622d0: 0x00000000 0x3fc00000 0x00000000 0x00000003 0x408623f4 0x00000000 0x42134454 0x408626b4
408622f0: 0x42134453 0x40862f00 0x4084d0a8 0x40825a94 0x42134453 0x00000001 0x00000001 0x400281a0
40862310: 0x42134453 0x00000001 0x00000001 0x4003ca9c 0x4084e8bc 0x00000073 0x00000000 0x42134453
40862330: 0x00000000 0x00000000 0x00000000 0x00000000 0x00000000 0x0000000d 0x00000001 0x00000003
40862350: 0x00000000 0x4004e20c 0x00000000 0x00000000 0x00000000 0x00000000 0xffffffff 0x7fefffff
40862370: 0x00000000 0x3fe00000 0x00000001 0x00000002 0x00000000 0x3fc00000 0x00000000 0x40300000
40862390: 0x40862f58 0x0000001c 0x00000000 0x00000003 0x42134be7 0x00000000 0x4084d0a8 0x40862778
408623b0: 0x00000000 0x00000000 0x4084d0a8 0x00000001 0x00000000 0x00000000 0x00000000 0x00000000
408623d0: 0x00000000 0x00000001 0x0000002d 0x00000001 0x408623ec 0x00000000 0x00000000 0x42134453
408623f0: 0x00000001 0x42134444 0x00000003 0x40825a94 0x42134be2 0x00000003 0x00000005 0x400281a0
40862410: 0x42134be2 0x00000003 0x00000005 0x4003ca9c 0xa5a5a5a5 0x00000064 0x00000005 0x42134be2
40862430: 0x00000000 0x00000000 0x00000000 0x00000000 0x00000000 0x0000003b 0x00000001 0x00000001
40862450: 0x00000000 0x4004e20c 0x00000000 0x00000000 0x4084f784 0x00000000 0xffffffff 0x7fefffff
40862470: 0x00000000 0x3fe00000 0x00000000 0x4213499e 0x00000000 0x3fc00000 0x32000000 0x38383035
40862490: 0xffffffff 0xa5a5a5a5 0xa5a5a5a5 0xa5a5a5a5 0xa5a5a5a5 0xa5a5a5a5 0xa5a5a5a5 0x40862888
408624b0: 0xa5a5a5a5 0x00a5a5a5 0xa5a5a5a5 0x00000003 0x00000000 0xa5a5a5a5 0xa5a5a5a5 0xa5a5a5a5
408624d0: 0xa5a5a5a5 0xa5a5a5a5 0xa5a5a5a5 0xa5a5a5a5 0x408624ec 0x00000000 0x00000000 0x42134be2
408624f0: 0x00000005 0x4086258f 0x00000001 0x4d3c1e91 0x7fe304cd 0x40862858 0x40862510 0x40862848
40862510: 0x42134444 0x00000000 0x00000000 0x00000000 0x42134388 0x00000000 0x00000000 0x00000000
40862530: 0x0000a7dc 0x00000000 0x00000000 0x00000000 0x00006200 0x00000000 0x00000000 0x00000000
40862550: 0x0000a7dc 0x00000000 0x00000000 0x00000000 0x00006200 0x00000000 0x00000000 0x00000000



ELF file SHA256: 2d6f8184e4248ade

Rebooting...
ESP-ROM:esp32c6-20220919
Build:Sep 19 2022
rst:0xc (SW_CPU),boot:0x3f (SPI_FAST_FLASH_BOOT)
Saved PC:0x4001975a
SPIWP:0xee
mode:DIO, clock div:2
load:0x40875730,len:0x16f4
load:0x4086b910,len:0xed0
load:0x4086e610,len:0x3198
entry 0x4086b91a
I (22) boot: ESP-IDF v5.5.3 2nd stage bootloader
I (22) boot: compile time Aug 28 2026 21:17:15
I (24) boot: chip revision: v0.2
I (24) boot: efuse block revision: v0.3
I (25) boot.esp32c6: SPI Speed      : 80MHz
I (29) boot.esp32c6: SPI Mode       : DIO
I (33) boot.esp32c6: SPI Flash Size : 16MB
I (37) boot: Enabling RNG early entropy source...
I (42) boot: Partition Table:
I (44) boot: ## Label            Usage          Type ST Offset   Length
I (50) boot:  0 nvs              WiFi data        01 02 00009000 00006000
I (57) boot:  1 phy_init         RF data          01 01 0000f000 00001000
I (63) boot:  2 factory          factory app      00 00 00010000 00600000
I (70) boot:  3 storage          Unknown data     01 82 00610000 00300000
I (77) boot: End of partition table
I (80) esp_image: segment 0: paddr=00010020 vaddr=42130020 size=86978h (551288) map
I (291) esp_image: segment 1: paddr=000969a0 vaddr=40800000 size=09678h ( 38520) load
I (309) esp_image: segment 2: paddr=000a0020 vaddr=42000020 size=12bee0h (1228512) map
I (764) esp_image: segment 3: paddr=001cbf08 vaddr=40809678 size=33608h (210440) load
I (880) boot: Loaded app from partition at offset 0x10000
I (881) boot: Disabling RNG early entropy source...
[0;32mI (891) cpu_start: Unicore app[0m
[0;32mI (900) cpu_start: GPIO 17 and 16 are used as console UART I/O pins[0m
[0;32mI (901) cpu_start: Pro cpu start user code[0m
[0;32mI (901) cpu_start: cpu freq: 160000000 Hz[0m
[0;32mI (905) app_init: Application information:[0m
[0;32mI (910) app_init: Project name:     Clare_C6[0m
[0;32mI (915) app_init: App version:      3e09a44-dirty[0m
[0;32mI (921) app_init: Compile time:     Aug 28 2026 21:17:23[0m
[0;32mI (927) app_init: ELF file SHA256:  2d6f8184e4248ade...[0m
[0;32mI (932) app_init: ESP-IDF:          v5.5.3[0m
[0;32mI (937) efuse_init: Min chip rev:     v0.0[0m
[0;32mI (942) efuse_init: Max chip rev:     v0.99 [0m
[0;32mI (947) efuse_init: Chip rev:         v0.2[0m
[0;32mI (952) heap_init: Initializing. RAM available for dynamic allocation:[0m
[0;32mI (959) heap_init: At 4084C560 len 000300B0 (192 KiB): RAM[0m
[0;32mI (965) heap_init: At 4087C610 len 00002F54 (11 KiB): RAM[0m
[0;32mI (971) heap_init: At 50000000 len 00003FE8 (15 KiB): RTCRAM[0m
[0;32mI (978) spi_flash: detected chip: generic[0m
[0;32mI (982) spi_flash: flash io: dio[0m
[0;32mI (987) sleep_gpio: Configure to isolate all GPIO pins in sleep state[0m
[0;32mI (993) sleep_gpio: Enable automatic switching of GPIO sleep configuration[0m
[0;32mI (1012) main_task: Started on CPU0[0m
[0;32mI (1016) main_task: Calling app_main()[0m
[0;32mI (1020) clare_c6: Clare C6 starting[0m
[0;32mI (1035) axp2101: Init PMU SUCCESS![0m
[0;32mI (1041) DisplayPort: SPI BUS init[0m
[0;32mI (1041) DisplayPort: Install panel IO[0m
[0;32mI (1042) sh8601: LCD panel create success, version: 1.0.0[0m
[0;33mW (1945) sh8601: The 3Ah command has been used and will be overwritten by external initialization sequence[0m
[0;33mW (1945) sh8601: The 36h command has been used and will be overwritten by external initialization sequence[0m
[0;32mI (2129) CST9217: Checkcode: 0x204ECACA[0m
[0;32mI (2131) CST9217: Resolution X: 480, Y: 480[0m
[0;32mI (2133) CST9217: Chip Type: 0x9220, ProjectID: 0x542F[0m
[0;32mI (2133) esp_lvgl:adapter: LVGL adapter initialized successfully[0m
[0;32mI (2143) esp_lvgl:touch: Touch input device registered successfully (IRQ mode: enabled)[0m
[0;32mI (2151) esp_lvgl:adapter: LVGL task started successfully[0m
i2c: {sda: 8, scl: 7}
i2s: {mclk: 19, bclk: 20, ws: 22, din: 21, dout: 23}
out: {codec: ES8311, pa: -1, pa_gain: 6, use_mclk: 1, pa_gain: 6}
Codec 0 dir 2 type:1
in: {codec: ES7210}
Codec 1 dir 1 type:2
[0;32mI (2173) CODEC_INIT: in:1 out:1 port: 1[0m
[0;32mI (2177) CODEC_INIT: Success to int i2c: 0[0m
[0;32mI (2184) CODEC_INIT: Init i2s 0 type: 3 mclk:19 bclk:20 ws:22 din:21 dout:23[0m
[0;32mI (2190) CODEC_INIT: tx:0x4087e708 rx:0x4087e8c4[0m
[0;33mW (2195) i2s_tdm: the current mclk multiple is too small, adjust the mclk multiple to 384[0m
[0;32mI (2204) CODEC_INIT: output init tdm ret 0[0m
[0;33mW (2209) i2s_tdm: the current mclk multiple is too small, adjust the mclk multiple to 384[0m
[0;32mI (2218) CODEC_INIT: Input init tdm ret 0[0m
[0;32mI (2222) CODEC_INIT: Init i2s 0 ok[0m
[0;32mI (2226) CODEC_INIT: Success to init i2s: 0[0m
[0;32mI (2231) CODEC_INIT: Success to int i2c: 0[0m
[0;32mI (2236) CODEC_INIT: Success to init i2s: 0[0m
[0;32mI (2241) CODEC_INIT: Get out handle 0x4087e708 port 0[0m
[0;32mI (2251) ES8311: Work in Slave mode[0m
[0;32mI (2257) ES7210: Work in Slave mode[0m
[0;32mI (2264) ES7210: Enable ES7210_INPUT_MIC1[0m
[0;32mI (2266) ES7210: Enable ES7210_INPUT_MIC2[0m
[0;32mI (2269) ES7210: Enable ES7210_INPUT_MIC3[0m
[0;32mI (2272) ES7210: Enable ES7210_INPUT_MIC4[0m
[0;32mI (2276) ES7210: Enable TDM mode[0m
[0;32mI (2284) I2S_IF: channel mode 2 bits:16/16 channel:2 mask:3[0m
[0;32mI (2285) I2S_IF: TDM Mode 1 bits:16/16 channel:2 sample_rate:16000 mask:3[0m
[0;32mI (2305) Adev_Codec: Open codec device OK[0m
[0;32mI (2306) I2S_IF: channel mode 2 bits:16/16 channel:2 mask:3[0m
[0;32mI (2306) I2S_IF: TDM Mode 0 bits:16/16 channel:2 sample_rate:16000 mask:3[0m
[0;32mI (2314) ES7210: Bits 8[0m
[0;32mI (2323) ES7210: Enable ES7210_INPUT_MIC1[0m
[0;32mI (2325) ES7210: Enable ES7210_INPUT_MIC2[0m
[0;32mI (2328) ES7210: Enable ES7210_INPUT_MIC3[0m
[0;32mI (2333) ES7210: Enable ES7210_INPUT_MIC4[0m
[0;32mI (2338) ES7210: Enable TDM mode[0m
[0;32mI (2344) ES7210: Unmuted[0m
[0;32mI (2344) Adev_Codec: Open codec device OK[0m
[0;32mI (2346) Adev_Codec: Input already open[0m
[0;32mI (2351) Adev_Codec: Input already open[0m
[0;32mI (2371) clare_audio: ALC ready: 16000 Hz mono PCM16, gain 6 dB[0m
[0;32mI (2556) pp: pp rom version: 5b8dcfa[0m
[0;32mI (2557) net80211: net80211 rom version: 5b8dcfa[0m
I (2558) wifi:wifi driver task: 40867bd0, prio:23, stack:6656, core=0
I (2567) wifi:wifi firmware version: 4df78f2
I (2568) wifi:wifi certification version: v7.0
I (2569) wifi:config NVS flash: enabled
I (2573) wifi:config nano formatting: disabled
I (2577) wifi:mac_version:HAL_MAC_ESP32AX_761,ut_version:N, band mode:0x1
I (2584) wifi:Init data frame dynamic rx buffer num: 16
I (2589) wifi:Init static rx mgmt buffer num: 5
I (2593) wifi:Init management short buffer num: 32
I (2597) wifi:Init static tx buffer num: 16
I (2601) wifi:Init static tx FG buffer num: 2
I (2605) wifi:Init static rx buffer size: 1700 (rxctrl:92, csi:512)
I (2611) wifi:Init static rx buffer num: 10
I (2615) wifi:Init dynamic rx buffer num: 16
[0;32mI (2620) wifi_init: rx ba win: 6[0m
[0;32mI (2623) wifi_init: accept mbox: 6[0m
[0;32mI (2627) wifi_init: tcpip mbox: 32[0m
[0;32mI (2631) wifi_init: udp mbox: 6[0m
[0;32mI (2635) wifi_init: tcp mbox: 6[0m
[0;32mI (2639) wifi_init: tcp tx win: 5760[0m
[0;32mI (2643) wifi_init: tcp rx win: 5760[0m
[0;32mI (2647) wifi_init: tcp mss: 1240[0m
[0;32mI (2651) wifi_init: WiFi IRAM OP enabled[0m
[0;32mI (2656) wifi_init: WiFi RX IRAM OP enabled[0m
[0;32mI (2661) wifi_init: WiFi SLP IRAM OP enabled[0m
W (2666) wifi:Password length matches WPA2 standards, authmode threshold changes from OPEN to WPA2
[0;32mI (2675) phy_init: phy_version 343,b513b46,Nov 14 2025,16:34:12[0m
W (2742) wifi:ACK_TAB0   :0x   90a0b, QAM16:0x9 (24Mbps), QPSK:0xa (12Mbps), BPSK:0xb (6Mbps)
W (2743) wifi:CTS_TAB0   :0x   90a0b, QAM16:0x9 (24Mbps), QPSK:0xa (12Mbps), BPSK:0xb (6Mbps)
W (2748) wifi:(agc)0x600a7128:0xd2095800, min.avgNF:0xce->0xd2(dB), RCalCount:0x95, min.RRssi:0x800(-128.00)
I (2758) wifi:11ax coex: WDEVAX_PTI0(0x55777555), WDEVAX_PTI1(0x00003377).

I (2765) wifi:mode : sta (20:6e:f1:16:e0:a4)
I (2768) wifi:enable tsf
I (2780) wifi:new:<11,0>, old:<1,0>, ap:<255,255>, sta:<11,0>, prof:1, snd_ch_cfg:0x0
I (2781) wifi:(connect)dot11_authmode:0x3, pairwise_cipher:0x3, group_cipher:0x1
I (2785) wifi:state: init -> auth (0xb0)
[0;32mI (2801) clare_net: Wi-Fi protocols limited to 11b/g/n mask=0x07[0m
I (2801) wifi:Set ps type: 0, coexist: 0

[0;32mI (2802) clare_c6: Clare UI ready; touch the Clare tile[0m
[0;32mI (2806) main_task: Returned from app_main()[0m
I (2833) wifi:state: auth -> assoc (0x0)
I (2841) wifi:(assoc)RESP, Extended Capabilities length:8, operating_mode_notification:0
I (2842) wifi:(assoc)RESP, Extended Capabilities, MBSSID:0, TWT Responder:0, OBSS Narrow Bandwidth RU In OFDMA Tolerance:0
I (2849) wifi:Extended Capabilities length:8, operating_mode_notification:1
I (2856) wifi:state: assoc -> run (0x10)
I (2860) wifi:(trc)phytype:CBW20-SGI, snr:33, maxRate:144, highestRateIdx:0
W (2866) wifi:(trc)band:2G, phymode:3, highestRateIdx:0, lowestRateIdx:11, dataSchedTableSize:14
I (2875) wifi:(trc)band:2G, rate(L-MCS6, rateIdx:2), ampdu(rate:L-MCS6, schedIdx(2, stop:8)), snr:33, ampduState:wait operational
I (2886) wifi:ifidx:0, rssi:-63, nf:-96, phytype(0x3, CBW20-SGI), phymode(0x3, 11bgn), max_rate:144, he:0, vht:0, ht:1
I (2897) wifi:(ht)max.RxAMPDULenExponent:3(65535 bytes), MMSS:6(8 us)
I (2949) wifi:connected with ZKY-GYLWLAP, aid = 3, channel 11, BW20, bssid = 02:55:b1:c6:fa:2e
I (2950) wifi:security: WPA2-PSK, phy:bgn, rssi:-63, cipher(pairwise:0x3, group:0x1), pmf:0, 
I (2956) wifi:pm start, type: 0, twt_start:0

I (2959) wifi:pm start, type:0, aid:0x3, trans-BSSID:02:55:b1:c6:fa:2e, BSSID[5]:0x2e, mbssid(max-indicator:0, index:0), he:0
I (2970) wifi:dp: 1, bi: 102400, li: 3, scale listen interval from 307200 us to 307200 us
I (2978) wifi:set rx beacon pti, rx_bcn_pti: 10, bcn_timeout: 25000, mt_pti: 10, mt_time: 10000
I (2987) wifi:[ADDBA]TX addba request, tid:0, dialogtoken:1, bufsize:64, A-MSDU:0(not supported), policy:1(IMR), ssn:0(0x0)
I (2998) wifi:[ADDBA]TX addba request, tid:7, dialogtoken:2, bufsize:64, A-MSDU:0(not supported), policy:1(IMR), ssn:0(0x20)
I (3008) wifi:[ADDBA]TX addba request, tid:5, dialogtoken:3, bufsize:64, A-MSDU:0(not supported), policy:1(IMR), ssn:0(0x0)
I (3020) wifi:dp: 2, bi: 102400, li: 4, scale listen interval from 307200 us to 409600 us
I (3027) wifi:AP's beacon interval = 102400 us, DTIM period = 2
I (3034) wifi:[ADDBA]RX addba response, status:0, tid:0/tb:1(0xa1), bufsize:64, batimeout:0, txa_wnd:8
I (3042) wifi:[ADDBA]RX addba response, status:0, tid:7/tb:1(0xa1), bufsize:64, batimeout:0, txa_wnd:8
I (3051) wifi:[ADDBA]RX addba response, status:0, tid:5/tb:1(0xa1), bufsize:64, batimeout:0, txa_wnd:8
W (3066) wifi:<ba-add>idx:0, ifx:0, tid:0, TAHI:0x1002efa, TALO:0xc6b15502, (ssn:0, win:64, cur_ssn:0), CONF:0xc0000005
[0;32mI (4077) esp_netif_handlers: sta ip: 192.168.238.118, mask: 255.255.240.0, gw: 192.168.235.1[0m
[0;32mI (4077) clare_net: DHCP DNS main=223.5.5.5[0m
[0;32mI (10802) clare_c6: Boot network self-test begin[0m
W (10810) wifi:<ba-add>idx:1, ifx:0, tid:6, TAHI:0x1002efa, TALO:0xc6b15502, (ssn:2, win:64, cur_ssn:2), CONF:0xc0006005
[0;32mI (10812) clare_c6: probe dns ip=172.67.178.147[0m
[0;32mI (10815) clare_c6: probe dns rc=0[0m
[0;32mI (10819) clare_c6: probe socket fd=54 errno=0[0m
[0;32mI (11009) clare_c6: probe connect rc=0 errno=0[0m
[0;31mE (11206) esp-tls-mbedtls: No server verification option set in esp_tls_cfg_t structure. Check esp_tls API reference[0m
[0;31mE (11206) esp-tls-mbedtls: Failed to set client configurations, returned [0x8017] (ESP_ERR_MBEDTLS_SSL_SETUP_FAILED)[0m
[0;31mE (11217) esp-tls: create_ssl_handle failed[0m
[0;31mE (11222) esp-tls: Failed to open new connection[0m
[0;32mI (11227) clare_c6: probe esp-tls rc=-1 last=0x0 flags=0x0[0m
[0;32mI (11235) clare_net: Create session URL ready=1[0m
[0;32mI (11239) clare_net: HTTP before init free8=43056 largest8=25088 free_internal=43056 largest_internal=25088[0m
HM BEGIN PRE

abort() was called at PC 0x4080180d on core 0
Core  0 register dump:
MEPC    : 0x40824f0c  RA      : 0x40824ed0  SP      : 0x40862170  GP      : 0x408396a4  
TP      : 0x40862ef0  T0      : 0x37363534  T1      : 0x7271706f  T2      : 0x33323130  
S0/FP   : 0x408621ac  S1      : 0x408621ac  A0      : 0x408621ac  A1      : 0x4086218e  
A2      : 0x00000000  A3      : 0x4084c000  A4      : 0x00000001  A5      : 0x4084c000  
A6      : 0x00000000  A7      : 0x76757473  S2      : 0x40862190  S3      : 0xffffffff  
S4      : 0x40862f58  S5      : 0x4084ef40  S6      : 0x4084c000  S7      : 0x42134000  
S8      : 0x0000a830  S9      : 0x00000000  S10     : 0x00000000  S11     : 0x00000000  
T3      : 0x6e6d6c6b  T4      : 0x6a696867  T5      : 0x66656463  T6      : 0x62613938  
MSTATUS : 0x00001881  MTVEC   : 0x40800001  MCAUSE  : 0x00000002  MTVAL   : 0x00000000  
MHARTID : 0x00000000  

Stack memory:
40862170: 0xa5a5a5a5 0xa5a5a5a5 0x408621ac 0x4082cea2 0xa5a5a5a5 0xa5a5a5a5 0xa5a5a5a5 0xa5a50030
40862190: 0x30383034 0x64303831 0x00000000 0x4083b8a0 0x40862190 0x4083b8bc 0x4086218c 0x726f6261
408621b0: 0x20292874 0x20736177 0x6c6c6163 0x61206465 0x43502074 0x34783020 0x31303830 0x20643038
408621d0: 0x63206e6f 0x2065726f 0x00000030 0x40820000 0x00000004 0x4084d0a8 0x40862f58 0x40801810
408621f0: 0x00000004 0x40850390 0x4084e8bc 0x00000000 0x42007074 0x4083912c 0x00000000 0x4084e8bc
40862210: 0x00000000 0x40862f00 0x40850338 0x4084cf14 0x42134378 0x42134378 0x40862f58 0x40801a8e
40862230: 0x40839200 0x4084c25c 0x4084e8c9 0x4084d0a8 0x408623f4 0x00000000 0x00000001 0x4002814c
40862250: 0x42134378 0x42134378 0x40862f58 0x4003bf14 0x4084e8bc 0x4084c25c 0x0000000d 0x42009b4e
40862270: 0x0000000d 0x40862f58 0x4084cf14 0x4003071e 0x00000000 0x00000000 0x00000001 0x400281a0
40862290: 0x40862f58 0x4004e20c 0x4084cf14 0x400307b2 0x00000004 0x4084d0a8 0x4084d0a8 0x408252a0
408622b0: 0x00000000 0x00000000 0x4084d0a8 0x408258ee 0x00000000 0x3fe00000 0x40850338 0x00000000
408622d0: 0x00000000 0x3fc00000 0x00000000 0x00000003 0x408623f4 0x00000000 0x42134454 0x408626b4
408622f0: 0x42134453 0x40862f00 0x4084d0a8 0x40825a94 0x42134453 0x00000001 0x00000001 0x400281a0
40862310: 0x42134453 0x00000001 0x00000001 0x4003ca9c 0x4084e8bc 0x00000073 0x00000000 0x42134453
40862330: 0x00000000 0x00000000 0x00000000 0x00000000 0x00000000 0x0000000d 0x00000001 0x00000003
40862350: 0x00000000 0x4004e20c 0x00000000 0x00000000 0x00000000 0x00000000 0xffffffff 0x7fefffff
40862370: 0x00000000 0x3fe00000 0x4084cf14 0x4003071e 0x00000000 0x3fc00000 0x00000000 0x40300000
40862390: 0x40862f58 0x00000000 0x4084cf14 0x400307b2 0x00000004 0x4084d0a8 0x4084d0a8 0x40862778
408623b0: 0xa5a5a5a5 0x00000000 0x4084d0a8 0x00000001 0x00000000 0x00000000 0x00000000 0x00000000
408623d0: 0x00000000 0x00000001 0x0000002d 0x00000001 0x408623ec 0x00000000 0x00000000 0x42134453
408623f0: 0x00000001 0x42134444 0x00000003 0x40825a94 0x42134be2 0x00000003 0x00000005 0x400281a0
40862410: 0x42134be2 0x00000003 0x00000005 0x4003ca9c 0xa5a5a5a5 0x00000064 0x00000005 0x42134be2
40862430: 0x00000000 0x00000000 0x00000000 0x00000000 0x00000000 0x0000003b 0x00000001 0x00000001
40862450: 0x00000000 0x4004e20c 0x00000000 0x00000000 0x4084f754 0x00000000 0xffffffff 0x7fefffff
40862470: 0x00000000 0x3fe00000 0x00000000 0x4213499e 0x00000000 0x3fc00000 0x32000000 0x38383035
40862490: 0xffffffff 0xa5a5a5a5 0xa5a5a5a5 0xa5a5a5a5 0xa5a5a5a5 0xa5a5a5a5 0xa5a5a5a5 0x40862888
408624b0: 0xa5a5a5a5 0x00a5a5a5 0xa5a5a5a5 0x00000003 0x00000000 0xa5a5a5a5 0xa5a5a5a5 0xa5a5a5a5
408624d0: 0xa5a5a5a5 0xa5a5a5a5 0xa5a5a5a5 0xa5a5a5a5 0x408624ec 0x00000000 0x00000000 0x42134be2
408624f0: 0x00000005 0x4086258f 0x00000001 0x53c975eb 0xecefe494 0x40862858 0x40862510 0x40862848
40862510: 0x42134444 0x00000000 0x00000000 0x00000000 0x42134388 0x00000000 0x00000000 0x00000000
40862530: 0x0000a830 0x00000000 0x00000000 0x00000000 0x00006200 0x00000000 0x00000000 0x00000000
40862550: 0x0000a830 0x00000000 0x00000000 0x00000000 0x00006200 0x00000000 0x00000000 0x00000000



ELF file SHA256: 2d6f8184e4248ade

Rebooting...
ESP-ROM:esp32c6-20220919
Build:Sep 19 2022
rst:0xc (SW_CPU),boot:0x3f (SPI_FAST_FLASH_BOOT)
Saved PC:0x4001975a
SPIWP:0xee
mode:DIO, clock div:2
load:0x40875730,len:0x16f4
load:0x4086b910,len:0xed0
load:0x4086e610,len:0x3198
entry 0x4086b91a
I (22) boot: ESP-IDF v5.5.3 2nd stage bootloader
I (22) boot: compile time Aug 28 2026 21:17:15
I (24) boot: chip revision: v0.2
I (24) boot: efuse block revision: v0.3
I (25) boot.esp32c6: SPI Speed      : 80MHz
I (29) boot.esp32c6: SPI Mode       : DIO
I (33) boot.esp32c6: SPI Flash Size : 16MB
I (37) boot: Enabling RNG early entropy source...
I (42) boot: Partition Table:
I (44) boot: ## Label            Usage          Type ST Offset   Length
I (50) boot:  0 nvs              WiFi data        01 02 00009000 00006000
I (57) boot:  1 phy_init         RF data          01 01 0000f000 00001000
I (63) boot:  2 factory          factory app      00 00 00010000 00600000
I (70) boot:  3 storage          Unknown data     01 82 00610000 00300000
I (77) boot: End of partition table
I (80) esp_image: segment 0: paddr=00010020 vaddr=42130020 size=86978h (551288) map
I (291) esp_image: segment 1: paddr=000969a0 vaddr=40800000 size=09678h ( 38520) load
I (309) esp_image: segment 2: paddr=000a0020 vaddr=42000020 size=12bee0h (1228512) map
I (764) esp_image: segment 3: paddr=001cbf08 vaddr=40809678 size=33608h (210440) load
I (880) boot: Loaded app from partition at offset 0x10000
I (881) boot: Disabling RNG early entropy source...
[0;32mI (891) cpu_start: Unicore app[0m
[0;32mI (900) cpu_start: GPIO 17 and 16 are used as console UART I/O pins[0m
[0;32mI (901) cpu_start: Pro cpu start user code[0m
[0;32mI (901) cpu_start: cpu freq: 160000000 Hz[0m
[0;32mI (905) app_init: Application information:[0m
[0;32mI (910) app_init: Project name:     Clare_C6[0m
[0;32mI (915) app_init: App version:      3e09a44-dirty[0m
[0;32mI (921) app_init: Compile time:     Aug 28 2026 21:17:23[0m
[0;32mI (927) app_init: ELF file SHA256:  2d6f8184e4248ade...[0m
[0;32mI (932) app_init: ESP-IDF:          v5.5.3[0m
[0;32mI (937) efuse_init: Min chip rev:     v0.0[0m
[0;32mI (942) efuse_init: Max chip rev:     v0.99 [0m
[0;32mI (947) efuse_init: Chip rev:         v0.2[0m
[0;32mI (952) heap_init: Initializing. RAM available for dynamic allocation:[0m
[0;32mI (959) heap_init: At 4084C560 len 000300B0 (192 KiB): RAM[0m
[0;32mI (965) heap_init: At 4087C610 len 00002F54 (11 KiB): RAM[0m
[0;32mI (971) heap_init: At 50000000 len 00003FE8 (15 KiB): RTCRAM[0m
[0;32mI (978) spi_flash: detected chip: generic[0m
[0;32mI (982) spi_flash: flash io: dio[0m
[0;32mI (987) sleep_gpio: Configure to isolate all GPIO pins in sleep state[0m
[0;32mI (993) sleep_gpio: Enable automatic switching of GPIO sleep configuration[0m
[0;32mI (1012) main_task: Started on CPU0[0m
[0;32mI (1016) main_task: Calling app_main()[0m
[0;32mI (1020) clare_c6: Clare C6 starting[0m
[0;32mI (1035) axp2101: Init PMU SUCCESS![0m
[0;32mI (1041) DisplayPort: SPI BUS init[0m
[0;32mI (1041) DisplayPort: Install panel IO[0m
[0;32mI (1042) sh8601: LCD panel create success, version: 1.0.0[0m
[0;33mW (1945) sh8601: The 3Ah command has been used and will be overwritten by external initialization sequence[0m
[0;33mW (1945) sh8601: The 36h command has been used and will be overwritten by external initialization sequence[0m
[0;32mI (2129) CST9217: Checkcode: 0x204ECACA[0m
[0;32mI (2131) CST9217: Resolution X: 480, Y: 480[0m
[0;32mI (2133) CST9217: Chip Type: 0x9220, ProjectID: 0x542F[0m
[0;32mI (2133) esp_lvgl:adapter: LVGL adapter initialized successfully[0m
[0;32mI (2143) esp_lvgl:touch: Touch input device registered successfully (IRQ mode: enabled)[0m
[0;32mI (2151) esp_lvgl:adapter: LVGL task started successfully[0m
i2c: {sda: 8, scl: 7}
i2s: {mclk: 19, bclk: 20, ws: 22, din: 21, dout: 23}
out: {codec: ES8311, pa: -1, pa_gain: 6, use_mclk: 1, pa_gain: 6}
Codec 0 dir 2 type:1
in: {codec: ES7210}
Codec 1 dir 1 type:2
[0;32mI (2173) CODEC_INIT: in:1 out:1 port: 1[0m
[0;32mI (2177) CODEC_INIT: Success to int i2c: 0[0m
[0;32mI (2184) CODEC_INIT: Init i2s 0 type: 3 mclk:19 bclk:20 ws:22 din:21 dout:23[0m
[0;32mI (2190) CODEC_INIT: tx:0x4087e708 rx:0x4087e8c4[0m
[0;33mW (2195) i2s_tdm: the current mclk multiple is too small, adjust the mclk multiple to 384[0m
[0;32mI (2204) CODEC_INIT: output init tdm ret 0[0m
[0;33mW (2209) i2s_tdm: the current mclk multiple is too small, adjust the mclk multiple to 384[0m
[0;32mI (2218) CODEC_INIT: Input init tdm ret 0[0m
[0;32mI (2222) CODEC_INIT: Init i2s 0 ok[0m
[0;32mI (2226) CODEC_INIT: Success to init i2s: 0[0m
[0;32mI (2231) CODEC_INIT: Success to int i2c: 0[0m
[0;32mI (2236) CODEC_INIT: Success to init i2s: 0[0m
[0;32mI (2241) CODEC_INIT: Get out handle 0x4087e708 port 0[0m
[0;32mI (2251) ES8311: Work in Slave mode[0m
[0;32mI (2257) ES7210: Work in Slave mode[0m
[0;32mI (2263) ES7210: Enable ES7210_INPUT_MIC1[0m
[0;32mI (2266) ES7210: Enable ES7210_INPUT_MIC2[0m
[0;32mI (2269) ES7210: Enable ES7210_INPUT_MIC3[0m
[0;32mI (2272) ES7210: Enable ES7210_INPUT_MIC4[0m
[0;32mI (2276) ES7210: Enable TDM mode[0m
[0;32mI (2284) I2S_IF: channel mode 2 bits:16/16 channel:2 mask:3[0m
[0;32mI (2285) I2S_IF: TDM Mode 1 bits:16/16 channel:2 sample_rate:16000 mask:3[0m
[0;32mI (2305) Adev_Codec: Open codec device OK[0m
[0;32mI (2306) I2S_IF: channel mode 2 bits:16/16 channel:2 mask:3[0m
[0;32mI (2306) I2S_IF: TDM Mode 0 bits:16/16 channel:2 sample_rate:16000 mask:3[0m
[0;32mI (2314) ES7210: Bits 8[0m
[0;32mI (2323) ES7210: Enable ES7210_INPUT_MIC1[0m
[0;32mI (2325) ES7210: Enable ES7210_INPUT_MIC2[0m
[0;32mI (2328) ES7210: Enable ES7210_INPUT_MIC3[0m
[0;32mI (2333) ES7210: Enable ES7210_INPUT_MIC4[0m
[0;32mI (2338) ES7210: Enable TDM mode[0m
[0;32mI (2344) ES7210: Unmuted[0m
[0;32mI (2344) Adev_Codec: Open codec device OK[0m
[0;32mI (2346) Adev_Codec: Input already open[0m
[0;32mI (2351) Adev_Codec: Input already open[0m
[0;32mI (2371) clare_audio: ALC ready: 16000 Hz mono PCM16, gain 6 dB[0m
[0;32mI (2556) pp: pp rom version: 5b8dcfa[0m
[0;32mI (2557) net80211: net80211 rom version: 5b8dcfa[0m
I (2558) wifi:wifi driver task: 40867bd0, prio:23, stack:6656, core=0
I (2567) wifi:wifi firmware version: 4df78f2
I (2568) wifi:wifi certification version: v7.0
I (2569) wifi:config NVS flash: enabled
I (2573) wifi:config nano formatting: disabled
I (2577) wifi:mac_version:HAL_MAC_ESP32AX_761,ut_version:N, band mode:0x1
I (2584) wifi:Init data frame dynamic rx buffer num: 16
I (2588) wifi:Init static rx mgmt buffer num: 5
I (2593) wifi:Init management short buffer num: 32
I (2597) wifi:Init static tx buffer num: 16
I (2601) wifi:Init static tx FG buffer num: 2
I (2605) wifi:Init static rx buffer size: 1700 (rxctrl:92, csi:512)
I (2611) wifi:Init static rx buffer num: 10
I (2615) wifi:Init dynamic rx buffer num: 16
[0;32mI (2620) wifi_init: rx ba win: 6[0m
[0;32mI (2623) wifi_init: accept mbox: 6[0m
[0;32mI (2627) wifi_init: tcpip mbox: 32[0m
[0;32mI (2631) wifi_init: udp mbox: 6[0m
[0;32mI (2635) wifi_init: tcp mbox: 6[0m
[0;32mI (2639) wifi_init: tcp tx win: 5760[0m
[0;32mI (2643) wifi_init: tcp rx win: 5760[0m
[0;32mI (2647) wifi_init: tcp mss: 1240[0m
[0;32mI (2651) wifi_init: WiFi IRAM OP enabled[0m
[0;32mI (2656) wifi_init: WiFi RX IRAM OP enabled[0m
[0;32mI (2661) wifi_init: WiFi SLP IRAM OP enabled[0m
W (2666) wifi:Password length matches WPA2 standards, authmode threshold changes from OPEN to WPA2
[0;32mI (2675) phy_init: phy_version 343,b513b46,Nov 14 2025,16:34:12[0m
W (2743) wifi:ACK_TAB0   :0x   90a0b, QAM16:0x9 (24Mbps), QPSK:0xa (12Mbps), BPSK:0xb (6Mbps)
W (2744) wifi:CTS_TAB0   :0x   90a0b, QAM16:0x9 (24Mbps), QPSK:0xa (12Mbps), BPSK:0xb (6Mbps)
W (2749) wifi:(agc)0x600a7128:0xd21e8a94, min.avgNF:0xce->0xd2(dB), RCalCount:0x1e8, min.RRssi:0xa94(-86.75)
I (2759) wifi:11ax coex: WDEVAX_PTI0(0x55777555), WDEVAX_PTI1(0x00003377).

I (2766) wifi:mode : sta (20:6e:f1:16:e0:a4)
I (2769) wifi:enable tsf
I (2781) wifi:new:<11,0>, old:<1,0>, ap:<255,255>, sta:<11,0>, prof:1, snd_ch_cfg:0x0
I (2782) wifi:(connect)dot11_authmode:0x3, pairwise_cipher:0x3, group_cipher:0x1
I (2786) wifi:state: init -> auth (0xb0)
[0;32mI (2802) clare_net: Wi-Fi protocols limited to 11b/g/n mask=0x07[0m
I (2802) wifi:Set ps type: 0, coexist: 0

[0;32mI (2803) clare_c6: Clare UI ready; touch the Clare tile[0m
[0;32mI (2807) main_task: Returned from app_main()[0m
I (2811) wifi:state: auth -> assoc (0x0)
I (2842) wifi:(assoc)RESP, Extended Capabilities length:8, operating_mode_notification:0
I (2842) wifi:(assoc)RESP, Extended Capabilities, MBSSID:0, TWT Responder:0, OBSS Narrow Bandwidth RU In OFDMA Tolerance:0
I (2850) wifi:Extended Capabilities length:8, operating_mode_notification:1
I (2857) wifi:state: assoc -> run (0x10)
I (2860) wifi:(trc)phytype:CBW20-SGI, snr:32, maxRate:144, highestRateIdx:0
W (2867) wifi:(trc)band:2G, phymode:3, highestRateIdx:0, lowestRateIdx:11, dataSchedTableSize:14
I (2875) wifi:(trc)band:2G, rate(L-MCS6, rateIdx:2), ampdu(rate:L-MCS6, schedIdx(2, stop:8)), snr:32, ampduState:wait operational
I (2886) wifi:ifidx:0, rssi:-64, nf:-96, phytype(0x3, CBW20-SGI), phymode(0x3, 11bgn), max_rate:144, he:0, vht:0, ht:1
I (2897) wifi:(ht)max.RxAMPDULenExponent:3(65535 bytes), MMSS:6(8 us)
I (2951) wifi:connected with ZKY-GYLWLAP, aid = 3, channel 11, BW20, bssid = 02:55:b1:c6:fa:2e
I (2952) wifi:security: WPA2-PSK, phy:bgn, rssi:-64, cipher(pairwise:0x3, group:0x1), pmf:0, 
I (2958) wifi:pm start, type: 0, twt_start:0

I (2961) wifi:pm start, type:0, aid:0x3, trans-BSSID:02:55:b1:c6:fa:2e, BSSID[5]:0x2e, mbssid(max-indicator:0, index:0), he:0
I (2972) wifi:dp: 1, bi: 102400, li: 3, scale listen interval from 307200 us to 307200 us
I (2980) wifi:set rx beacon pti, rx_bcn_pti: 10, bcn_timeout: 25000, mt_pti: 10, mt_time: 10000
I (2989) wifi:[ADDBA]TX addba request, tid:0, dialogtoken:1, bufsize:64, A-MSDU:0(not supported), policy:1(IMR), ssn:0(0x0)
I (3000) wifi:[ADDBA]TX addba request, tid:7, dialogtoken:2, bufsize:64, A-MSDU:0(not supported), policy:1(IMR), ssn:0(0x20)
I (3010) wifi:[ADDBA]TX addba request, tid:5, dialogtoken:3, bufsize:64, A-MSDU:0(not supported), policy:1(IMR), ssn:0(0x0)
I (3023) wifi:[ADDBA]RX addba response, status:0, tid:0/tb:1(0xa1), bufsize:64, batimeout:0, txa_wnd:8
I (3030) wifi:[ADDBA]RX addba response, status:0, tid:7/tb:1(0xa1), bufsize:64, batimeout:0, txa_wnd:8
I (3039) wifi:[ADDBA]RX addba response, status:0, tid:5/tb:1(0xa1), bufsize:64, batimeout:0, txa_wnd:8
W (3048) wifi:<ba-add>idx:0, ifx:0, tid:0, TAHI:0x1002efa, TALO:0xc6b15502, (ssn:0, win:64, cur_ssn:0), CONF:0xc0000005
I (3059) wifi:dp: 2, bi: 102400, li: 4, scale listen interval from 307200 us to 409600 us
I (3067) wifi:AP's beacon interval = 102400 us, DTIM period = 2
W (3158) wifi:<ba-add>idx:1, ifx:0, tid:6, TAHI:0x1002efa, TALO:0xc6b15502, (ssn:2, win:64, cur_ssn:2), CONF:0xc0006005
