
I (78) boot: End of partition table
I (81) esp_image: segment 0: paddr=00010020 vaddr=42140020 size=94214h (606740) map
I (202) esp_image: segment 1: paddr=000a423c vaddr=40800000 size=0bddch ( 48604) load
I (213) esp_image: segment 2: paddr=000b0020 vaddr=42000020 size=138054h (1278036) map
I (453) esp_image: segment 3: paddr=001e807c vaddr=4080bddc size=312dch (201436) load
I (511) boot: Loaded app from partition at offset 0x10000
I (511) boot: Disabling RNG early entropy source...
[0;32mI (521) cpu_start: Unicore app[0m
D (521) cpu_start: Pro cpu up[0m
D (530) clk: RTC_SLOW_CLK calibration value: 3790208[0m
[0;32mI (535) cpu_start: GPIO 17 and 16 are used as console UART I/O pins[0m
D (535) cpu_start: calling init function: 0x420001f0 on core: 0[0m
D (536) cpu_start: calling init function: 0x42000868 on core: 0[0m
[0;32mI (542) cpu_start: Pro cpu start user code[0m
[0;32mI (547) cpu_start: cpu freq: 160000000 Hz[0m
D (552) cpu_start: calling init function: 0x42000076 on core: 0[0m
[0;32mI (558) app_init: Application information:[0m
[0;32mI (563) app_init: Project name:     Clare_C6[0m
[0;32mI (568) app_init: App version:      3e09a44-dirty[0m
[0;32mI (573) app_init: Compile time:     Aug 28 2026 23:24:37[0m
[0;32mI (579) app_init: ELF file SHA256:  379be78c42c74aca...[0m
[0;32mI (585) app_init: ESP-IDF:          v5.5.3[0m
D (590) cpu_start: calling init function: 0x42000200 on core: 0[0m
[0;32mI (596) efuse_init: Min chip rev:     v0.0[0m
[0;32mI (600) efuse_init: Max chip rev:     v0.99 [0m
[0;32mI (605) efuse_init: Chip rev:         v0.2[0m
D (610) cpu_start: calling init function: 0x42002508 on core: 0[0m
D (616) memory_layout: Checking 5 reserved memory ranges:[0m
D (622) memory_layout: Reserved memory range 0x40800000 - 0x408390e0[0m
D (628) memory_layout: Reserved memory range 0x408390e0 - 0x4084ca10[0m
D (634) memory_layout: Reserved memory range 0x4087f564 - 0x40880000[0m
D (641) memory_layout: Reserved memory range 0x50000000 - 0x50000000[0m
D (647) memory_layout: Reserved memory range 0x50003fe8 - 0x50004000[0m
D (654) memory_layout: Building list of available memory regions:[0m
D (660) memory_layout: Available memory region 0x4084ca10 - 0x40860000[0m
D (666) memory_layout: Available memory region 0x40860000 - 0x4087c610[0m
D (673) memory_layout: Available memory region 0x4087c610 - 0x4087f564[0m
D (680) memory_layout: Available memory region 0x50000000 - 0x50003fe8[0m
[0;32mI (686) heap_init: Initializing. RAM available for dynamic allocation:[0m
D (693) heap_init: New heap initialised at 0x4084ca10[0m
[0;32mI (699) heap_init: At 4084CA10 len 0002FC00 (191 KiB): RAM[0m
[0;32mI (705) heap_init: At 4087C610 len 00002F54 (11 KiB): RAM[0m
D (711) heap_init: New heap initialised at 0x50000000[0m
[0;32mI (716) heap_init: At 50000000 len 00003FE8 (15 KiB): RTCRAM[0m
D (722) cpu_start: calling init function: 0x42007234 on core: 0[0m
D (728) cpu_start: calling init function: 0x42006800 on core: 0[0m
D (734) cpu_start: calling init function: 0x420008fa on core: 0[0m
D (740) intr_alloc: Connected src 15 to int 2 (cpu 0)[0m
D (745) cpu_start: calling init function: 0x4200091c on core: 0[0m
D (751) cpu_start: calling init function: 0x42008174 on core: 0[0m
D (757) cpu_start: calling init function: 0x420097f2 on core: 0[0m
D (763) cpu_start: calling init function: 0x4200bd5e on core: 0[0m
D (769) cpu_start: calling init function: 0x42009f4e on core: 0[0m
D (775) cpu_start: calling init function: 0x4200680e on core: 0[0m
D (781) cpu_start: calling init function: 0x4200097a on core: 0[0m
D (787) spi_flash: trying chip: gd[0m
D (791) spi_flash: trying chip: generic[0m
[0;32mI (795) spi_flash: detected chip: generic[0m
[0;32mI (799) spi_flash: flash io: dio[0m
D (803) cpu_start: calling init function: 0x420001ec on core: 0[0m
D (845) intr_alloc: Connected src 50 to int 5 (cpu 0)[0m
D (860) cpu_start: calling init function: 0x4207af7c on core: 0[0m
D (866) intr_alloc: Connected src 59 to int 8 (cpu 0)[0m
D (871) cpu_start: calling init function: 0x420019c8 on core: 0[0m
D (877) cpu_start: calling init function: 0x4207a162 on core: 0[0m
D (883) cpu_start: calling init function: 0x420028f6 on core: 0[0m
D (889) cpu_start: calling init function: 0x420034aa on core: 0[0m
[0;32mI (895) sleep_gpio: Configure to isolate all GPIO pins in sleep state[0m
[0;32mI (902) sleep_gpio: Enable automatic switching of GPIO sleep configuration[0m
D (909) cpu_start: calling init function: 0x42135daa on core: 0[0m
D (915) cpu_start: calling init function: 0x4200092c on core: 0[0m
D (932) cpu_start: calling init function: 0x4200941a on core: 0[0m
D (937) cpu_start: calling init function: 0x42000944 on core: 0[0m
D (943) intr_alloc: Connected src 22 to int 9 (cpu 0)[0m
D (948) app_start: Starting scheduler on CPU0[0m
D (953) intr_alloc: Connected src 57 to int 10 (cpu 0)[0m
[0;32mI (953) main_task: Started on CPU0[0m
D (957) heap_init: New heap initialised at 0x4087c610[0m
D (962) intr_alloc: Connected src 53 to int 11 (cpu 0)[0m
[0;32mI (967) main_task: Calling app_main()[0m
[0;32mI (971) clare_c6: Clare C6 starting[0m
[0;32mI (987) axp2101: Init PMU SUCCESS![0m
[0;32mI (992) DisplayPort: SPI BUS init[0m
D (993) spi: SPI2 use gpio matrix.[0m
[0;32mI (993) DisplayPort: Install panel IO[0m
D (994) intr_alloc: Connected src 72 to int 12 (cpu 0)[0m
D (998) spi_hal: eff: 40000, limit: 80000k(/0), 0 dummy, -1 delay[0m
D (1004) spi_master: SPI2: New device added to CS0, effective clock: 40000000 Hz[0m
D (1012) lcd_panel.io.spi: new spi lcd panel io @0x4087d8a0, max_trans_bytes: 32768[0m
D (1020) sh8601: new sh8601 panel @0x4087dbb4[0m
[0;32mI (1024) sh8601: LCD panel create success, version: 1.0.0[0m
D (1331) spi_master: device0 locked the bus[0m
D (1331) spi_master: device0 release bus[0m
D (1331) spi_master: device0 locked the bus[0m
D (1332) spi_master: device0 release bus[0m
D (1336) spi_master: device0 locked the bus[0m
D (1340) spi_master: device0 release bus[0m
D (1944) spi_master: device0 locked the bus[0m
D (1944) spi_master: device0 release bus[0m
D (1944) spi_master: device0 locked the bus[0m
D (1945) spi_master: device0 release bus[0m
D (1949) spi_master: device0 locked the bus[0m
D (1953) spi_master: device0 release bus[0m
D (1957) spi_master: device0 locked the bus[0m
D (1961) spi_master: device0 release bus[0m
D (1965) spi_master: device0 locked the bus[0m
D (1970) spi_master: device0 release bus[0m
[0;33mW (1974) sh8601: The 3Ah command has been used and will be overwritten by external initialization sequence[0m
D (1984) spi_master: device0 locked the bus[0m
D (1988) spi_master: device0 release bus[0m
D (1992) spi_master: device0 locked the bus[0m
D (1997) spi_master: device0 release bus[0m
[0;33mW (2001) sh8601: The 36h command has been used and will be overwritten by external initialization sequence[0m
D (2011) spi_master: device0 locked the bus[0m
D (2015) spi_master: device0 release bus[0m
D (2019) spi_master: device0 locked the bus[0m
D (2023) spi_master: device0 release bus[0m
D (2027) spi_master: device0 locked the bus[0m
D (2032) spi_master: device0 release bus[0m
D (2036) spi_master: device0 locked the bus[0m
D (2040) spi_master: device0 release bus[0m
D (2044) spi_master: device0 locked the bus[0m
D (2048) spi_master: device0 release bus[0m
D (2052) spi_master: device0 locked the bus[0m
D (2056) spi_master: device0 release bus[0m
D (2060) spi_master: device0 locked the bus[0m
D (2065) spi_master: device0 release bus[0m
D (2169) sh8601: send init commands success[0m
D (2169) lcd_panel.io.i2c: new i2c lcd panel io @0x4087dc04[0m
D (2169) gpio: GPIO[5]| InputEn: 1| OutputEn: 0| OpenDrain: 0| Pullup: 0| Pulldown: 0| Intr:2 [0m
D (2176) gpio: GPIO[11]| InputEn: 0| OutputEn: 1| OpenDrain: 0| Pullup: 0| Pulldown: 0| Intr:0 [0m
[0;32mI (2259) CST9217: Checkcode: 0x204ECACA[0m
[0;32mI (2261) CST9217: Resolution X: 480, Y: 480[0m
[0;32mI (2263) CST9217: Chip Type: 0x9220, ProjectID: 0x542F[0m
[0;32mI (2263) esp_lvgl:adapter: LVGL adapter initialized successfully[0m
D (2273) esp_lvgl:bridge: Calculated frame_buffer_size: 460800 bytes (230400x16 pixels, 18 bpp)[0m
D (2279) intr_alloc: Connected src 30 to int 13 (cpu 0)[0m
D (2284) esp_lvgl:touch: Touch interrupt mode enabled on GPIO 5[0m
D (2290) esp_lvgl:adapter: Input device registered (type=0)[0m
[0;32mI (2295) esp_lvgl:touch: Touch input device registered successfully (IRQ mode: enabled)[0m
D (2306) spi_master: device0 locked the bus[0m
D (2308) spi_master: device0 release bus[0m
D (2312) spi_master: device0 locked the bus[0m
D (2316) spi_master: device0 release bus[0m
D (2320) spi_master: device0 locked the bus[0m
[0;32mI (2325) esp_lvgl:adapter: LVGL task started successfully[0m
D (2326) spi_master: device0 release bus[0m
D (2336) spi_master: device0 locked the bus[0m
D (2339) spi_master: device0 release bus[0m
D (2343) spi_master: device0 locked the bus[0m
D (2347) spi_master: device0 release bus[0m
D (2351) spi_master: device0 locked the bus[0m
i2c: {sda: 8, scl: 7}
D (2357) spi_master: device0 release bus[0m
D (2363) spi_master: device0 locked the bus[0m
D (2366) spi_master: device0 release bus[0m
D (2370) spi_master: device0 locked the bus[0m
D (2374) spi_master: device0 release bus[0m
D (2378) spi_master: device0 locked the bus[0m
i2s: {mclk: 19, bclk: 20, ws: 22, din: 21, dout: 23}
D (2384) spi_master: device0 release bus[0m
D (2392) spi_master: device0 locked the bus[0m
D (2395) spi_master: device0 release bus[0m
D (2399) spi_master: device0 locked the bus[0m
D (2403) spi_master: device0 release bus[0m
D (2407) spi_master: device0 locked the bus[0m
out: {codec: ES8311, pa: -1, pa_gain: 6, use_mclk: 1, pa_gain: 6}
D (2413) spi_master: device0 release bus[0m
D (2423) spi_master: device0 locked the bus[0m
D (2426) spi_master: device0 release bus[0m
D (2430) spi_master: device0 locked the bus[0m
D (2434) spi_master: device0 release bus[0m
D (2438) spi_master: device0 locked the bus[0m
Codec 0 dir 2 type:1
D (2444) spi_master: device0 release bus[0m
D (2449) spi_master: device0 locked the bus[0m
D (2452) spi_master: device0 release bus[0m
D (2456) spi_master: device0 locked the bus[0m
D (2461) spi_master: device0 release bus[0m
D (2465) spi_master: device0 locked the bus[0m
in: {codec: ES7210}
D (2471) spi_master: device0 release bus[0m
D (2476) spi_master: device0 locked the bus[0m
D (2479) spi_master: device0 release bus[0m
D (2483) spi_master: device0 locked the bus[0m
D (2487) spi_master: device0 release bus[0m
D (2491) spi_master: device0 locked the bus[0m
Codec 1 dir 1 type:2
D (2497) spi_master: device0 release bus[0m
D (2502) spi_master: device0 locked the bus[0m
D (2506) spi_master: device0 release bus[0m
D (2510) spi_master: device0 locked the bus[0m
D (2514) spi_master: device0 release bus[0m
D (2518) spi_master: device0 locked the bus[0m
[0;32mI (2522) CODEC_INIT: in:1 out:1 port: 1[0m
D (2524) spi_master: device0 release bus[0m
D (2532) spi_master: device0 locked the bus[0m
D (2535) spi_master: device0 release bus[0m
D (2539) spi_master: device0 locked the bus[0m
D (2543) spi_master: device0 release bus[0m
D (2547) spi_master: device0 locked the bus[0m
[0;32mI (2551) CODEC_INIT: Success to int i2c: 0[0m
D (2553) spi_master: device0 release bus[0m
D (2561) spi_master: device0 locked the bus[0m
D (2564) spi_master: device0 release bus[0m
D (2568) spi_master: device0 locked the bus[0m
D (2573) spi_master: device0 release bus[0m
D (2577) spi_master: device0 locked the bus[0m
D (2581) spi_master: device0 release bus[0m
[0;32mI (2585) CODEC_INIT: Init i2s 0 type: 3 mclk:19 bclk:20 ws:22 din:21 dout:23[0m
D (2593) i2s_common: tx channel is registered on I2S0 successfully[0m
D (2599) i2s_common: rx channel is registered on I2S0 successfully[0m
[0;32mI (2605) CODEC_INIT: tx:0x4087e684 rx:0x4087e840[0m
D (2611) i2s_common: DMA malloc info: dma_desc_num = 6, dma_desc_buf_size = dma_frame_num * slot_num * data_bit_width = 3840[0m
[0;33mW (2622) i2s_tdm: the current mclk multiple is too small, adjust the mclk multiple to 384[0m
D (2631) i2s_tdm: Clock division info: [sclk] 160000000 Hz [mdiv] 26 1/24 [mclk] 6144000 Hz [bdiv] 3 [bclk] 2048000 Hz[0m
D (2642) i2s_common: MCLK is pinned to GPIO19 on I2S0[0m
D (2647) intr_alloc: Connected src 70 to int 14 (cpu 0)[0m
D (2652) i2s_tdm: The tx channel on I2S0 has been initialized to TDM mode successfully[0m
[0;32mI (2660) CODEC_INIT: output init tdm ret 0[0m
D (2665) i2s_common: DMA malloc info: dma_desc_num = 6, dma_desc_buf_size = dma_frame_num * slot_num * data_bit_width = 3840[0m
[0;33mW (2676) i2s_tdm: the current mclk multiple is too small, adjust the mclk multiple to 384[0m
D (2685) i2s_tdm: Clock division info: [sclk] 160000000 Hz [mdiv] 26 1/24 [mclk] 6144000 Hz [bdiv] 3 [bclk] 2048000 Hz[0m
D (2696) i2s_common: MCLK is pinned to GPIO19 on I2S0[0m
D (2701) intr_alloc: Connected src 67 to int 15 (cpu 0)[0m
D (2706) i2s_tdm: The rx channel on I2S0 has been initialized to TDM mode successfully[0m
[0;32mI (2714) CODEC_INIT: Input init tdm ret 0[0m
D (2718) i2s_common: i2s tx channel enabled[0m
D (2723) i2s_common: i2s rx channel enabled[0m
[0;32mI (2727) CODEC_INIT: Init i2s 0 ok[0m
[0;32mI (2731) CODEC_INIT: Success to init i2s: 0[0m
[0;32mI (2736) CODEC_INIT: Success to int i2c: 0[0m
[0;32mI (2741) CODEC_INIT: Success to init i2s: 0[0m
[0;32mI (2746) CODEC_INIT: Get out handle 0x4087e684 port 0[0m
[0;32mI (2756) ES8311: Work in Slave mode[0m
[0;32mI (2762) ES7210: Work in Slave mode[0m
[0;32mI (2768) ES7210: Enable ES7210_INPUT_MIC1[0m
[0;32mI (2771) ES7210: Enable ES7210_INPUT_MIC2[0m
[0;32mI (2774) ES7210: Enable ES7210_INPUT_MIC3[0m
[0;32mI (2777) ES7210: Enable ES7210_INPUT_MIC4[0m
[0;32mI (2781) ES7210: Enable TDM mode[0m
D (2786) ES8311: Set volume reg:92 db:-22[0m
D (2790) i2s_common: i2s tx channel disabled[0m
[0;32mI (2791) I2S_IF: channel mode 2 bits:16/16 channel:2 mask:3[0m
D (2797) i2s_common: DMA malloc info: dma_desc_num = 6, dma_desc_buf_size = dma_frame_num * slot_num * data_bit_width = 960[0m
D (2808) i2s_tdm: Clock division info: [sclk] 160000000 Hz [mdiv] 39 1/16 [mclk] 4096000 Hz [bdiv] 8 [bclk] 512000 Hz[0m
[0;32mI (2819) I2S_IF: TDM Mode 1 bits:16/16 channel:2 sample_rate:16000 mask:3[0m
D (2826) i2s_common: i2s tx channel enabled[0m
D (2833) ES8311: ES8311 in I2S Format[0m
D (2845) ES8311: Codec is enabled[0m
D (2845) ES8311: Set volume reg:92 db:-22[0m
[0;32mI (2846) Adev_Codec: Open codec device OK[0m
D (2846) i2s_common: i2s rx channel disabled[0m
[0;32mI (2851) I2S_IF: channel mode 2 bits:16/16 channel:2 mask:3[0m
D (2857) i2s_common: DMA malloc info: dma_desc_num = 6, dma_desc_buf_size = dma_frame_num * slot_num * data_bit_width = 960[0m
D (2868) i2s_tdm: Clock division info: [sclk] 160000000 Hz [mdiv] 39 1/16 [mclk] 4096000 Hz [bdiv] 8 [bclk] 512000 Hz[0m
[0;32mI (2879) I2S_IF: TDM Mode 0 bits:16/16 channel:2 sample_rate:16000 mask:3[0m
D (2886) i2s_common: i2s rx channel enabled[0m
[0;32mI (2891) ES7210: Bits 8[0m
D (2894) ES7210: ES7210 in I2S Format[0m
[0;32mI (2904) ES7210: Enable ES7210_INPUT_MIC1[0m
[0;32mI (2906) ES7210: Enable ES7210_INPUT_MIC2[0m
[0;32mI (2909) ES7210: Enable ES7210_INPUT_MIC3[0m
[0;32mI (2914) ES7210: Enable ES7210_INPUT_MIC4[0m
[0;32mI (2919) ES7210: Enable TDM mode[0m
D (2921) ES7210: Codec is enabled[0m
[0;32mI (2928) ES7210: Unmuted[0m
[0;32mI (2928) Adev_Codec: Open codec device OK[0m
[0;32mI (2931) Adev_Codec: Input already open[0m
[0;32mI (2936) Adev_Codec: Input already open[0m
D (2940) ES8311: Set volume reg:9c db:-17[0m
[0;32mI (2960) clare_audio: ALC ready: 16000 Hz mono PCM16, gain 6 dB[0m
D (3067) spi_master: device0 locked the bus[0m
D (3067) spi_master: device0 release bus[0m
D (3067) spi_master: device0 locked the bus[0m
D (3068) spi_master: device0 release bus[0m
D (3072) spi_master: device0 locked the bus[0m
D (3078) spi_master: device0 release bus[0m
D (3085) spi_master: device0 locked the bus[0m
D (3085) spi_master: device0 release bus[0m
D (3089) spi_master: device0 locked the bus[0m
D (3093) spi_master: device0 release bus[0m
D (3097) spi_master: device0 locked the bus[0m
D (3103) spi_master: device0 release bus[0m
D (3110) spi_master: device0 locked the bus[0m
D (3111) spi_master: device0 release bus[0m
D (3114) spi_master: device0 locked the bus[0m
D (3118) spi_master: device0 release bus[0m
D (3122) spi_master: device0 locked the bus[0m
D (3128) spi_master: device0 release bus[0m
D (3135) spi_master: device0 locked the bus[0m
D (3135) spi_master: device0 release bus[0m
D (3138) spi_master: device0 locked the bus[0m
D (3143) spi_master: device0 release bus[0m
D (3147) spi_master: device0 locked the bus[0m
D (3153) spi_master: device0 release bus[0m
D (3161) spi_master: device0 locked the bus[0m
D (3161) spi_master: device0 release bus[0m
D (3163) spi_master: device0 locked the bus[0m
D (3167) spi_master: device0 release bus[0m
D (3171) spi_master: device0 locked the bus[0m
D (3177) spi_master: device0 release bus[0m
D (3185) spi_master: device0 locked the bus[0m
D (3186) spi_master: device0 release bus[0m
D (3188) spi_master: device0 locked the bus[0m
D (3192) spi_master: device0 release bus[0m
D (3196) spi_master: device0 locked the bus[0m
D (3202) spi_master: device0 release bus[0m
D (3209) spi_master: device0 locked the bus[0m
D (3209) spi_master: device0 release bus[0m
D (3212) spi_master: device0 locked the bus[0m
D (3217) spi_master: device0 release bus[0m
D (3221) spi_master: device0 locked the bus[0m
D (3227) spi_master: device0 release bus[0m
D (3235) spi_master: device0 locked the bus[0m
D (3236) spi_master: device0 release bus[0m
D (3237) spi_master: device0 locked the bus[0m
D (3242) spi_master: device0 release bus[0m
D (3245) spi_master: device0 locked the bus[0m
D (3251) spi_master: device0 release bus[0m
D (3259) spi_master: device0 locked the bus[0m
D (3259) spi_master: device0 release bus[0m
D (3262) spi_master: device0 locked the bus[0m
D (3266) spi_master: device0 release bus[0m
D (3270) spi_master: device0 locked the bus[0m
D (3276) spi_master: device0 release bus[0m
D (3280) spi_master: device0 locked the bus[0m
D (3283) spi_master: device0 release bus[0m
D (3287) spi_master: device0 locked the bus[0m
D (3291) spi_master: device0 release bus[0m
D (3295) spi_master: device0 locked the bus[0m
D (3299) spi_master: device0 release bus[0m
D (3311) spi_master: device0 locked the bus[0m
D (3311) spi_master: device0 release bus[0m
D (3311) spi_master: device0 locked the bus[0m
D (3316) spi_master: device0 release bus[0m
D (3320) spi_master: device0 locked the bus[0m
D (3324) spi_master: device0 release bus[0m
D (3331) spi_master: device0 locked the bus[0m
D (3332) spi_master: device0 release bus[0m
D (3336) spi_master: device0 locked the bus[0m
D (3340) spi_master: device0 release bus[0m
D (3344) spi_master: device0 locked the bus[0m
D (3349) spi_master: device0 release bus[0m
D (3354) esp_netif_lwip: LwIP stack has been initialized[0m
D (3358) esp_netif_lwip: esp-netif has been successfully initialized[0m
D (3365) event: running task for loop 0x4086463c[0m
D (3369) event: created task for loop 0x4086463c[0m
D (3374) event: created event loop 0x4086463c[0m
D (3378) esp_netif_lwip: check: remote, if=0x4084fd88 fn=0x42092d28[0m
D (3385) esp_netif_lwip: call api in lwip: ret=0x0, give sem[0m
D (3390) esp_netif_lwip: check: remote, if=0x4084fd68 fn=0x420938c2[0m
D (3397) esp_netif_objects: esp_netif_add_to_list_unsafe netif added successfully (total netifs: 1)[0m
D (3406) esp_netif_lwip: call api in lwip: ret=0x0, give sem[0m
[0;32mI (3412) pp: pp rom version: 5b8dcfa[0m
[0;32mI (3416) net80211: net80211 rom version: 5b8dcfa[0m
D (3421) nvs: nvs_open_from_partition misc 1[0m
I (3427) wifi:wifi driver task: 4086800c, prio:23, stack:6656, core=0
D (3432) efuse: BLK1 REG1 [8-15], len=8 bits[0m
D (3436) efuse: BLK1 REG1 [0-7], len=8 bits[0m
D (3440) efuse: BLK1 REG0 [24-31], len=8 bits[0m
D (3444) efuse: BLK1 REG0 [16-23], len=8 bits[0m
D (3449) efuse: BLK1 REG0 [8-15], len=8 bits[0m
D (3453) efuse: BLK1 REG0 [0-7], len=8 bits[0m
D (3458) nvs: nvs_open_from_partition nvs.net80211 1[0m
D (3463) nvs: nvs_get opmode 1[0m
D (3466) nvs: nvs_get_str_or_blob sta.ssid[0m
D (3470) nvs: nvs_get sta.authmode 1[0m
D (3474) nvs: nvs_get_str_or_blob sta.pswd[0m
D (3478) nvs: nvs_get_str_or_blob sta.pmk[0m
D (3482) nvs: nvs_get sta.chan 1[0m
D (3485) nvs: nvs_get auto.conn 1[0m
D (3489) nvs: nvs_get bssid.set 1[0m
D (3492) nvs: nvs_get_str_or_blob sta.bssid[0m
D (3496) nvs: nvs_get sta.lis_intval 2[0m
D (3500) nvs: nvs_get sta.phym 1[0m
D (3503) nvs: nvs_get sta.phybw 1[0m
D (3507) nvs: nvs_get_str_or_blob sta.apsw[0m
D (3511) nvs: nvs_get_str_or_blob sta.apinfo[0m
D (3516) nvs: nvs_get sta.scan_method 1[0m
D (3519) nvs: nvs_get sta.sort_method 1[0m
D (3523) nvs: nvs_get sta.minrssi 1[0m
D (3527) nvs: nvs_get sta.minauth 1[0m
D (3530) nvs: nvs_get sta.pmf_e 1[0m
D (3534) nvs: nvs_get sta.pmf_r 1[0m
D (3537) nvs: nvs_get sta.btm_e 1[0m
D (3540) nvs: nvs_get sta.rrm_e 1[0m
D (3544) nvs: nvs_get sta.mbo_e 1[0m
D (3547) nvs: nvs_get_str_or_blob ap.ssid[0m
D (3551) nvs: nvs_get_str_or_blob ap.passwd[0m
D (3555) nvs: nvs_get_str_or_blob ap.pmk[0m
D (3559) nvs: nvs_get ap.chan 1[0m
D (3563) nvs: nvs_get ap.authmode 1[0m
D (3566) nvs: nvs_get ap.hidden 1[0m
D (3569) nvs: nvs_get ap.max.conn 1[0m
D (3573) nvs: nvs_get bcn.interval 2[0m
D (3577) nvs: nvs_get ap.phym 1[0m
D (3580) nvs: nvs_get ap.phybw 1[0m
D (3583) nvs: nvs_get ap.sndchan 1[0m
D (3587) nvs: nvs_get ap.pmf_e 1[0m
D (3590) nvs: nvs_get ap.pmf_r 1[0m
D (3593) nvs: nvs_get ap.p_cipher 1[0m
D (3597) nvs: nvs_get lorate 1[0m
D (3600) nvs: nvs_get_str_or_blob country[0m
D (3604) nvs: nvs_get ap.ftm_r 1[0m
D (3607) nvs: nvs_get sta.ft 1[0m
D (3610) nvs: nvs_get sta.owe 1[0m
D (3614) nvs: nvs_get sta.trans_d 1[0m
D (3617) nvs: nvs_get sta.sae_h2e 1[0m
D (3621) nvs: nvs_get sta.sae_pk_mode 1[0m
D (3625) nvs: nvs_get sta.bss_retry 1[0m
D (3628) nvs: nvs_get_str_or_blob sta.owe_data[0m
D (3633) nvs: nvs_get sta.he_dcm 1[0m
D (3636) nvs: nvs_get sta.he_dcm_c_tx 1[0m
D (3640) nvs: nvs_get sta.he_dcm_c_rx 1[0m
D (3644) nvs: nvs_get sta.he_mcs9_d 1[0m
D (3648) nvs: nvs_get sta.he_su_b_d 1[0m
D (3652) nvs: nvs_get sta.he_su_b_f_d 1[0m
D (3656) nvs: nvs_get sta.he_mu_b_f_d 1[0m
D (3660) nvs: nvs_get sta.he_cqi_f_d 1[0m
D (3663) nvs: nvs_get_str_or_blob sta.sae_h2e_id[0m
D (3668) nvs: nvs_get ap.sae_h2e 1[0m
D (3671) nvs: nvs_get_str_or_blob ap.pmk_info[0m
D (3676) nvs: nvs_get nan.phym 1[0m
D (3679) nvs: nvs_get sta.pwr_reset 1[0m
D (3683) nvs: nvs_get band_mode 1[0m
D (3686) nvs: nvs_get sta.phym5g 1[0m
D (3690) nvs: nvs_get ap.phym5g 1[0m
D (3693) nvs: nvs_get sta.phybw5g 1[0m
D (3697) nvs: nvs_get ap.phybw5g 1[0m
D (3700) nvs: nvs_get ap.sndchan5g 1[0m
D (3704) nvs: nvs_get ap.chan5g 1[0m
D (3707) nvs: nvs_get ap.chanisset 1[0m
D (3711) nvs: nvs_get ap.chan5gisset 1[0m
D (3715) nvs: nvs_get sta.lowrate 1[0m
D (3718) nvs: nvs_get ap.lowrate 1[0m
D (3722) nvs: nvs_get sta.rssi_5g_adj 1[0m
D (3726) nvs: nvs_get ap.csa_count 1[0m
D (3729) nvs: nvs_get ap.dtim_period 1[0m
D (3733) nvs: nvs_get ap.trans_d 1[0m
D (3737) nvs: nvs_get ap.sae_ext 1[0m
D (3740) nvs: nvs_get ap.bssmaxidle 2[0m
D (3744) nvs: nvs_get ap.pro_keep_a 1[0m
D (3748) nvs: nvs_get ap.gtk_rekey 2[0m
D (3751) nvs: nvs_get sta.vht_su_b_d 1[0m
D (3755) nvs: nvs_get sta.vht_mu_b_d 1[0m
D (3759) nvs: nvs_get sta.vht_mcs8_e 1[0m
D (3763) nvs: nvs_get sta.ina_time 2[0m
D (3766) nvs: nvs_get ap.ina_time 2[0m
D (3770) nvs: nvs_set ap.sndchan 1 1[0m
I (3774) wifi:wifi firmware version: 4df78f2
I (3777) wifi:wifi certification version: v7.0
I (3782) wifi:config NVS flash: enabled
I (3785) wifi:config nano formatting: disabled
I (3789) wifi:mac_version:HAL_MAC_ESP32AX_761,ut_version:N, band mode:0x1
I (3796) wifi:Init data frame dynamic rx buffer num: 16
I (3801) wifi:Init static rx mgmt buffer num: 5
I (3805) wifi:Init management short buffer num: 32
I (3810) wifi:Init static tx buffer num: 16
I (3813) wifi:Init static tx FG buffer num: 2
I (3818) wifi:Init static rx buffer size: 1700 (rxctrl:92, csi:512)
I (3824) wifi:Init static rx buffer num: 10
I (3827) wifi:Init dynamic rx buffer num: 16
D (3832) wifi:mms: 3->2
D (3834) wifi:Reset scan defaults in ms : min,max,passive,chan_dwell :(0,120,360,30)
[0;32mI (3843) wifi_init: rx ba win: 6[0m
[0;32mI (3845) wifi_init: accept mbox: 6[0m
[0;32mI (3849) wifi_init: tcpip mbox: 32[0m
[0;32mI (3853) wifi_init: udp mbox: 6[0m
[0;32mI (3857) wifi_init: tcp mbox: 6[0m
[0;32mI (3861) wifi_init: tcp tx win: 5760[0m
[0;32mI (3865) wifi_init: tcp rx win: 5760[0m
[0;32mI (3869) wifi_init: tcp mss: 1240[0m
[0;32mI (3873) wifi_init: WiFi IRAM OP enabled[0m
[0;32mI (3878) wifi_init: WiFi RX IRAM OP enabled[0m
[0;32mI (3883) wifi_init: WiFi SLP IRAM OP enabled[0m
D (3888) nvs: nvs_get opmode 1[0m
D (3891) wifi:clear blacklist
W (3893) wifi:Password length matches WPA2 standards, authmode threshold changes from OPEN to WPA2
[0;32mI (3903) phy_init: phy_version 343,b513b46,Nov 14 2025,16:34:12[0m
D (3909) phy_init: loading PHY init data from application binary[0m
D (3915) nvs: nvs_open_from_partition phy 0[0m
D (3919) nvs: nvs_get cal_version 4[0m
D (3923) nvs: nvs_get_str_or_blob cal_mac[0m
D (3927) efuse: BLK1 REG1 [8-15], len=8 bits[0m
D (3931) efuse: BLK1 REG1 [0-7], len=8 bits[0m
D (3935) efuse: BLK1 REG0 [24-31], len=8 bits[0m
D (3940) efuse: BLK1 REG0 [16-23], len=8 bits[0m
D (3944) efuse: BLK1 REG0 [8-15], len=8 bits[0m
D (3948) efuse: BLK1 REG0 [0-7], len=8 bits[0m
D (3953) efuse: BLK1 REG1 [24-31], len=8 bits[0m
D (3957) efuse: BLK1 REG1 [16-23], len=8 bits[0m
D (3961) nvs: nvs_get_str_or_blob cal_data[0m
D (3968) nvs: nvs_close 3[0m
D (3968) efuse: BLK1 REG1 [8-15], len=8 bits[0m
D (3973) efuse: BLK1 REG1 [0-7], len=8 bits[0m
D (3977) efuse: BLK1 REG0 [24-31], len=8 bits[0m
D (3981) efuse: BLK1 REG0 [16-23], len=8 bits[0m
D (3986) efuse: BLK1 REG0 [8-15], len=8 bits[0m
D (3990) efuse: BLK1 REG0 [0-7], len=8 bits[0m
D (3994) efuse: BLK1 REG1 [24-31], len=8 bits[0m
D (3999) efuse: BLK1 REG1 [16-23], len=8 bits[0m
D (4008) temperature_sensor: range changed, change to index 2[0m
W (4064) wifi:ACK_TAB0   :0x   90a0b, QAM16:0x9 (24Mbps), QPSK:0xa (12Mbps), BPSK:0xb (6Mbps)
W (4064) wifi:CTS_TAB0   :0x   90a0b, QAM16:0x9 (24Mbps), QPSK:0xa (12Mbps), BPSK:0xb (6Mbps)
W (4069) wifi:(agc)0x600a7128:0xd204fa96, min.avgNF:0xce->0xd2(dB), RCalCount:0x4f, min.RRssi:0xa96(-86.62)
I (4079) wifi:11ax coex: WDEVAX_PTI0(0x55777555), WDEVAX_PTI1(0x00003377).

D (4085) wifi:filter: set rx policy=0
I (4089) wifi:mode : sta (20:6e:f1:16:e0:a4)
I (4093) wifi:enable tsf
D (4095) wifi:filter: set rx policy=1
D (4099) wifi:connect status 0 -> 0
D (4103) event: running post WIFI_EVENT:43 with handler 0x4200e542 and context 0x40875b34 on loop 0x4086463c[0m
D (4112) event: running post WIFI_EVENT:2 with handler 0x42097298 and context 0x408656c0 on loop 0x4086463c[0m
D (4122) wifi_init_default: wifi_start esp-netif:0x40865560 event-id2[0m
D (4128) wifi_init_default: WIFI mac address: 20 6e f1 16 e0 a4[0m
D (4135) esp_netif_lwip: check: remote, if=0x40865560 fn=0x42092d44[0m
D (4140) esp_netif_lwip: call api in lwip: ret=0x0, give sem[0m
D (4146) esp_netif_handlers: esp_netif action has started with netif0x40865560 from event_id=2[0m
D (4155) esp_netif_lwip: check: remote, if=0x40865560 fn=0x4209442c[0m
D (4161) esp_netif_lwip: esp_netif_start_api 0x40865560[0m
D (4166) esp_netif_lwip: esp_netif_get_hostname esp_netif:0x40865560[0m
D (4173) esp_netif_lwip: call api in lwip: ret=0x0, give sem[0m
D (4179) event: running post WIFI_EVENT:2 with handler 0x4200e542 and context 0x40875b34 on loop 0x4086463c[0m
D (4189) wifi:Start wifi connect
D (4191) wifi:connect status 0 -> 0
D (4194) wifi:connect chan=0
D (4197) wifi:first chan=11
D (4200) wifi:connect status 0 -> 1
D (4203) wifi:filter: set rx policy=3
D (4206) wifi:clear scan ap list
D (4209) wifi:start scan: type=0x50f, priority=2, cb=0x420ee636, arg=0x0, ss_state=0x1, time=377489, index=0
D (4219) wifi:perform scan: ss_state=0x9, chan<11,0>, dur<0,120>
D (4234) spi_master: device0 locked the bus[0m
D (4234) wifi:rsn valid: gcipher=1 ucipher=3 akm=5 mac=02:55:b1:c6:fa:2e
D (4236) spi_master: device0 release bus[0m
D (4239) spi_master: device0 locked the bus[0m
D (4243) spi_master: device0 release bus[0m
D (4247) spi_master: device0 locked the bus[0m
D (4252) spi_master: device0 release bus[0m
D (4237) wifi:profile match: ss_state=0x7
D (4258) spi_master: device0 locked the bus[0m
D (4264) spi_master: device0 release bus[0m
D (4268) spi_master: device0 locked the bus[0m
D (4272) spi_master: device0 release bus[0m
D (4276) spi_master: device0 locked the bus[0m
D (4280) spi_master: device0 release bus[0m
D (4287) spi_master: device0 locked the bus[0m
D (4288) spi_master: device0 release bus[0m
D (4292) spi_master: device0 locked the bus[0m
D (4290) wifi:rsn valid: gcipher=1 ucipher=3 akm=5 mac=02:55:b1:c6:fa:2e
D (4303) wifi:profile match: ss_state=0x7
D (4307) wifi:rsn valid: gcipher=1 ucipher=3 akm=5 mac=02:55:b1:c6:f8:9e
D (4313) wifi:profile match: ss_state=0x7
D (4317) wifi:rsn valid: gcipher=1 ucipher=3 akm=5 mac=02:55:b1:c6:fa:72
D (4298) spi_master: device0 release bus[0m
D (4327) spi_master: device0 locked the bus[0m
D (4323) wifi:profile match: ss_state=0x7
D (4333) spi_master: device0 release bus[0m
D (4340) wifi:scan end: arg=0x4084b2b0, status=0, ss_state=0x7
D (4345) wifi:find first mathched ssid, scan done
D (4350) wifi:filter: set rx policy=4
D (4353) wifi:first chan=1
D (4355) wifi:handoff_cb: status=0
D (4358) wifi:ap found, mac=02:55:b1:c6:fa:2e
D (4363) wifi:going for connection with bssid=02:55:b1:c6:fa:2e
D (4368) wifi:new_bss=0x40849408, cur_bss=0x0, new_chan=<11,0>, cur_chan=1
D (4375) wifi:filter: set rx policy=5
I (4378) wifi:new:<11,0>, old:<1,0>, ap:<255,255>, sta:<11,0>, prof:1, snd_ch_cfg:0x0
D (4386) wifi:connect_op: status=0, auth=5, cipher=3 
I (4390) wifi:(connect)dot11_authmode:0x3, pairwise_cipher:0x3, group_cipher:0x1
D (4397) wifi:auth mode is not none
D (4400) wifi:connect_bss: auth=1, reconnect=0
I (4405) wifi:state: init -> auth (0xb0)
D (4408) nvs: nvs_get sta.pwr_reset 1[0m
D (4413) wifi:start 1000ms AUTH timer
D (4415) wifi:clear scan ap list
D (4419) event: running post WIFI_EVENT:43 with handler 0x4200e542 and context 0x40875b34 on loop 0x4086463c[0m
D (4429) nvs: nvs_get sta.phym 1[0m
D (4432) nvs: nvs_get sta.lowrate 1[0m
[0;32mI (4435) clare_net: Wi-Fi protocols limited to 11b/g/n mask=0x07[0m
D (4440) wifi:recv auth: seq=2, status=0, algo=0
I (4446) wifi:state: auth -> assoc (0x0)
D (4450) nvs: nvs_get sta.pwr_reset 1[0m
D (4454) wifi:restart connect 1000ms timer for assoc
I (4459) wifi:Set ps type: 0, coexist: 0

[0;32mI (4463) clare_c6: Clare UI ready; touch the Clare tile[0m
[0;32mI (4468) main_task: Returned from app_main()[0m
D (4479) wifi:recv assoc: type=0x10
I (4480) wifi:(assoc)RESP, Extended Capabilities length:8, operating_mode_notification:0
I (4484) wifi:(assoc)RESP, Extended Capabilities, MBSSID:0, TWT Responder:0, OBSS Narrow Bandwidth RU In OFDMA Tolerance:0
I (4495) wifi:Extended Capabilities length:8, operating_mode_notification:1
D (4502) wifi:filter: set rx policy=6
I (4505) wifi:state: assoc -> run (0x10)
D (4508) nvs: nvs_get sta.pwr_reset 1[0m
I (4512) wifi:(trc)phytype:CBW20-SGI, snr:17, maxRate:144, highestRateIdx:0
W (4519) wifi:(trc)band:2G, phymode:3, highestRateIdx:0, lowestRateIdx:11, dataSchedTableSize:14
I (4527) wifi:(trc)band:2G, rate(L-MCS3, rateIdx:5), ampdu(rate:L-MCS3, schedIdx(5, stop:8)), snr:17, ampduState:wait operational
I (4539) wifi:ifidx:0, rssi:-69, nf:-86, phytype(0x3, CBW20-SGI), phymode(0x3, 11bgn), max_rate:144, he:0, vht:0, ht:1
I (4549) wifi:(ht)max.RxAMPDULenExponent:3(65535 bytes), MMSS:6(8 us)
D (4555) wifi:start 10s connect timer for 4 way handshake
D (4568) spi_master: device0 locked the bus[0m
D (4568) spi_master: device0 release bus[0m
D (4569) spi_master: device0 locked the bus[0m
D (4573) spi_master: device0 release bus[0m
D (4577) spi_master: device0 locked the bus[0m
D (4581) spi_master: device0 release bus[0m
I (4589) wifi:connected with ZKY-GYLWLAP, aid = 1, channel 11, BW20, bssid = 02:55:b1:c6:fa:2e
I (4594) wifi:security: WPA2-PSK, phy:bgn, rssi:-69, cipher(pairwise:0x3, group:0x1), pmf:0, 
D (4602) wifi:remove all except 02:55:b1:c6:fa:2e from rc list
D (4607) wifi:clear blacklist
D (4610) nvs: nvs_set sta.chan 1 11[0m
D (4614) nvs: nvs_set_blob sta.apinfo 700[0m
D (4619) wifi:filter: set rx policy=7
I (4621) wifi:pm start, type: 0, twt_start:0

I (4625) wifi:pm start, type:0, aid:0x1, trans-BSSID:02:55:b1:c6:fa:2e, BSSID[5]:0x2e, mbssid(max-indicator:0, index:0), he:0
I (4636) wifi:dp: 1, bi: 102400, li: 3, scale listen interval from 307200 us to 307200 us
I (4644) wifi:set rx beacon pti, rx_bcn_pti: 10, bcn_timeout: 25000, mt_pti: 10, mt_time: 10000
D (4653) wifi:Send sta connected event
D (4656) wifi:connect status 1 -> 5
I (4659) wifi:[ADDBA]TX addba request, tid:0, dialogtoken:1, bufsize:64, A-MSDU:0(not supported), policy:1(IMR), ssn:0(0x0)
I (4670) wifi:[ADDBA]TX addba request, tid:7, dialogtoken:2, bufsize:64, A-MSDU:0(not supported), policy:1(IMR), ssn:0(0x20)
I (4681) wifi:[ADDBA]TX addba request, tid:5, dialogtoken:3, bufsize:64, A-MSDU:0(not supported), policy:1(IMR), ssn:0(0x0)
D (4692) wifi:obss scan is disabled
D (4695) wifi:start obss scan: obss scan is stopped
D (4700) wifi:bcnd: 0 -> 2104
I (4702) wifi:dp: 2, bi: 102400, li: 4, scale listen interval from 307200 us to 409600 us
I (4710) wifi:AP's beacon interval = 102400 us, DTIM period = 2
D (4718) event: running post WIFI_EVENT:4 with handler 0x420972b8 and context 0x40865720 on loop 0x4086463c[0m
I (4719) wifi:[ADDBA]RX addba response, status:0, tid:7/tb:1(0xa1), bufsize:64, batimeout:0, txa_wnd:8
I (4735) wifi:[ADDBA]RX addba response, status:0, tid:5/tb:1(0xa1), bufsize:64, batimeout:0, txa_wnd:8
D (4736) esp_netif_handlers: esp_netif action connected with netif0x40865560 from event_id=4[0m
D (4752) esp_netif_lwip: check: remote, if=0x40865560 fn=0x42094010[0m
D (4759) esp_netif_lwip: esp_netif_up_api esp_netif:0x40865560[0m
D (4765) esp_netif_lwip: call api in lwip: ret=0x0, give sem[0m
D (4770) esp_netif_lwip: check: remote, if=0x40865560 fn=0x42093328[0m
D (4777) esp_netif_lwip: esp_netif_dhcpc_start_api esp_netif:0x40865560[0m
D (4783) esp_netif_lwip: esp_netif_start_ip_lost_timer esp_netif:0x40865560[0m
D (4790) esp_netif_lwip: if0x40865560 start ip lost tmr: interval=120[0m
D (4797) esp_netif_lwip: starting dhcp client[0m
D (4802) wifi:eb is dhcp or dns sport = 68, dport = 67
D (4806) esp_netif_lwip: call api in lwip: ret=0x0, give sem[0m
W (4811) wifi:<ba-add>idx:0, ifx:0, tid:0, TAHI:0x1002efa, TALO:0xc6b15502, (ssn:0, win:64, cur_ssn:0), CONF:0xc0000005
D (4823) event: running post WIFI_EVENT:4 with handler 0x4200e542 and context 0x40875b34 on loop 0x4086463c[0m
D (5306) wifi:eb is dhcp or dns sport = 68, dport = 67
D (5806) wifi:eb is dhcp or dns sport = 68, dport = 67
D (6812) esp_netif_lwip: esp_netif_internal_dhcpc_cb lwip-netif:0x408655f0[0m
D (6812) esp_netif_lwip: check: local, if=0x40865560 fn=0x42092b34[0m
D (6814) esp_netif_lwip: esp_netif_update_default_netif_lwip 0x40865560[0m
D (6821) esp_netif_lwip: if0x40865560 ip changed=1[0m
D (6825) event: running post IP_EVENT:0 with handler 0x420973b0 and context 0x408657f4 on loop 0x4086463c[0m
D (6835) wifi_init_default: Got IP wifi default handler entered[0m
D (6841) esp_netif_handlers: esp_netif action got_ip with netif0x40865560 from event_id=0[0m
[0;32mI (6849) esp_netif_handlers: sta ip: 192.168.238.118, mask: 255.255.240.0, gw: 192.168.235.1[0m
D (6858) event: running post IP_EVENT:0 with handler 0x4200e542 and context 0x40875b54 on loop 0x4086463c[0m
D (6868) esp_netif_lwip: check: remote, if=0x40865560 fn=0x42093152[0m
D (6874) esp_netif_lwip: esp_netif_get_dns_info: esp_netif=0x40865560 type=0[0m
D (6882) esp_netif_lwip: call api in lwip: ret=0x0, give sem[0m
[0;32mI (6887) clare_net: DHCP DNS main=223.5.5.5[0m
D (6892) esp_netif_lwip: check: remote, if=0x40865560 fn=0x42093082[0m
D (6898) esp_netif_lwip: esp_netif_set_dns_info: if=0x40865560 type=1 dns=50505df[0m
D (6906) esp_netif_lwip: call api in lwip: ret=0x0, give sem[0m
D (6912) esp_netif_lwip: check: remote, if=0x40865560 fn=0x42093082[0m
D (6918) esp_netif_lwip: esp_netif_set_dns_info: if=0x40865560 type=2 dns=1010101[0m
D (6926) esp_netif_lwip: call api in lwip: ret=0x0, give sem[0m
D (6940) spi_master: device0 locked the bus[0m
D (6941) spi_master: device0 release bus[0m
D (6941) spi_master: device0 locked the bus[0m
D (6944) spi_master: device0 release bus[0m
D (6948) spi_master: device0 locked the bus[0m
D (6955) spi_master: device0 release bus[0m
[0;32mI (12463) clare_c6: Boot network self-test begin[0m
D (12466) wifi:eb is dhcp or dns sport = 48454, dport = 53
W (12534) wifi:<ba-add>idx:1, ifx:0, tid:6, TAHI:0x1002efa, TALO:0xc6b15502, (ssn:2, win:64, cur_ssn:2), CONF:0xc0006005
[0;32mI (12536) clare_c6: probe dns ip=172.67.178.147[0m
[0;32mI (12538) clare_c6: probe dns rc=0[0m
[0;32mI (12543) clare_c6: probe socket fd=54 errno=0[0m
I (12548) wifi:[ADDBA]TX addba request, tid:0, dialogtoken:4, bufsize:64, A-MSDU:0(not supported), policy:1(IMR), ssn:0(0x0)
I (12561) wifi:[ADDBA]RX addba response, status:0, tid:0/tb:1(0xa1), bufsize:64, batimeout:0, txa_wnd:8
[0;32mI (12770) clare_c6: probe connect rc=0 errno=0[0m
D (12771) esp-tls: host:clare.vinex.top: strlen 15[0m
D (12772) esp-tls: [sock=54] Resolved IPv4 address: 172.67.178.147[0m
D (12776) esp-tls: [sock=54] Connecting to server. HOST: clare.vinex.top/voice-api/health, Port: 443[0m
D (13001) esp-tls: handshake in progress...[0m
[0;32mI (13001) mbedtls: ssl_tls.c:4673 => handshake
[0m
[0;32mI (13001) mbedtls: ssl_msg.c:2354 => flush output
[0m
[0;32mI (13005) mbedtls: ssl_msg.c:2363 <= flush output
[0m
[0;32mI (13010) mbedtls: ssl_tls.c:4592 client state: MBEDTLS_SSL_HELLO_REQUEST
[0m
D (13018) mbedtls: ssl_misc.h:1353 handshake state: 0 (MBEDTLS_SSL_HELLO_REQUEST) -> 1 (MBEDTLS_SSL_CLIENT_HELLO)
[0m
[0;32mI (13029) mbedtls: ssl_msg.c:2354 => flush output
[0m
[0;32mI (13034) mbedtls: ssl_msg.c:2363 <= flush output
[0m
[0;32mI (13040) mbedtls: ssl_tls.c:4592 client state: MBEDTLS_SSL_CLIENT_HELLO
[0m
[0;32mI (13047) mbedtls: ssl_client.c:921 => write client hello
[0m
D (13054) mbedtls: ssl_client.c:724 client hello, current time: 16564
[0m
D (13060) mbedtls: ssl_client.c:487 dumping 'client hello, random bytes' (32 bytes)
[0m
D (13068) mbedtls: ssl_client.c:487 0000:  00 00 40 b4 59 52 d3 fe 37 9a b8 27 14 1d 84 53  ..@.YR..7..'...S
[0m
D (13078) mbedtls: ssl_client.c:487 0010:  2d b6 7d d7 75 88 5b 80 a8 89 27 c0 40 9a 9c e2  -.}.u.[...'.@...
[0m
D (13088) mbedtls: ssl_client.c:512 dumping 'session id' (0 bytes)
[0m
D (13095) mbedtls: ssl_client.c:370 client hello, add ciphersuite: c02c, TLS-ECDHE-ECDSA-WITH-AES-256-GCM-SHA384
[0m
D (13105) mbedtls: ssl_client.c:370 client hello, add ciphersuite: c030, TLS-ECDHE-RSA-WITH-AES-256-GCM-SHA384
[0m
D (13115) mbedtls: ssl_client.c:370 client hello, add ciphersuite: c0ad, TLS-ECDHE-ECDSA-WITH-AES-256-CCM
[0m
D (13125) mbedtls: ssl_client.c:370 client hello, add ciphersuite: c024, TLS-ECDHE-ECDSA-WITH-AES-256-CBC-SHA384
[0m
D (13136) mbedtls: ssl_client.c:370 client hello, add ciphersuite: c028, TLS-ECDHE-RSA-WITH-AES-256-CBC-SHA384
[0m
D (13146) mbedtls: ssl_client.c:370 client hello, add ciphersuite: c00a, TLS-ECDHE-ECDSA-WITH-AES-256-CBC-SHA
[0m
D (13156) mbedtls: ssl_client.c:370 client hello, add ciphersuite: c014, TLS-ECDHE-RSA-WITH-AES-256-CBC-SHA
[0m
D (13166) mbedtls: ssl_client.c:370 client hello, add ciphersuite: c0af, TLS-ECDHE-ECDSA-WITH-AES-256-CCM-8
[0m
D (13176) mbedtls: ssl_client.c:370 client hello, add ciphersuite: c05d, TLS-ECDHE-ECDSA-WITH-ARIA-256-GCM-SHA384
[0m
D (13186) mbedtls: ssl_client.c:370 client hello, add ciphersuite: c061, TLS-ECDHE-RSA-WITH-ARIA-256-GCM-SHA384
[0m
D (13197) mbedtls: ssl_client.c:370 client hello, add ciphersuite: c049, TLS-ECDHE-ECDSA-WITH-ARIA-256-CBC-SHA384
[0m
D (13207) mbedtls: ssl_client.c:370 client hello, add ciphersuite: c04d, TLS-ECDHE-RSA-WITH-ARIA-256-CBC-SHA384
[0m
D (13218) mbedtls: ssl_client.c:370 client hello, add ciphersuite: c02b, TLS-ECDHE-ECDSA-WITH-AES-128-GCM-SHA256
[0m
D (13228) mbedtls: ssl_client.c:370 client hello, add ciphersuite: c02f, TLS-ECDHE-RSA-WITH-AES-128-GCM-SHA256
[0m
D (13238) mbedtls: ssl_client.c:370 client hello, add ciphersuite: c0ac, TLS-ECDHE-ECDSA-WITH-AES-128-CCM
[0m
D (13248) mbedtls: ssl_client.c:370 client hello, add ciphersuite: c023, TLS-ECDHE-ECDSA-WITH-AES-128-CBC-SHA256
[0m
D (13258) mbedtls: ssl_client.c:370 client hello, add ciphersuite: c027, TLS-ECDHE-RSA-WITH-AES-128-CBC-SHA256
[0m
D (13269) mbedtls: ssl_client.c:370 client hello, add ciphersuite: c009, TLS-ECDHE-ECDSA-WITH-AES-128-CBC-SHA
[0m
D (13279) mbedtls: ssl_client.c:370 client hello, add ciphersuite: c013, TLS-ECDHE-RSA-WITH-AES-128-CBC-SHA
[0m
D (13289) mbedtls: ssl_client.c:370 client hello, add ciphersuite: c0ae, TLS-ECDHE-ECDSA-WITH-AES-128-CCM-8
[0m
D (13299) mbedtls: ssl_client.c:370 client hello, add ciphersuite: c05c, TLS-ECDHE-ECDSA-WITH-ARIA-128-GCM-SHA256
[0m
D (13309) mbedtls: ssl_client.c:370 client hello, add ciphersuite: c060, TLS-ECDHE-RSA-WITH-ARIA-128-GCM-SHA256
[0m
D (13320) mbedtls: ssl_client.c:370 client hello, add ciphersuite: c048, TLS-ECDHE-ECDSA-WITH-ARIA-128-CBC-SHA256
[0m
D (13330) mbedtls: ssl_client.c:370 client hello, add ciphersuite: c04c, TLS-ECDHE-RSA-WITH-ARIA-128-CBC-SHA256
[0m
D (13340) mbedtls: ssl_client.c:370 client hello, add ciphersuite: 009d, TLS-RSA-WITH-AES-256-GCM-SHA384
[0m
D (13350) mbedtls: ssl_client.c:370 client hello, add ciphersuite: c09d, TLS-RSA-WITH-AES-256-CCM
[0m
D (13359) mbedtls: ssl_client.c:370 client hello, add ciphersuite: 003d, TLS-RSA-WITH-AES-256-CBC-SHA256
[0m
D (13369) mbedtls: ssl_client.c:370 client hello, add ciphersuite: 0035, TLS-RSA-WITH-AES-256-CBC-SHA
[0m
D (13378) mbedtls: ssl_client.c:370 client hello, add ciphersuite: c032, TLS-ECDH-RSA-WITH-AES-256-GCM-SHA384
[0m
D (13389) mbedtls: ssl_client.c:370 client hello, add ciphersuite: c02a, TLS-ECDH-RSA-WITH-AES-256-CBC-SHA384
[0m
D (13399) mbedtls: ssl_client.c:370 client hello, add ciphersuite: c00f, TLS-ECDH-RSA-WITH-AES-256-CBC-SHA
[0m
D (13409) mbedtls: ssl_client.c:370 client hello, add ciphersuite: c02e, TLS-ECDH-ECDSA-WITH-AES-256-GCM-SHA384
[0m
D (13419) mbedtls: ssl_client.c:370 client hello, add ciphersuite: c026, TLS-ECDH-ECDSA-WITH-AES-256-CBC-SHA384
[0m
D (13429) mbedtls: ssl_client.c:370 client hello, add ciphersuite: c005, TLS-ECDH-ECDSA-WITH-AES-256-CBC-SHA
[0m
D (13439) mbedtls: ssl_client.c:370 client hello, add ciphersuite: c0a1, TLS-RSA-WITH-AES-256-CCM-8
[0m
D (13449) mbedtls: ssl_client.c:370 client hello, add ciphersuite: c05f, TLS-ECDH-ECDSA-WITH-ARIA-256-GCM-SHA384
[0m
D (13459) mbedtls: ssl_client.c:370 client hello, add ciphersuite: c063, TLS-ECDH-RSA-WITH-ARIA-256-GCM-SHA384
[0m
D (13469) mbedtls: ssl_client.c:370 client hello, add ciphersuite: c051, TLS-RSA-WITH-ARIA-256-GCM-SHA384
[0m
D (13479) mbedtls: ssl_client.c:370 client hello, add ciphersuite: c04b, TLS-ECDH-ECDSA-WITH-ARIA-256-CBC-SHA384
[0m
D (13490) mbedtls: ssl_client.c:370 client hello, add ciphersuite: c04f, TLS-ECDH-RSA-WITH-ARIA-256-CBC-SHA384
[0m
D (13500) mbedtls: ssl_client.c:370 client hello, add ciphersuite: c03d, TLS-RSA-WITH-ARIA-256-CBC-SHA384
[0m
D (13510) mbedtls: ssl_client.c:370 client hello, add ciphersuite: 009c, TLS-RSA-WITH-AES-128-GCM-SHA256
[0m
D (13519) mbedtls: ssl_client.c:370 client hello, add ciphersuite: c09c, TLS-RSA-WITH-AES-128-CCM
[0m
D (13528) mbedtls: ssl_client.c:370 client hello, add ciphersuite: 003c, TLS-RSA-WITH-AES-128-CBC-SHA256
[0m
D (13538) mbedtls: ssl_client.c:370 client hello, add ciphersuite: 002f, TLS-RSA-WITH-AES-128-CBC-SHA
[0m
D (13548) mbedtls: ssl_client.c:370 client hello, add ciphersuite: c031, TLS-ECDH-RSA-WITH-AES-128-GCM-SHA256
[0m
D (13558) mbedtls: ssl_client.c:370 client hello, add ciphersuite: c029, TLS-ECDH-RSA-WITH-AES-128-CBC-SHA256
[0m
D (13568) mbedtls: ssl_client.c:370 client hello, add ciphersuite: c00e, TLS-ECDH-RSA-WITH-AES-128-CBC-SHA
[0m
D (13578) mbedtls: ssl_client.c:370 client hello, add ciphersuite: c02d, TLS-ECDH-ECDSA-WITH-AES-128-GCM-SHA256
[0m
D (13588) mbedtls: ssl_client.c:370 client hello, add ciphersuite: c025, TLS-ECDH-ECDSA-WITH-AES-128-CBC-SHA256
[0m
D (13599) mbedtls: ssl_client.c:370 client hello, add ciphersuite: c004, TLS-ECDH-ECDSA-WITH-AES-128-CBC-SHA
[0m
D (13609) mbedtls: ssl_client.c:370 client hello, add ciphersuite: c0a0, TLS-RSA-WITH-AES-128-CCM-8
[0m
D (13618) mbedtls: ssl_client.c:370 client hello, add ciphersuite: c05e, TLS-ECDH-ECDSA-WITH-ARIA-128-GCM-SHA256
[0m
D (13628) mbedtls: ssl_client.c:370 client hello, add ciphersuite: c062, TLS-ECDH-RSA-WITH-ARIA-128-GCM-SHA256
[0m
D (13639) mbedtls: ssl_client.c:370 client hello, add ciphersuite: c050, TLS-RSA-WITH-ARIA-128-GCM-SHA256
[0m
D (13648) mbedtls: ssl_client.c:370 client hello, add ciphersuite: c04a, TLS-ECDH-ECDSA-WITH-ARIA-128-CBC-SHA256
[0m
D (13659) mbedtls: ssl_client.c:370 client hello, add ciphersuite: c04e, TLS-ECDH-RSA-WITH-ARIA-128-CBC-SHA256
[0m
D (13669) mbedtls: ssl_client.c:370 client hello, add ciphersuite: c03c, TLS-RSA-WITH-ARIA-128-CBC-SHA256
[0m
D (13679) mbedtls: ssl_client.c:388 adding EMPTY_RENEGOTIATION_INFO_SCSV
[0m
D (13686) mbedtls: ssl_client.c:397 client hello, got 59 cipher suites
[0m
D (13693) mbedtls: ssl_client.c:41 client hello, adding server name extension: clare.vinex.top
[0m
D (13701) mbedtls: ssl_client.c:231 client hello, adding supported_groups extension
[0m
D (13709) mbedtls: ssl_client.c:250 got supported group(001d)
[0m
D (13715) mbedtls: ssl_client.c:282 NamedGroup: x25519 ( 1d )
[0m
D (13721) mbedtls: ssl_client.c:250 got supported group(0017)
[0m
D (13727) mbedtls: ssl_client.c:282 NamedGroup: secp256r1 ( 17 )
[0m
D (13733) mbedtls: ssl_client.c:250 got supported group(0018)
[0m
D (13739) mbedtls: ssl_client.c:282 NamedGroup: secp384r1 ( 18 )
[0m
D (13746) mbedtls: ssl_client.c:250 got supported group(0019)
[0m
D (13752) mbedtls: ssl_client.c:282 NamedGroup: secp521r1 ( 19 )
[0m
D (13758) mbedtls: ssl_client.c:250 got supported group(001a)
[0m
D (13764) mbedtls: ssl_client.c:282 NamedGroup: bp256r1 ( 1a )
[0m
D (13770) mbedtls: ssl_client.c:250 got supported group(001b)
[0m
D (13776) mbedtls: ssl_client.c:282 NamedGroup: bp384r1 ( 1b )
[0m
D (13782) mbedtls: ssl_client.c:250 got supported group(001c)
[0m
D (13788) mbedtls: ssl_client.c:282 NamedGroup: bp512r1 ( 1c )
[0m
D (13794) mbedtls: ssl_client.c:302 dumping 'Supported groups extension' (16 bytes)
[0m
D (13802) mbedtls: ssl_client.c:302 0000:  00 0e 00 1d 00 17 00 18 00 19 00 1a 00 1b 00 1c  ................
[0m
D (13812) mbedtls: ssl_tls.c:9437 adding signature_algorithms extension
[0m
D (13819) mbedtls: ssl_tls.c:9457 got signature scheme [603] ecdsa_secp521r1_sha512
[0m
D (13827) mbedtls: ssl_tls.c:9466 sent signature scheme [603] ecdsa_secp521r1_sha512
[0m
D (13835) mbedtls: ssl_tls.c:9457 got signature scheme [806] rsa_pss_rsae_sha512
[0m
D (13843) mbedtls: ssl_tls.c:9457 got signature scheme [601] rsa_pkcs1_sha512
[0m
D (13850) mbedtls: ssl_tls.c:9466 sent signature scheme [601] rsa_pkcs1_sha512
[0m
D (13857) mbedtls: ssl_tls.c:9457 got signature scheme [503] ecdsa_secp384r1_sha384
[0m
D (13865) mbedtls: ssl_tls.c:9466 sent signature scheme [503] ecdsa_secp384r1_sha384
[0m
D (13873) mbedtls: ssl_tls.c:9457 got signature scheme [805] rsa_pss_rsae_sha384
[0m
D (13881) mbedtls: ssl_tls.c:9457 got signature scheme [501] rsa_pkcs1_sha384
[0m
D (13888) mbedtls: ssl_tls.c:9466 sent signature scheme [501] rsa_pkcs1_sha384
[0m
D (13896) mbedtls: ssl_tls.c:9457 got signature scheme [403] ecdsa_secp256r1_sha256
[0m
D (13904) mbedtls: ssl_tls.c:9466 sent signature scheme [403] ecdsa_secp256r1_sha256
[0m
D (13912) mbedtls: ssl_tls.c:9457 got signature scheme [804] rsa_pss_rsae_sha256
[0m
D (13919) mbedtls: ssl_tls.c:9457 got signature scheme [401] rsa_pkcs1_sha256
[0m
D (13927) mbedtls: ssl_tls.c:9466 sent signature scheme [401] rsa_pkcs1_sha256
[0m
D (13934) mbedtls: ssl_tls12_client.c:105 client hello, adding supported_point_formats extension
[0m
D (13943) mbedtls: ssl_tls12_client.c:306 client hello, adding encrypt_then_mac extension
[0m
D (13952) mbedtls: ssl_tls12_client.c:338 client hello, adding extended_master_secret extension
[0m
D (13960) mbedtls: ssl_tls12_client.c:372 client hello, adding session ticket extension
[0m
D (13969) mbedtls: ssl_client.c:689 client hello, total extension length: 80
[0m
D (13976) mbedtls: ssl_client.c:691 dumping 'client hello extensions' (80 bytes)
[0m
D (13984) mbedtls: ssl_client.c:691 0000:  00 50 00 00 00 14 00 12 00 00 0f 63 6c 61 72 65  .P.........clare
[0m
D (13994) mbedtls: ssl_client.c:691 0010:  2e 76 69 6e 65 78 2e 74 6f 70 00 0a 00 10 00 0e  .vinex.top......
[0m
D (14004) mbedtls: ssl_client.c:691 0020:  00 1d 00 17 00 18 00 19 00 1a 00 1b 00 1c 00 0d  ................
[0m
D (14014) mbedtls: ssl_client.c:691 0030:  00 0e 00 0c 06 03 06 01 05 03 05 01 04 03 04 01  ................
[0m
D (14024) mbedtls: ssl_client.c:691 0040:  00 0b 00 02 01 00 00 16 00 00 00 17 00 00 00 23  ...............#
[0m
[0;32mI (14035) mbedtls: ssl_msg.c:2784 => write handshake message
[0m
[0;32mI (14040) mbedtls: ssl_msg.c:2944 => write record
[0m
D (14046) mbedtls: ssl_msg.c:3028 output record: msgtype = 22, version = [3:3], msglen = 243
[0m
[0;32mI (14056) mbedtls: ssl_msg.c:3081 <= write record
[0m
[0;32mI (14060) mbedtls: ssl_msg.c:2905 <= write handshake message
[0m
D (14067) mbedtls: ssl_misc.h:1353 handshake state: 1 (MBEDTLS_SSL_CLIENT_HELLO) -> 2 (MBEDTLS_SSL_SERVER_HELLO)
[0m
[0;32mI (14077) mbedtls: ssl_client.c:1014 <= write client hello
[0m
[0;32mI (14084) mbedtls: ssl_msg.c:2354 => flush output
[0m
[0;32mI (14089) mbedtls: ssl_msg.c:2368 message length: 248, out_left: 248
[0m
[0;32mI (14097) mbedtls: ssl_msg.c:2375 ssl->f_send() returned 248 (-0xffffff08)
[0m
[0;32mI (14104) mbedtls: ssl_msg.c:2402 <= flush output
[0m
[0;32mI (14110) mbedtls: ssl_tls.c:4592 client state: MBEDTLS_SSL_SERVER_HELLO
[0m
[0;32mI (14117) mbedtls: ssl_tls12_client.c:1195 => parse server hello
[0m
[0;32mI (14124) mbedtls: ssl_msg.c:4299 => read record
[0m
[0;32mI (14129) mbedtls: ssl_msg.c:2156 => fetch input
[0m
[0;32mI (14135) mbedtls: ssl_msg.c:2296 in_left: 0, nb_want: 5
[0m
[0;32mI (14313) mbedtls: ssl_msg.c:2316 in_left: 0, nb_want: 5
[0m
[0;32mI (14314) mbedtls: ssl_msg.c:2319 ssl->f_recv(_timeout)() returned 5 (-0xfffffffb)
[0m
[0;32mI (14317) mbedtls: ssl_msg.c:2341 <= fetch input
[0m
D (14323) mbedtls: ssl_msg.c:3966 input record: msgtype = 22, version = [0x303], msglen = 67
[0m
[0;32mI (14331) mbedtls: ssl_msg.c:2156 => fetch input
[0m
[0;32mI (14337) mbedtls: ssl_msg.c:2296 in_left: 5, nb_want: 72
[0m
[0;32mI (14343) mbedtls: ssl_msg.c:2316 in_left: 5, nb_want: 72
[0m
[0;32mI (14349) mbedtls: ssl_msg.c:2319 ssl->f_recv(_timeout)() returned 67 (-0xffffffbd)
[0m
[0;32mI (14358) mbedtls: ssl_msg.c:2341 <= fetch input
[0m
D (14364) mbedtls: ssl_msg.c:3239 handshake message: msglen = 67, type = 2, hslen = 67
[0m
D (14371) mbedtls: ssl_msg.c:3328 sole handshake fragment: 67, 0..67 of 67
[0m
[0;32mI (14380) mbedtls: ssl_msg.c:4371 <= read record
[0m
D (14384) mbedtls: ssl_tls12_client.c:1269 dumping 'server hello, version' (2 bytes)
[0m
D (14392) mbedtls: ssl_tls12_client.c:1269 0000:  03 03                                            ..
[0m
D (14401) mbedtls: ssl_tls12_client.c:1290 server hello, current time: 1787930729
[0m
D (14409) mbedtls: ssl_tls12_client.c:1300 dumping 'server hello, random bytes' (32 bytes)
[0m
D (14418) mbedtls: ssl_tls12_client.c:1300 0000:  6a 91 a8 69 70 cc 44 1d f4 27 04 6c 9c 94 0b f1  j..ip.D..'.l....
[0m
D (14428) mbedtls: ssl_tls12_client.c:1300 0010:  db 0d d6 a8 29 57 f9 c1 44 4f 57 4e 47 52 44 01  ....)W..DOWNGRD.
[0m
D (14439) mbedtls: ssl_tls12_client.c:1362 server hello, session id len.: 0
[0m
D (14446) mbedtls: ssl_tls12_client.c:1363 dumping 'server hello, session id' (0 bytes)
[0m
D (14454) mbedtls: ssl_misc.h:1353 handshake state: 2 (MBEDTLS_SSL_SERVER_HELLO) -> 3 (MBEDTLS_SSL_SERVER_CERTIFICATE)
[0m
D (14465) mbedtls: ssl_tls12_client.c:1387 no session has been resumed
[0m
D (14472) mbedtls: ssl_tls12_client.c:1390 server hello, chosen ciphersuite: c02b
[0m
D (14480) mbedtls: ssl_tls12_client.c:1391 server hello, compress alg.: 0
[0m
D (14487) mbedtls: ssl_tls12_client.c:1426 server hello, chosen ciphersuite: TLS-ECDHE-ECDSA-WITH-AES-128-GCM-SHA256
[0m
[0;32mI (14498) mbedtls: ssl_tls12_client.c:1447 server hello, total extension length: 23
[0m
D (14506) mbedtls: ssl_tls12_client.c:1592 unknown extension found: 0 (ignoring)
[0m
D (14514) mbedtls: ssl_tls12_client.c:1517 found extended_master_secret extension
[0m
D (14521) mbedtls: ssl_tls12_client.c:1465 found renegotiation extension
[0m
D (14528) mbedtls: ssl_tls12_client.c:1544 found supported_point_formats extension
[0m
D (14536) mbedtls: ssl_tls12_client.c:1530 found session_ticket extension
[0m
[0;32mI (14543) mbedtls: ssl_tls12_client.c:1661 <= parse server hello
[0m
[0;32mI (14550) mbedtls: ssl_msg.c:2354 => flush output
[0m
[0;32mI (14556) mbedtls: ssl_msg.c:2363 <= flush output
[0m
[0;32mI (14561) mbedtls: ssl_tls.c:4592 client state: MBEDTLS_SSL_SERVER_CERTIFICATE
[0m
[0;32mI (14569) mbedtls: ssl_tls.c:8027 => parse certificate
[0m
[0;32mI (14575) mbedtls: ssl_msg.c:4299 => read record
[0m
[0;32mI (14581) mbedtls: ssl_msg.c:2156 => fetch input
[0m
[0;32mI (14586) mbedtls: ssl_msg.c:2296 in_left: 0, nb_want: 5
[0m
[0;32mI (14592) mbedtls: ssl_msg.c:2316 in_left: 0, nb_want: 5
[0m
[0;32mI (14598) mbedtls: ssl_msg.c:2319 ssl->f_recv(_timeout)() returned 5 (-0xfffffffb)
[0m
[0;32mI (14607) mbedtls: ssl_msg.c:2341 <= fetch input
[0m
D (14613) mbedtls: ssl_msg.c:3966 input record: msgtype = 22, version = [0x303], msglen = 3409
[0m
[0;32mI (14621) mbedtls: ssl_msg.c:2156 => fetch input
[0m
[0;32mI (14627) mbedtls: ssl_msg.c:2296 in_left: 5, nb_want: 3414
[0m
[0;32mI (14634) mbedtls: ssl_msg.c:2316 in_left: 5, nb_want: 3414
[0m
[0;32mI (14640) mbedtls: ssl_msg.c:2319 ssl->f_recv(_timeout)() returned 3409 (-0xfffff2af)
[0m
[0;32mI (14648) mbedtls: ssl_msg.c:2341 <= fetch input
[0m
D (14675) mbedtls: ssl_msg.c:3239 handshake message: msglen = 3409, type = 11, hslen = 3409
[0m
D (14675) mbedtls: ssl_msg.c:3328 sole handshake fragment: 3409, 0..3409 of 3409
[0m
[0;32mI (14703) mbedtls: ssl_msg.c:4371 <= read record
[0m
D (14705) mbedtls: ssl_tls.c:7899 peer certificate #1:
[0m
D (14706) mbedtls: ssl_tls.c:7899 cert. version     : 3
[0m
D (14708) mbedtls: ssl_tls.c:7899 serial number     : 05:D0:99:8E:FA:9A:21:07:1C:62:38:22:5A:B0:C8:72:AA:10
[0m
D (14718) mbedtls: ssl_tls.c:7899 issuer name       : C=US, O=Let's Encrypt, CN=YE1
[0m
D (14726) mbedtls: ssl_tls.c:7899 subject name      : CN=vinex.top
[0m
D (14732) mbedtls: ssl_tls.c:7899 issued  on        : 2026-08-23 05:15:56
[0m
D (14739) mbedtls: ssl_tls.c:7899 expires on        : 2026-11-21 05:15:55
[0m
D (14746) mbedtls: ssl_tls.c:7899 signed using      : ECDSA with SHA384
[0m
D (14753) mbedtls: ssl_tls.c:7899 EC key size       : 256 bits
[0m
D (14759) mbedtls: ssl_tls.c:7899 basic constraints : CA=false
[0m
D (14765) mbedtls: ssl_tls.c:7899 subject alt name  :
[0m
D (14771) mbedtls: ssl_tls.c:7899     dNSName : *.vinex.top
[0m
D (14776) mbedtls: ssl_tls.c:7899     dNSName : vinex.top
[0m
D (14782) mbedtls: ssl_tls.c:7899 key usage         : Digital Signature
[0m
D (14789) mbedtls: ssl_tls.c:7899 ext key usage     : TLS Web Server Authentication
[0m
D (14797) mbedtls: ssl_tls.c:7899 certificate policies : ???
[0m
D (14803) mbedtls: ssl_tls.c:7899 value of 'crt->eckey.Q(X)' (254 bits) is:
[0m
D (14810) mbedtls: ssl_tls.c:7899  37 19 c6 d2 33 70 72 15 58 54 3e 17 79 7f b3 5e
[0m
D (14818) mbedtls: ssl_tls.c:7899  3c f3 0f 8c 42 a5 6e ad d6 ff f5 4e e0 ab c4 f9
[0m
D (14826) mbedtls: ssl_tls.c:7899 value of 'crt->eckey.Q(Y)' (256 bits) is:
[0m
D (14833) mbedtls: ssl_tls.c:7899  ff 61 8c eb 61 4f 3e e2 cb fd 34 f3 b9 7e 90 26
[0m
D (14841) mbedtls: ssl_tls.c:7899  cd 0f ee b1 e0 9a 9b 44 3e 6d 38 0b 34 5d ce 08
[0m
D (14848) mbedtls: ssl_tls.c:7899 peer certificate #2:
[0m
D (14854) mbedtls: ssl_tls.c:7899 cert. version     : 3
[0m
D (14859) mbedtls: ssl_tls.c:7899 serial number     : 5D:DD:70:DD:31:F8:01:C8:5C:18:6A:7A:04:B8:0A:FE
[0m
D (14869) mbedtls: ssl_tls.c:7899 issuer name       : C=US, O=ISRG, CN=Root YE
[0m
D (14876) mbedtls: ssl_tls.c:7899 subject name      : C=US, O=Let's Encrypt, CN=YE1
[0m
D (14884) mbedtls: ssl_tls.c:7899 issued  on        : 2025-09-03 00:00:00
[0m
D (14891) mbedtls: ssl_tls.c:7899 expires on        : 2028-09-02 23:59:59
[0m
D (14898) mbedtls: ssl_tls.c:7899 signed using      : ECDSA with SHA384
[0m
D (14905) mbedtls: ssl_tls.c:7899 EC key size       : 384 bits
[0m
D (14911) mbedtls: ssl_tls.c:7899 basic constraints : CA=true, max_pathlen=0
[0m
D (14918) mbedtls: ssl_tls.c:7899 key usage         : Digital Signature, Key Cert Sign, CRL Sign
[0m
D (14927) mbedtls: ssl_tls.c:7899 ext key usage     : TLS Web Server Authentication
[0m
D (14935) mbedtls: ssl_tls.c:7899 certificate policies : ???
[0m
D (14941) mbedtls: ssl_tls.c:7899 value of 'crt->eckey.Q(X)' (379 bits) is:
[0m
D (14949) mbedtls: ssl_tls.c:7899  07 65 50 75 fe 68 a6 95 ad a1 7d 2b ab ca 54 9c
[0m
D (14956) mbedtls: ssl_tls.c:7899  8c f3 19 68 e2 57 2f 3f cd 9c 07 36 b3 29 66 f1
[0m
D (14964) mbedtls: ssl_tls.c:7899  60 f2 85 4f 42 72 9f b3 01 24 22 e6 f4 b0 18 62
[0m
D (14972) mbedtls: ssl_tls.c:7899 value of 'crt->eckey.Q(Y)' (383 bits) is:
[0m
D (14979) mbedtls: ssl_tls.c:7899  63 48 69 25 90 3f 5f 74 f4 7c 1a 9c 83 20 e2 23
[0m
D (14987) mbedtls: ssl_tls.c:7899  08 47 eb 9d bb 7f bf e6 52 10 f2 cb 10 66 da 33
[0m
D (14995) mbedtls: ssl_tls.c:7899  a1 1c 70 36 cd ee 9f 71 b5 e2 26 d8 0b df fa bc
[0m
D (15003) mbedtls: ssl_tls.c:7899 peer certificate #3:
[0m
D (15008) mbedtls: ssl_tls.c:7899 cert. version     : 3
[0m
D (15013) mbedtls: ssl_tls.c:7899 serial number     : 87:21:65:FC:34:B6:E5:FB:A8:AD:D5:B3:70:5F:B5:3A
[0m
D (15023) mbedtls: ssl_tls.c:7899 issuer name       : C=US, O=Internet Security Research Group, CN=ISRG Root X2
[0m
D (15033) mbedtls: ssl_tls.c:7899 subject name      : C=US, O=ISRG, CN=Root YE
[0m
D (15041) mbedtls: ssl_tls.c:7899 issued  on        : 2026-05-13 00:00:00
[0m
D (15048) mbedtls: ssl_tls.c:7899 expires on        : 2032-09-02 23:59:59
[0m
D (15055) mbedtls: ssl_tls.c:7899 signed using      : ECDSA with SHA384
[0m
D (15062) mbedtls: ssl_tls.c:7899 EC key size       : 384 bits
[0m
D (15068) mbedtls: ssl_tls.c:7899 basic constraints : CA=true
[0m
D (15074) mbedtls: ssl_tls.c:7899 key usage         : Key Cert Sign, CRL Sign
[0m
D (15081) mbedtls: ssl_tls.c:7899 ext key usage     : TLS Web Server Authentication
[0m
D (15089) mbedtls: ssl_tls.c:7899 certificate policies : ???
[0m
D (15095) mbedtls: ssl_tls.c:7899 value of 'crt->eckey.Q(X)' (382 bits) is:
[0m
D (15102) mbedtls: ssl_tls.c:7899  3c 12 ff ab e1 ad c5 6a 71 b0 68 fb 08 1d 23 77
[0m
D (15110) mbedtls: ssl_tls.c:7899  f0 9f dc 7b 0c d2 49 39 8f e5 4c eb 62 d2 f9 30
[0m
D (15118) mbedtls: ssl_tls.c:7899  b9 13 7c ed 18 44 85 31 f5 ec 4e d7 c8 58 d6 b0
[0m
D (15125) mbedtls: ssl_tls.c:7899 value of 'crt->eckey.Q(Y)' (384 bits) is:
[0m
D (15133) mbedtls: ssl_tls.c:7899  f6 21 20 fb 7f c3 33 aa c5 37 76 6f ee 19 24 dc
[0m
D (15141) mbedtls: ssl_tls.c:7899  bd 20 3d 38 63 2c 05 f5 4e 73 6a c0 d5 c8 64 8d
[0m
D (15148) mbedtls: ssl_tls.c:7899  12 b5 4d b7 3f 2e 48 68 79 8b 35 bc ee 3e fb 19
[0m
D (15156) mbedtls: ssl_tls.c:7899 peer certificate #4:
[0m
D (15162) mbedtls: ssl_tls.c:7899 cert. version     : 3
[0m
D (15167) mbedtls: ssl_tls.c:7899 serial number     : 6C:8F:1D:C7:27:C7:11:7F:7B:AF:85:3A:C9:80:F9:CD
[0m
D (15176) mbedtls: ssl_tls.c:7899 issuer name       : C=US, O=Internet Security Research Group, CN=ISRG Root X1
[0m
D (15187) mbedtls: ssl_tls.c:7899 subject name      : C=US, O=Internet Security Research Group, CN=ISRG Root X2
[0m
D (15197) mbedtls: ssl_tls.c:7899 issued  on        : 2026-05-13 00:00:00
[0m
D (15204) mbedtls: ssl_tls.c:7899 expires on        : 2032-09-02 23:59:59
[0m
D (15211) mbedtls: ssl_tls.c:7899 signed using      : RSA with SHA-256
[0m
D (15218) mbedtls: ssl_tls.c:7899 EC key size       : 384 bits
[0m
D (15224) mbedtls: ssl_tls.c:7899 basic constraints : CA=true
[0m
D (15230) mbedtls: ssl_tls.c:7899 key usage         : Key Cert Sign, CRL Sign
[0m
D (15237) mbedtls: ssl_tls.c:7899 ext key usage     : TLS Web Server Authentication, TLS Web Client Authentication
[0m
D (15248) mbedtls: ssl_tls.c:7899 certificate policies : ???
[0m
D (15254) mbedtls: ssl_tls.c:7899 value of 'crt->eckey.Q(X)' (384 bits) is:
[0m
D (15261) mbedtls: ssl_tls.c:7899  cd 9b d5 9f 80 83 0a ec 09 4a f3 16 4a 3e 5c cf
[0m
D (15269) mbedtls: ssl_tls.c:7899  77 ac de 67 05 0d 1d 07 b6 dc 16 fb 5a 8b 14 db
[0m
D (15277) mbedtls: ssl_tls.c:7899  e2 71 60 c4 ba 45 95 11 89 8e ea 06 df f7 2a 16
[0m
D (15284) mbedtls: ssl_tls.c:7899 value of 'crt->eckey.Q(Y)' (381 bits) is:
[0m
D (15292) mbedtls: ssl_tls.c:7899  1c a4 b9 c5 c5 32 e0 03 e0 1e 82 18 38 8b d7 45
[0m
D (15300) mbedtls: ssl_tls.c:7899  d8 0a 6a 6e e6 00 77 fb 02 51 7d 22 d8 0a 6e 9a
[0m
D (15307) mbedtls: ssl_tls.c:7899  5b 77 df f0 fa 41 ec 39 dc 75 ca 68 07 0c 1f ea
[0m
[0;32mI (15316) mbedtls: ssl_tls.c:8141 <= parse certificate
[0m
D (15321) mbedtls: ssl_misc.h:1353 handshake state: 3 (MBEDTLS_SSL_SERVER_CERTIFICATE) -> 4 (MBEDTLS_SSL_SERVER_KEY_EXCHANGE)
[0m
[0;32mI (15333) mbedtls: ssl_msg.c:2354 => flush output
[0m
[0;32mI (15338) mbedtls: ssl_msg.c:2363 <= flush output
[0m
[0;32mI (15344) mbedtls: ssl_tls.c:4592 client state: MBEDTLS_SSL_SERVER_KEY_EXCHANGE
[0m
[0;32mI (15352) mbedtls: ssl_tls12_client.c:2089 => parse server key exchange
[0m
[0;32mI (15359) mbedtls: ssl_msg.c:4299 => read record
[0m
[0;32mI (15365) mbedtls: ssl_msg.c:2156 => fetch input
[0m
[0;32mI (15370) mbedtls: ssl_msg.c:2296 in_left: 0, nb_want: 5
[0m
[0;32mI (15377) mbedtls: ssl_msg.c:2316 in_left: 0, nb_want: 5
[0m
[0;32mI (15383) mbedtls: ssl_msg.c:2319 ssl->f_recv(_timeout)() returned 5 (-0xfffffffb)
[0m
[0;32mI (15391) mbedtls: ssl_msg.c:2341 <= fetch input
[0m
D (15397) mbedtls: ssl_msg.c:3966 input record: msgtype = 22, version = [0x303], msglen = 114
[0m
[0;32mI (15405) mbedtls: ssl_msg.c:2156 => fetch input
[0m
[0;32mI (15411) mbedtls: ssl_msg.c:2296 in_left: 5, nb_want: 119
[0m
[0;32mI (15417) mbedtls: ssl_msg.c:2316 in_left: 5, nb_want: 119
[0m
[0;32mI (15423) mbedtls: ssl_msg.c:2319 ssl->f_recv(_timeout)() returned 114 (-0xffffff8e)
[0m
[0;32mI (15432) mbedtls: ssl_msg.c:2341 <= fetch input
[0m
D (15438) mbedtls: ssl_msg.c:3239 handshake message: msglen = 114, type = 12, hslen = 114
[0m
D (15446) mbedtls: ssl_msg.c:3328 sole handshake fragment: 114, 0..114 of 114
[0m
[0;32mI (15454) mbedtls: ssl_msg.c:4371 <= read record
[0m
D (15459) mbedtls: ssl_tls12_client.c:2176 dumping 'server key exchange' (110 bytes)
[0m
D (15467) mbedtls: ssl_tls12_client.c:2176 0000:  03 00 1d 20 c2 09 cc 13 6d 54 fb 7d b6 d6 4f f8  ... ....mT.}..O.
[0m
D (15477) mbedtls: ssl_tls12_client.c:2176 0010:  e4 c6 91 be 21 59 d4 fd 8b f5 29 c0 ab 68 e2 9c  ....!Y....)..h..
[0m
D (15488) mbedtls: ssl_tls12_client.c:2176 0020:  a4 c0 1e 29 04 03 00 46 30 44 02 20 36 a3 4b 9b  ...)...F0D. 6.K.
[0m
D (15499) mbedtls: ssl_tls12_client.c:2176 0030:  13 0c e6 38 a7 0e a1 78 91 ee f7 dd c4 14 f3 f2  ...8...x........
[0m
D (15509) mbedtls: ssl_tls12_client.c:2176 0040:  02 ea 8c f4 1b fc 74 4b b2 a6 93 bf 02 20 16 15  ......tK..... ..
[0m
D (15520) mbedtls: ssl_tls12_client.c:2176 0050:  d1 14 04 3a 2b fd 82 91 a8 e1 b0 9e 5c 8e 81 99  ...:+.......\...
[0m
D (15531) mbedtls: ssl_tls12_client.c:2176 0060:  7d ea 2e a4 95 07 d2 19 c9 97 2c fc 3f c9        }.........,.?.
[0m
[0;32mI (15542) mbedtls: ssl_tls12_client.c:1805 ECDH curve: x25519
[0m
D (15548) mbedtls: ssl_tls12_client.c:1812 value of 'ECDH: Qp(X)' (254 bits) is:
[0m
D (15556) mbedtls: ssl_tls12_client.c:1812  29 1e c0 a4 9c e2 68 ab c0 29 f5 8b fd d4 59 21
[0m
D (15564) mbedtls: ssl_tls12_client.c:1812  be 91 c6 e4 f8 4f d6 b6 7d fb 54 6d 13 cc 09 c2
[0m
D (15573) mbedtls: ssl_tls12_client.c:1812 value of 'ECDH: Qp(Y)' (0 bits) is:
[0m
D (15580) mbedtls: ssl_tls12_client.c:1812  00
[0m
D (15585) mbedtls: ssl_tls12_client.c:2371 dumping 'signature' (70 bytes)
[0m
D (15592) mbedtls: ssl_tls12_client.c:2371 0000:  30 44 02 20 36 a3 4b 9b 13 0c e6 38 a7 0e a1 78  0D. 6.K....8...x
[0m
D (15603) mbedtls: ssl_tls12_client.c:2371 0010:  91 ee f7 dd c4 14 f3 f2 02 ea 8c f4 1b fc 74 4b  ..............tK
[0m
D (15613) mbedtls: ssl_tls12_client.c:2371 0020:  b2 a6 93 bf 02 20 16 15 d1 14 04 3a 2b fd 82 91  ..... .....:+...
[0m
D (15624) mbedtls: ssl_tls12_client.c:2371 0030:  a8 e1 b0 9e 5c 8e 81 99 7d ea 2e a4 95 07 d2 19  ....\...}.......
[0m
D (15635) mbedtls: ssl_tls12_client.c:2371 0040:  c9 97 2c fc 3f c9                                ..,.?.
[0m
D (15644) mbedtls: ssl_tls.c:9237 Perform mbedtls-based computation of digest of ServerKeyExchange
[0m
D (15654) mbedtls: ssl_tls12_client.c:2388 dumping 'parameters hash' (32 bytes)
[0m
D (15661) mbedtls: ssl_tls12_client.c:2388 0000:  9b 95 88 fb ad 07 f3 e8 31 00 65 75 30 22 bf 54  ........1.eu0".T
[0m
D (15672) mbedtls: ssl_tls12_client.c:2388 0010:  17 92 57 d4 ea 9d 1f 82 96 d7 d5 a8 e3 80 5f 79  ..W..........._y
[0m
D (15719) mbedtls: ssl_misc.h:1353 handshake state: 4 (MBEDTLS_SSL_SERVER_KEY_EXCHANGE) -> 5 (MBEDTLS_SSL_CERTIFICATE_REQUEST)
[0m
[0;32mI (15720) mbedtls: ssl_tls12_client.c:2459 <= parse server key exchange
[0m
[0;32mI (15727) mbedtls: ssl_msg.c:2354 => flush output
[0m
[0;32mI (15733) mbedtls: ssl_msg.c:2363 <= flush output
[0m
[0;32mI (15738) mbedtls: ssl_tls.c:4592 client state: MBEDTLS_SSL_CERTIFICATE_REQUEST
[0m
[0;32mI (15747) mbedtls: ssl_tls12_client.c:2498 => parse certificate request
[0m
[0;32mI (15754) mbedtls: ssl_msg.c:4299 => read record
[0m
[0;32mI (15760) mbedtls: ssl_msg.c:2156 => fetch input
[0m
[0;32mI (15765) mbedtls: ssl_msg.c:2296 in_left: 0, nb_want: 5
[0m
[0;32mI (15771) mbedtls: ssl_msg.c:2316 in_left: 0, nb_want: 5
[0m
[0;32mI (15777) mbedtls: ssl_msg.c:2319 ssl->f_recv(_timeout)() returned 5 (-0xfffffffb)
[0m
[0;32mI (15786) mbedtls: ssl_msg.c:2341 <= fetch input
[0m
D (15791) mbedtls: ssl_msg.c:3966 input record: msgtype = 22, version = [0x303], msglen = 4
[0m
[0;32mI (15800) mbedtls: ssl_msg.c:2156 => fetch input
[0m
[0;32mI (15805) mbedtls: ssl_msg.c:2296 in_left: 5, nb_want: 9
[0m
[0;32mI (15811) mbedtls: ssl_msg.c:2316 in_left: 5, nb_want: 9
[0m
[0;32mI (15818) mbedtls: ssl_msg.c:2319 ssl->f_recv(_timeout)() returned 4 (-0xfffffffc)
[0m
[0;32mI (15826) mbedtls: ssl_msg.c:2341 <= fetch input
[0m
D (15832) mbedtls: ssl_msg.c:3239 handshake message: msglen = 4, type = 14, hslen = 4
[0m
D (15840) mbedtls: ssl_msg.c:3328 sole handshake fragment: 4, 0..4 of 4
[0m
[0;32mI (15847) mbedtls: ssl_msg.c:4371 <= read record
[0m
D (15852) mbedtls: ssl_misc.h:1353 handshake state: 5 (MBEDTLS_SSL_CERTIFICATE_REQUEST) -> 6 (MBEDTLS_SSL_SERVER_HELLO_DONE)
[0m
D (15863) mbedtls: ssl_tls12_client.c:2524 got no certificate request
[0m
[0;32mI (15870) mbedtls: ssl_tls12_client.c:2660 <= parse certificate request
[0m
[0;32mI (15877) mbedtls: ssl_msg.c:2354 => flush output
[0m
[0;32mI (15883) mbedtls: ssl_msg.c:2363 <= flush output
[0m
[0;32mI (15889) mbedtls: ssl_tls.c:4592 client state: MBEDTLS_SSL_SERVER_HELLO_DONE
[0m
[0;32mI (15897) mbedtls: ssl_tls12_client.c:2671 => parse server hello done
[0m
[0;32mI (15904) mbedtls: ssl_msg.c:4299 => read record
[0m
[0;32mI (15909) mbedtls: ssl_msg.c:4367 reuse previously read message
[0m
[0;32mI (15916) mbedtls: ssl_msg.c:4371 <= read record
[0m
D (15922) mbedtls: ssl_misc.h:1353 handshake state: 6 (MBEDTLS_SSL_SERVER_HELLO_DONE) -> 7 (MBEDTLS_SSL_CLIENT_CERTIFICATE)
[0m
[0;32mI (15933) mbedtls: ssl_tls12_client.c:2699 <= parse server hello done
[0m
[0;32mI (15940) mbedtls: ssl_msg.c:2354 => flush output
[0m
[0;32mI (15946) mbedtls: ssl_msg.c:2363 <= flush output
[0m
[0;32mI (15951) mbedtls: ssl_tls.c:4592 client state: MBEDTLS_SSL_CLIENT_CERTIFICATE
[0m
[0;32mI (15959) mbedtls: ssl_tls.c:7622 => write certificate
[0m
[0;32mI (15965) mbedtls: ssl_tls.c:7633 <= skip write certificate
[0m
D (15972) mbedtls: ssl_misc.h:1353 handshake state: 7 (MBEDTLS_SSL_CLIENT_CERTIFICATE) -> 8 (MBEDTLS_SSL_CLIENT_KEY_EXCHANGE)
[0m
[0;32mI (15983) mbedtls: ssl_msg.c:2354 => flush output
[0m
[0;32mI (15989) mbedtls: ssl_msg.c:2363 <= flush output
[0m
[0;32mI (15994) mbedtls: ssl_tls.c:4592 client state: MBEDTLS_SSL_CLIENT_KEY_EXCHANGE
[0m
[0;32mI (16003) mbedtls: ssl_tls12_client.c:2714 => write client key exchange
[0m
D (16126) mbedtls: ssl_tls12_client.c:2860 value of 'ECDH: Q(X)' (253 bits) is:
[0m
D (16127) mbedtls: ssl_tls12_client.c:2860  1f 6b 0a ce e1 fa 17 77 e2 f1 93 2a 92 e8 77 b9
[0m
D (16132) mbedtls: ssl_tls12_client.c:2860  76 9d 31 ee 66 64 06 54 eb ff 2b 5b d3 72 71 5b
[0m
D (16140) mbedtls: ssl_tls12_client.c:2860 value of 'ECDH: Q(Y)' (0 bits) is:
[0m
D (16148) mbedtls: ssl_tls12_client.c:2860  00
[0m
D (16271) mbedtls: ssl_tls12_client.c:2888 value of 'ECDH: z' (255 bits) is:
[0m
D (16271) mbedtls: ssl_tls12_client.c:2888  6e 2f 8a 1d b0 b5 24 38 7b e3 a7 f8 f4 50 d3 af
[0m
D (16276) mbedtls: ssl_tls12_client.c:2888  4c f1 82 2a 55 96 f4 7b 41 31 56 9b 4e 70 af 93
[0m
D (16284) mbedtls: ssl_misc.h:1353 handshake state: 8 (MBEDTLS_SSL_CLIENT_KEY_EXCHANGE) -> 9 (MBEDTLS_SSL_CERTIFICATE_VERIFY)
[0m
[0;32mI (16296) mbedtls: ssl_msg.c:2784 => write handshake message
[0m
[0;32mI (16302) mbedtls: ssl_msg.c:2944 => write record
[0m
D (16308) mbedtls: ssl_msg.c:3028 output record: msgtype = 22, version = [3:3], msglen = 37
[0m
[0;32mI (16317) mbedtls: ssl_msg.c:2354 => flush output
[0m
[0;32mI (16322) mbedtls: ssl_msg.c:2368 message length: 42, out_left: 42
[0m
[0;32mI (16330) mbedtls: ssl_msg.c:2375 ssl->f_send() returned 42 (-0xffffffd6)
[0m
[0;32mI (16336) mbedtls: ssl_msg.c:2402 <= flush output
[0m
[0;32mI (16342) mbedtls: ssl_msg.c:3081 <= write record
[0m
[0;32mI (16348) mbedtls: ssl_msg.c:2905 <= write handshake message
[0m
[0;32mI (16354) mbedtls: ssl_tls12_client.c:3209 <= write client key exchange
[0m
[0;32mI (16362) mbedtls: ssl_msg.c:2354 => flush output
[0m
[0;32mI (16367) mbedtls: ssl_msg.c:2363 <= flush output
[0m
[0;32mI (16374) mbedtls: ssl_tls.c:4592 client state: MBEDTLS_SSL_CERTIFICATE_VERIFY
[0m
[0;32mI (16381) mbedtls: ssl_tls12_client.c:3257 => write certificate verify
[0m
[0;32mI (16388) mbedtls: ssl_tls.c:7236 => derive keys
[0m
[0;32mI (16394) mbedtls: ssl_tls.c:7360 => calc verify
[0m
D (16399) mbedtls: ssl_tls.c:7378 dumping 'calculated verify result' (32 bytes)
[0m
D (16407) mbedtls: ssl_tls.c:7378 0000:  ff fd a0 2a eb 74 44 e2 f3 e7 c8 10 93 fd 2d 23  ...*.tD.......-#
[0m
D (16417) mbedtls: ssl_tls.c:7378 0010:  32 7b 80 74 14 28 ca 16 b1 d8 08 5e 17 62 b5 63  2{.t.(.....^.b.c
[0m
[0;32mI (16426) mbedtls: ssl_tls.c:7379 <= calc verify
[0m
D (16432) mbedtls: ssl_tls.c:7090 dumping 'session hash for extended master secret' (32 bytes)
[0m
D (16441) mbedtls: ssl_tls.c:7090 0000:  ff fd a0 2a eb 74 44 e2 f3 e7 c8 10 93 fd 2d 23  ...*.tD.......-#
[0m
D (16451) mbedtls: ssl_tls.c:7090 0010:  32 7b 80 74 14 28 ca 16 b1 d8 08 5e 17 62 b5 63  2{.t.(.....^.b.c
[0m
D (16461) mbedtls: ssl_tls.c:7219 dumping 'premaster secret' (32 bytes)
[0m
D (16467) mbedtls: ssl_tls.c:7219 0000:  93 af 70 4e 9b 56 31 41 7b f4 96 55 2a 82 f1 4c  ..pN.V1A{..U*..L
[0m
D (16477) mbedtls: ssl_tls.c:7219 0010:  af d3 50 f4 f8 a7 e3 7b 38 24 b5 b0 1d 8a 2f 6e  ..P....{8$..../n
[0m
D (16490) mbedtls: ssl_tls.c:8774 ciphersuite = TLS-ECDHE-ECDSA-WITH-AES-128-GCM-SHA256
[0m
D (16495) mbedtls: ssl_tls.c:8776 dumping 'master secret' (48 bytes)
[0m
D (16502) mbedtls: ssl_tls.c:8776 0000:  95 4a 55 de e4 8e 1c 69 57 9b 4b d5 29 bd bf a2  .JU....iW.K.)...
[0m
D (16512) mbedtls: ssl_tls.c:8776 0010:  d1 a3 3f df 69 1f ff 81 b4 83 22 97 c2 44 ab 76  ..?.i....."..D.v
[0m
D (16522) mbedtls: ssl_tls.c:8776 0020:  5e 46 44 df f6 48 a7 98 88 b3 e1 61 ea 27 02 aa  ^FD..H.....a.'..
[0m
D (16534) mbedtls: ssl_tls.c:8896 keylen: 16, minlen: 24, ivlen: 12, maclen: 0
[0m
[0;32mI (16540) mbedtls: ssl_tls.c:7287 <= derive keys
[0m
[0;32mI (16545) mbedtls: ssl_tls12_client.c:3279 <= skip write certificate verify
[0m
D (16552) mbedtls: ssl_misc.h:1353 handshake state: 9 (MBEDTLS_SSL_CERTIFICATE_VERIFY) -> 10 (MBEDTLS_SSL_CLIENT_CHANGE_CIPHER_SPEC)
[0m
[0;32mI (16565) mbedtls: ssl_msg.c:2354 => flush output
[0m
[0;32mI (16570) mbedtls: ssl_msg.c:2363 <= flush output
[0m
[0;32mI (16576) mbedtls: ssl_tls.c:4592 client state: MBEDTLS_SSL_CLIENT_CHANGE_CIPHER_SPEC
[0m
[0;32mI (16584) mbedtls: ssl_msg.c:5316 => write change cipher spec
[0m
D (16591) mbedtls: ssl_misc.h:1353 handshake state: 10 (MBEDTLS_SSL_CLIENT_CHANGE_CIPHER_SPEC) -> 11 (MBEDTLS_SSL_CLIENT_FINISHED)
[0m
[0;32mI (16603) mbedtls: ssl_msg.c:2784 => write handshake message
[0m
[0;32mI (16609) mbedtls: ssl_msg.c:2944 => write record
[0m
D (16615) mbedtls: ssl_msg.c:3028 output record: msgtype = 20, version = [3:3], msglen = 1
[0m
[0;32mI (16624) mbedtls: ssl_msg.c:2354 => flush output
[0m
[0;32mI (16629) mbedtls: ssl_msg.c:2368 message length: 6, out_left: 6
[0m
[0;32mI (16637) mbedtls: ssl_msg.c:2375 ssl->f_send() returned 6 (-0xfffffffa)
[0m
[0;32mI (16643) mbedtls: ssl_msg.c:2402 <= flush output
[0m
[0;32mI (16649) mbedtls: ssl_msg.c:3081 <= write record
[0m
[0;32mI (16655) mbedtls: ssl_msg.c:2905 <= write handshake message
[0m
[0;32mI (16661) mbedtls: ssl_msg.c:5329 <= write change cipher spec
[0m
[0;32mI (16668) mbedtls: ssl_msg.c:2354 => flush output
[0m
[0;32mI (16673) mbedtls: ssl_msg.c:2363 <= flush output
[0m
[0;32mI (16679) mbedtls: ssl_tls.c:4592 client state: MBEDTLS_SSL_CLIENT_FINISHED
[0m
[0;32mI (16687) mbedtls: ssl_tls.c:8372 => write finished
[0m
[0;32mI (16692) mbedtls: ssl_tls.c:8206 => calc finished tls
[0m
D (16699) mbedtls: ssl_tls.c:8233 dumping 'calc finished result' (12 bytes)
[0m
D (16706) mbedtls: ssl_tls.c:8233 0000:  56 ef a8 87 ba 65 9e f1 2a 69 1b 5d              V....e..*i.]
[0m
[0;32mI (16715) mbedtls: ssl_tls.c:8237 <= calc finished
[0m
D (16721) mbedtls: ssl_misc.h:1353 handshake state: 11 (MBEDTLS_SSL_CLIENT_FINISHED) -> 12 (MBEDTLS_SSL_SERVER_CHANGE_CIPHER_SPEC)
[0m
D (16733) mbedtls: ssl_tls.c:8422 switching to new transform spec for outbound data
[0m
[0;32mI (16741) mbedtls: ssl_msg.c:2784 => write handshake message
[0m
[0;32mI (16747) mbedtls: ssl_msg.c:2944 => write record
[0m
[0;32mI (16753) mbedtls: ssl_msg.c:936 => encrypt buf
[0m
D (16758) mbedtls: ssl_msg.c:1190 before encrypt: msglen = 16, including 0 bytes of padding
[0m
[0;32mI (16767) mbedtls: ssl_msg.c:1475 <= encrypt buf
[0m
D (16772) mbedtls: ssl_msg.c:3028 output record: msgtype = 22, version = [3:3], msglen = 40
[0m
[0;32mI (16781) mbedtls: ssl_msg.c:2354 => flush output
[0m
[0;32mI (16786) mbedtls: ssl_msg.c:2368 message length: 45, out_left: 45
[0m
[0;32mI (16794) mbedtls: ssl_msg.c:2375 ssl->f_send() returned 45 (-0xffffffd3)
[0m
[0;32mI (16801) mbedtls: ssl_msg.c:2402 <= flush output
[0m
[0;32mI (16806) mbedtls: ssl_msg.c:3081 <= write record
[0m
[0;32mI (16812) mbedtls: ssl_msg.c:2905 <= write handshake message
[0m
[0;32mI (16819) mbedtls: ssl_tls.c:8475 <= write finished
[0m
[0;32mI (16824) mbedtls: ssl_msg.c:2354 => flush output
[0m
[0;32mI (16830) mbedtls: ssl_msg.c:2363 <= flush output
[0m
[0;32mI (16835) mbedtls: ssl_tls.c:4592 client state: MBEDTLS_SSL_SERVER_CHANGE_CIPHER_SPEC
[0m
D (16844) mbedtls: ssl_misc.h:1353 handshake state: 12 (MBEDTLS_SSL_SERVER_CHANGE_CIPHER_SPEC) -> 16 (MBEDTLS_SSL_NEW_SESSION_TICKET)
[0m
[0;32mI (16856) mbedtls: ssl_tls12_client.c:3385 => parse new session ticket
[0m
[0;32mI (16864) mbedtls: ssl_msg.c:4299 => read record
[0m
[0;32mI (16869) mbedtls: ssl_msg.c:2156 => fetch input
[0m
[0;32mI (16875) mbedtls: ssl_msg.c:2296 in_left: 0, nb_want: 5
[0m
[0;32mI (17058) mbedtls: ssl_msg.c:2316 in_left: 0, nb_want: 5
[0m
[0;32mI (17058) mbedtls: ssl_msg.c:2319 ssl->f_recv(_timeout)() returned 5 (-0xfffffffb)
[0m
[0;32mI (17062) mbedtls: ssl_msg.c:2341 <= fetch input
[0m
D (17067) mbedtls: ssl_msg.c:3966 input record: msgtype = 22, version = [0x303], msglen = 202
[0m
[0;32mI (17076) mbedtls: ssl_msg.c:2156 => fetch input
[0m
[0;32mI (17081) mbedtls: ssl_msg.c:2296 in_left: 5, nb_want: 207
[0m
[0;32mI (17088) mbedtls: ssl_msg.c:2316 in_left: 5, nb_want: 207
[0m
[0;32mI (17094) mbedtls: ssl_msg.c:2319 ssl->f_recv(_timeout)() returned 202 (-0xffffff36)
[0m
[0;32mI (17103) mbedtls: ssl_msg.c:2341 <= fetch input
[0m
D (17109) mbedtls: ssl_msg.c:3239 handshake message: msglen = 202, type = 4, hslen = 202
[0m
D (17116) mbedtls: ssl_msg.c:3328 sole handshake fragment: 202, 0..202 of 202
[0m
[0;32mI (17125) mbedtls: ssl_msg.c:4371 <= read record
[0m
D (17129) mbedtls: ssl_tls12_client.c:3432 ticket length: 192
[0m
D (17135) mbedtls: ssl_misc.h:1353 handshake state: 16 (MBEDTLS_SSL_NEW_SESSION_TICKET) -> 12 (MBEDTLS_SSL_SERVER_CHANGE_CIPHER_SPEC)
[0m
D (17147) mbedtls: ssl_tls12_client.c:3476 ticket in use, discarding session id
[0m
[0;32mI (17155) mbedtls: ssl_tls12_client.c:3479 <= parse new session ticket
[0m
[0;32mI (17162) mbedtls: ssl_msg.c:2354 => flush output
[0m
[0;32mI (17168) mbedtls: ssl_msg.c:2363 <= flush output
[0m
[0;32mI (17173) mbedtls: ssl_tls.c:4592 client state: MBEDTLS_SSL_SERVER_CHANGE_CIPHER_SPEC
[0m
[0;32mI (17182) mbedtls: ssl_msg.c:5338 => parse change cipher spec
[0m
[0;32mI (17189) mbedtls: ssl_msg.c:4299 => read record
[0m
[0;32mI (17194) mbedtls: ssl_msg.c:2156 => fetch input
[0m
[0;32mI (17200) mbedtls: ssl_msg.c:2296 in_left: 0, nb_want: 5
[0m
[0;32mI (17206) mbedtls: ssl_msg.c:2316 in_left: 0, nb_want: 5
[0m
[0;32mI (17212) mbedtls: ssl_msg.c:2319 ssl->f_recv(_timeout)() returned 5 (-0xfffffffb)
[0m
[0;32mI (17220) mbedtls: ssl_msg.c:2341 <= fetch input
[0m
D (17226) mbedtls: ssl_msg.c:3966 input record: msgtype = 20, version = [0x303], msglen = 1
[0m
[0;32mI (17234) mbedtls: ssl_msg.c:2156 => fetch input
[0m
[0;32mI (17240) mbedtls: ssl_msg.c:2296 in_left: 5, nb_want: 6
[0m
[0;32mI (17246) mbedtls: ssl_msg.c:2316 in_left: 5, nb_want: 6
[0m
[0;32mI (17252) mbedtls: ssl_msg.c:2319 ssl->f_recv(_timeout)() returned 1 (-0xffffffff)
[0m
[0;32mI (17261) mbedtls: ssl_msg.c:2341 <= fetch input
[0m
[0;32mI (17266) mbedtls: ssl_msg.c:4371 <= read record
[0m
D (17272) mbedtls: ssl_msg.c:5359 switching to new transform spec for inbound data
[0m
D (17279) mbedtls: ssl_misc.h:1353 handshake state: 12 (MBEDTLS_SSL_SERVER_CHANGE_CIPHER_SPEC) -> 13 (MBEDTLS_SSL_SERVER_FINISHED)
[0m
[0;32mI (17291) mbedtls: ssl_msg.c:5386 <= parse change cipher spec
[0m
[0;32mI (17298) mbedtls: ssl_msg.c:2354 => flush output
[0m
[0;32mI (17304) mbedtls: ssl_msg.c:2363 <= flush output
[0m
[0;32mI (17309) mbedtls: ssl_tls.c:4592 client state: MBEDTLS_SSL_SERVER_FINISHED
[0m
[0;32mI (17317) mbedtls: ssl_tls.c:8488 => parse finished
[0m
[0;32mI (17323) mbedtls: ssl_tls.c:8206 => calc finished tls
[0m
D (17330) mbedtls: ssl_tls.c:8233 dumping 'calc finished result' (12 bytes)
[0m
D (17336) mbedtls: ssl_tls.c:8233 0000:  32 a2 d7 64 36 c0 63 fa e1 be 90 05              2..d6.c.....
[0m
[0;32mI (17345) mbedtls: ssl_tls.c:8237 <= calc finished
[0m
[0;32mI (17351) mbedtls: ssl_msg.c:4299 => read record
[0m
[0;32mI (17357) mbedtls: ssl_msg.c:2156 => fetch input
[0m
[0;32mI (17362) mbedtls: ssl_msg.c:2296 in_left: 0, nb_want: 5
[0m
[0;32mI (17368) mbedtls: ssl_msg.c:2316 in_left: 0, nb_want: 5
[0m
[0;32mI (17374) mbedtls: ssl_msg.c:2319 ssl->f_recv(_timeout)() returned 5 (-0xfffffffb)
[0m
[0;32mI (17383) mbedtls: ssl_msg.c:2341 <= fetch input
[0m
D (17388) mbedtls: ssl_msg.c:3966 input record: msgtype = 22, version = [0x303], msglen = 40
[0m
[0;32mI (17398) mbedtls: ssl_msg.c:2156 => fetch input
[0m
[0;32mI (17402) mbedtls: ssl_msg.c:2296 in_left: 5, nb_want: 45
[0m
[0;32mI (17409) mbedtls: ssl_msg.c:2316 in_left: 5, nb_want: 45
[0m
[0;32mI (17415) mbedtls: ssl_msg.c:2319 ssl->f_recv(_timeout)() returned 40 (-0xffffffd8)
[0m
[0;32mI (17423) mbedtls: ssl_msg.c:2341 <= fetch input
[0m
[0;32mI (17429) mbedtls: ssl_msg.c:1511 => decrypt buf
[0m
[0;32mI (17435) mbedtls: ssl_msg.c:2122 <= decrypt buf
[0m
D (17440) mbedtls: ssl_msg.c:3239 handshake message: msglen = 16, type = 20, hslen = 16
[0m
D (17448) mbedtls: ssl_msg.c:3328 sole handshake fragment: 16, 0..16 of 16
[0m
[0;32mI (17456) mbedtls: ssl_msg.c:4371 <= read record
[0m
D (17461) mbedtls: ssl_misc.h:1353 handshake state: 13 (MBEDTLS_SSL_SERVER_FINISHED) -> 14 (MBEDTLS_SSL_FLUSH_BUFFERS)
[0m
[0;32mI (17472) mbedtls: ssl_tls.c:8559 <= parse finished
[0m
[0;32mI (17477) mbedtls: ssl_msg.c:2354 => flush output
[0m
[0;32mI (17483) mbedtls: ssl_msg.c:2363 <= flush output
[0m
[0;32mI (17488) mbedtls: ssl_tls.c:4592 client state: MBEDTLS_SSL_FLUSH_BUFFERS
[0m
[0;32mI (17496) mbedtls: ssl_tls12_client.c:3587 handshake: done
[0m
D (17502) mbedtls: ssl_misc.h:1353 handshake state: 14 (MBEDTLS_SSL_FLUSH_BUFFERS) -> 15 (MBEDTLS_SSL_HANDSHAKE_WRAPUP)
[0m
[0;32mI (17513) mbedtls: ssl_msg.c:2354 => flush output
[0m
[0;32mI (17519) mbedtls: ssl_msg.c:2363 <= flush output
[0m
[0;32mI (17524) mbedtls: ssl_tls.c:4592 client state: MBEDTLS_SSL_HANDSHAKE_WRAPUP
[0m
D (17532) mbedtls: ssl_tls.c:8310 => handshake wrapup
[0m
D (17538) mbedtls: ssl_tls.c:8284 => handshake wrapup: final free
[0m
D (17544) mbedtls: ssl_tls.c:8303 <= handshake wrapup: final free
[0m
D (17550) mbedtls: ssl_misc.h:1353 handshake state: 15 (MBEDTLS_SSL_HANDSHAKE_WRAPUP) -> 27 (MBEDTLS_SSL_HANDSHAKE_OVER)
[0m
D (17561) mbedtls: ssl_tls.c:8364 <= handshake wrapup
[0m
[0;32mI (17567) mbedtls: ssl_tls.c:4684 <= handshake
[0m
[0;32mI (17572) clare_c6: probe esp-tls rc=1 last=0x0 flags=0x0[0m
[0;32mI (17580) clare_net: Create session URL ready=1[0m
[0;32mI (17583) clare_net: HTTP before init free8=41660 largest8=14592 free_internal=41660 largest_internal=14592[0m
D (17595) HTTP_CLIENT: set post file length = 19[0m
D (17599) HTTP_CLIENT: Begin connect to: https://clare.vinex.top:443[0m
D (17605) esp-tls: host:clare.vinex.top: strlen 15[0m
D (17610) wifi:eb is dhcp or dns sport = 34388, dport = 53
D (17683) esp-tls: [sock=54] Resolved IPv4 address: 172.67.178.147[0m
D (17683) esp-tls: [sock=54] Connecting to server. HOST: clare.vinex.top, Port: 443[0m
D (17909) esp-tls: handshake in progress...[0m
[0;32mI (17910) mbedtls: ssl_tls.c:4673 => handshake
[0m
[0;32mI (17910) mbedtls: ssl_msg.c:2354 => flush output
[0m
[0;32mI (17914) mbedtls: ssl_msg.c:2363 <= flush output
[0m
[0;32mI (17919) mbedtls: ssl_tls.c:4592 client state: MBEDTLS_SSL_HELLO_REQUEST
[0m
D (17927) mbedtls: ssl_misc.h:1353 handshake state: 0 (MBEDTLS_SSL_HELLO_REQUEST) -> 1 (MBEDTLS_SSL_CLIENT_HELLO)
[0m
[0;32mI (17937) mbedtls: ssl_msg.c:2354 => flush output
[0m
[0;32mI (17943) mbedtls: ssl_msg.c:2363 <= flush output
[0m
[0;32mI (17948) mbedtls: ssl_tls.c:4592 client state: MBEDTLS_SSL_CLIENT_HELLO
[0m
[0;32mI (17956) mbedtls: ssl_client.c:921 => write client hello
[0m
D (17962) mbedtls: ssl_client.c:724 client hello, current time: 16569
[0m
D (17969) mbedtls: ssl_client.c:487 dumping 'client hello, random bytes' (32 bytes)
[0m
D (17977) mbedtls: ssl_client.c:487 0000:  00 00 40 b9 00 2f a7 0f d0 5d 0d ab 47 74 e6 dd  ..@../...]..Gt..
[0m
D (17987) mbedtls: ssl_client.c:487 0010:  bf 14 02 0f 11 8d 1e d4 34 59 ab 37 a4 30 24 ac  ........4Y.7.0$.
[0m
D (17997) mbedtls: ssl_client.c:512 dumping 'session id' (0 bytes)
[0m
D (18003) mbedtls: ssl_client.c:370 client hello, add ciphersuite: c02c, TLS-ECDHE-ECDSA-WITH-AES-256-GCM-SHA384
[0m
D (18014) mbedtls: ssl_client.c:370 client hello, add ciphersuite: c030, TLS-ECDHE-RSA-WITH-AES-256-GCM-SHA384
[0m
D (18024) mbedtls: ssl_client.c:370 client hello, add ciphersuite: c0ad, TLS-ECDHE-ECDSA-WITH-AES-256-CCM
[0m
D (18034) mbedtls: ssl_client.c:370 client hello, add ciphersuite: c024, TLS-ECDHE-ECDSA-WITH-AES-256-CBC-SHA384
[0m
D (18044) mbedtls: ssl_client.c:370 client hello, add ciphersuite: c028, TLS-ECDHE-RSA-WITH-AES-256-CBC-SHA384
[0m
D (18054) mbedtls: ssl_client.c:370 client hello, add ciphersuite: c00a, TLS-ECDHE-ECDSA-WITH-AES-256-CBC-SHA
[0m
D (18065) mbedtls: ssl_client.c:370 client hello, add ciphersuite: c014, TLS-ECDHE-RSA-WITH-AES-256-CBC-SHA
[0m
D (18075) mbedtls: ssl_client.c:370 client hello, add ciphersuite: c0af, TLS-ECDHE-ECDSA-WITH-AES-256-CCM-8
[0m
D (18085) mbedtls: ssl_client.c:370 client hello, add ciphersuite: c05d, TLS-ECDHE-ECDSA-WITH-ARIA-256-GCM-SHA384
[0m
D (18095) mbedtls: ssl_client.c:370 client hello, add ciphersuite: c061, TLS-ECDHE-RSA-WITH-ARIA-256-GCM-SHA384
[0m
D (18105) mbedtls: ssl_client.c:370 client hello, add ciphersuite: c049, TLS-ECDHE-ECDSA-WITH-ARIA-256-CBC-SHA384
[0m
D (18116) mbedtls: ssl_client.c:370 client hello, add ciphersuite: c04d, TLS-ECDHE-RSA-WITH-ARIA-256-CBC-SHA384
[0m
D (18126) mbedtls: ssl_client.c:370 client hello, add ciphersuite: c02b, TLS-ECDHE-ECDSA-WITH-AES-128-GCM-SHA256
[0m
D (18137) mbedtls: ssl_client.c:370 client hello, add ciphersuite: c02f, TLS-ECDHE-RSA-WITH-AES-128-GCM-SHA256
[0m
D (18147) mbedtls: ssl_client.c:370 client hello, add ciphersuite: c0ac, TLS-ECDHE-ECDSA-WITH-AES-128-CCM
[0m
D (18157) mbedtls: ssl_client.c:370 client hello, add ciphersuite: c023, TLS-ECDHE-ECDSA-WITH-AES-128-CBC-SHA256
[0m
D (18167) mbedtls: ssl_client.c:370 client hello, add ciphersuite: c027, TLS-ECDHE-RSA-WITH-AES-128-CBC-SHA256
[0m
D (18177) mbedtls: ssl_client.c:370 client hello, add ciphersuite: c009, TLS-ECDHE-ECDSA-WITH-AES-128-CBC-SHA
[0m
D (18188) mbedtls: ssl_client.c:370 client hello, add ciphersuite: c013, TLS-ECDHE-RSA-WITH-AES-128-CBC-SHA
[0m
D (18198) mbedtls: ssl_client.c:370 client hello, add ciphersuite: c0ae, TLS-ECDHE-ECDSA-WITH-AES-128-CCM-8
[0m
D (18207) mbedtls: ssl_client.c:370 client hello, add ciphersuite: c05c, TLS-ECDHE-ECDSA-WITH-ARIA-128-GCM-SHA256
[0m
D (18218) mbedtls: ssl_client.c:370 client hello, add ciphersuite: c060, TLS-ECDHE-RSA-WITH-ARIA-128-GCM-SHA256
[0m
D (18228) mbedtls: ssl_client.c:370 client hello, add ciphersuite: c048, TLS-ECDHE-ECDSA-WITH-ARIA-128-CBC-SHA256
[0m
D (18239) mbedtls: ssl_client.c:370 client hello, add ciphersuite: c04c, TLS-ECDHE-RSA-WITH-ARIA-128-CBC-SHA256
[0m
D (18249) mbedtls: ssl_client.c:370 client hello, add ciphersuite: 009d, TLS-RSA-WITH-AES-256-GCM-SHA384
[0m
D (18259) mbedtls: ssl_client.c:370 client hello, add ciphersuite: c09d, TLS-RSA-WITH-AES-256-CCM
[0m
D (18268) mbedtls: ssl_client.c:370 client hello, add ciphersuite: 003d, TLS-RSA-WITH-AES-256-CBC-SHA256
[0m
D (18278) mbedtls: ssl_client.c:370 client hello, add ciphersuite: 0035, TLS-RSA-WITH-AES-256-CBC-SHA
[0m
D (18287) mbedtls: ssl_client.c:370 client hello, add ciphersuite: c032, TLS-ECDH-RSA-WITH-AES-256-GCM-SHA384
[0m
D (18297) mbedtls: ssl_client.c:370 client hello, add ciphersuite: c02a, TLS-ECDH-RSA-WITH-AES-256-CBC-SHA384
[0m
D (18307) mbedtls: ssl_client.c:370 client hello, add ciphersuite: c00f, TLS-ECDH-RSA-WITH-AES-256-CBC-SHA
[0m
D (18317) mbedtls: ssl_client.c:370 client hello, add ciphersuite: c02e, TLS-ECDH-ECDSA-WITH-AES-256-GCM-SHA384
[0m
D (18328) mbedtls: ssl_client.c:370 client hello, add ciphersuite: c026, TLS-ECDH-ECDSA-WITH-AES-256-CBC-SHA384
[0m
D (18338) mbedtls: ssl_client.c:370 client hello, add ciphersuite: c005, TLS-ECDH-ECDSA-WITH-AES-256-CBC-SHA
[0m
D (18348) mbedtls: ssl_client.c:370 client hello, add ciphersuite: c0a1, TLS-RSA-WITH-AES-256-CCM-8
[0m
D (18357) mbedtls: ssl_client.c:370 client hello, add ciphersuite: c05f, TLS-ECDH-ECDSA-WITH-ARIA-256-GCM-SHA384
[0m
D (18368) mbedtls: ssl_client.c:370 client hello, add ciphersuite: c063, TLS-ECDH-RSA-WITH-ARIA-256-GCM-SHA384
[0m
D (18378) mbedtls: ssl_client.c:370 client hello, add ciphersuite: c051, TLS-RSA-WITH-ARIA-256-GCM-SHA384
[0m
D (18388) mbedtls: ssl_client.c:370 client hello, add ciphersuite: c04b, TLS-ECDH-ECDSA-WITH-ARIA-256-CBC-SHA384
[0m
D (18398) mbedtls: ssl_client.c:370 client hello, add ciphersuite: c04f, TLS-ECDH-RSA-WITH-ARIA-256-CBC-SHA384
[0m
D (18409) mbedtls: ssl_client.c:370 client hello, add ciphersuite: c03d, TLS-RSA-WITH-ARIA-256-CBC-SHA384
[0m
D (18418) mbedtls: ssl_client.c:370 client hello, add ciphersuite: 009c, TLS-RSA-WITH-AES-128-GCM-SHA256
[0m
D (18428) mbedtls: ssl_client.c:370 client hello, add ciphersuite: c09c, TLS-RSA-WITH-AES-128-CCM
[0m
D (18437) mbedtls: ssl_client.c:370 client hello, add ciphersuite: 003c, TLS-RSA-WITH-AES-128-CBC-SHA256
[0m
D (18447) mbedtls: ssl_client.c:370 client hello, add ciphersuite: 002f, TLS-RSA-WITH-AES-128-CBC-SHA
[0m
D (18456) mbedtls: ssl_client.c:370 client hello, add ciphersuite: c031, TLS-ECDH-RSA-WITH-AES-128-GCM-SHA256
[0m
D (18466) mbedtls: ssl_client.c:370 client hello, add ciphersuite: c029, TLS-ECDH-RSA-WITH-AES-128-CBC-SHA256
[0m
D (18477) mbedtls: ssl_client.c:370 client hello, add ciphersuite: c00e, TLS-ECDH-RSA-WITH-AES-128-CBC-SHA
[0m
D (18487) mbedtls: ssl_client.c:370 client hello, add ciphersuite: c02d, TLS-ECDH-ECDSA-WITH-AES-128-GCM-SHA256
[0m
D (18497) mbedtls: ssl_client.c:370 client hello, add ciphersuite: c025, TLS-ECDH-ECDSA-WITH-AES-128-CBC-SHA256
[0m
D (18507) mbedtls: ssl_client.c:370 client hello, add ciphersuite: c004, TLS-ECDH-ECDSA-WITH-AES-128-CBC-SHA
[0m
D (18517) mbedtls: ssl_client.c:370 client hello, add ciphersuite: c0a0, TLS-RSA-WITH-AES-128-CCM-8
[0m
D (18527) mbedtls: ssl_client.c:370 client hello, add ciphersuite: c05e, TLS-ECDH-ECDSA-WITH-ARIA-128-GCM-SHA256
[0m
D (18537) mbedtls: ssl_client.c:370 client hello, add ciphersuite: c062, TLS-ECDH-RSA-WITH-ARIA-128-GCM-SHA256
[0m
D (18547) mbedtls: ssl_client.c:370 client hello, add ciphersuite: c050, TLS-RSA-WITH-ARIA-128-GCM-SHA256
[0m
D (18557) mbedtls: ssl_client.c:370 client hello, add ciphersuite: c04a, TLS-ECDH-ECDSA-WITH-ARIA-128-CBC-SHA256
[0m
D (18567) mbedtls: ssl_client.c:370 client hello, add ciphersuite: c04e, TLS-ECDH-RSA-WITH-ARIA-128-CBC-SHA256
[0m
D (18578) mbedtls: ssl_client.c:370 client hello, add ciphersuite: c03c, TLS-RSA-WITH-ARIA-128-CBC-SHA256
[0m
D (18587) mbedtls: ssl_client.c:388 adding EMPTY_RENEGOTIATION_INFO_SCSV
[0m
D (18594) mbedtls: ssl_client.c:397 client hello, got 59 cipher suites
[0m
D (18601) mbedtls: ssl_client.c:41 client hello, adding server name extension: clare.vinex.top
[0m
D (18610) mbedtls: ssl_client.c:231 client hello, adding supported_groups extension
[0m
D (18618) mbedtls: ssl_client.c:250 got supported group(001d)
[0m
D (18624) mbedtls: ssl_client.c:282 NamedGroup: x25519 ( 1d )
[0m
D (18630) mbedtls: ssl_client.c:250 got supported group(0017)
[0m
D (18636) mbedtls: ssl_client.c:282 NamedGroup: secp256r1 ( 17 )
[0m
D (18642) mbedtls: ssl_client.c:250 got supported group(0018)
[0m
D (18648) mbedtls: ssl_client.c:282 NamedGroup: secp384r1 ( 18 )
[0m
D (18654) mbedtls: ssl_client.c:250 got supported group(0019)
[0m
D (18660) mbedtls: ssl_client.c:282 NamedGroup: secp521r1 ( 19 )
[0m
D (18667) mbedtls: ssl_client.c:250 got supported group(001a)
[0m
D (18673) mbedtls: ssl_client.c:282 NamedGroup: bp256r1 ( 1a )
[0m
D (18679) mbedtls: ssl_client.c:250 got supported group(001b)
[0m
D (18685) mbedtls: ssl_client.c:282 NamedGroup: bp384r1 ( 1b )
[0m
D (18691) mbedtls: ssl_client.c:250 got supported group(001c)
[0m
D (18697) mbedtls: ssl_client.c:282 NamedGroup: bp512r1 ( 1c )
[0m
D (18703) mbedtls: ssl_client.c:302 dumping 'Supported groups extension' (16 bytes)
[0m
D (18711) mbedtls: ssl_client.c:302 0000:  00 0e 00 1d 00 17 00 18 00 19 00 1a 00 1b 00 1c  ................
[0m
D (18721) mbedtls: ssl_tls.c:9437 adding signature_algorithms extension
[0m
D (18728) mbedtls: ssl_tls.c:9457 got signature scheme [603] ecdsa_secp521r1_sha512
[0m
D (18736) mbedtls: ssl_tls.c:9466 sent signature scheme [603] ecdsa_secp521r1_sha512
[0m
D (18744) mbedtls: ssl_tls.c:9457 got signature scheme [806] rsa_pss_rsae_sha512
[0m
D (18751) mbedtls: ssl_tls.c:9457 got signature scheme [601] rsa_pkcs1_sha512
[0m
D (18759) mbedtls: ssl_tls.c:9466 sent signature scheme [601] rsa_pkcs1_sha512
[0m
D (18766) mbedtls: ssl_tls.c:9457 got signature scheme [503] ecdsa_secp384r1_sha384
[0m
D (18774) mbedtls: ssl_tls.c:9466 sent signature scheme [503] ecdsa_secp384r1_sha384
[0m
D (18782) mbedtls: ssl_tls.c:9457 got signature scheme [805] rsa_pss_rsae_sha384
[0m
D (18790) mbedtls: ssl_tls.c:9457 got signature scheme [501] rsa_pkcs1_sha384
[0m
D (18797) mbedtls: ssl_tls.c:9466 sent signature scheme [501] rsa_pkcs1_sha384
[0m
D (18804) mbedtls: ssl_tls.c:9457 got signature scheme [403] ecdsa_secp256r1_sha256
[0m
D (18812) mbedtls: ssl_tls.c:9466 sent signature scheme [403] ecdsa_secp256r1_sha256
[0m
D (18820) mbedtls: ssl_tls.c:9457 got signature scheme [804] rsa_pss_rsae_sha256
[0m
D (18828) mbedtls: ssl_tls.c:9457 got signature scheme [401] rsa_pkcs1_sha256
[0m
D (18835) mbedtls: ssl_tls.c:9466 sent signature scheme [401] rsa_pkcs1_sha256
[0m
D (18843) mbedtls: ssl_tls12_client.c:105 client hello, adding supported_point_formats extension
[0m
D (18852) mbedtls: ssl_tls12_client.c:306 client hello, adding encrypt_then_mac extension
[0m
D (18860) mbedtls: ssl_tls12_client.c:338 client hello, adding extended_master_secret extension
[0m
D (18869) mbedtls: ssl_tls12_client.c:372 client hello, adding session ticket extension
[0m
D (18877) mbedtls: ssl_client.c:689 client hello, total extension length: 80
[0m
D (18885) mbedtls: ssl_client.c:691 dumping 'client hello extensions' (80 bytes)
[0m
D (18892) mbedtls: ssl_client.c:691 0000:  00 50 00 00 00 14 00 12 00 00 0f 63 6c 61 72 65  .P.........clare
[0m
D (18902) mbedtls: ssl_client.c:691 0010:  2e 76 69 6e 65 78 2e 74 6f 70 00 0a 00 10 00 0e  .vinex.top......
[0m
D (18913) mbedtls: ssl_client.c:691 0020:  00 1d 00 17 00 18 00 19 00 1a 00 1b 00 1c 00 0d  ................
[0m
D (18923) mbedtls: ssl_client.c:691 0030:  00 0e 00 0c 06 03 06 01 05 03 05 01 04 03 04 01  ................
[0m
D (18933) mbedtls: ssl_client.c:691 0040:  00 0b 00 02 01 00 00 16 00 00 00 17 00 00 00 23  ...............#
[0m
[0;32mI (18943) mbedtls: ssl_msg.c:2784 => write handshake message
[0m
[0;32mI (18949) mbedtls: ssl_msg.c:2944 => write record
[0m
D (18955) mbedtls: ssl_msg.c:3028 output record: msgtype = 22, version = [3:3], msglen = 243
[0m
[0;32mI (18965) mbedtls: ssl_msg.c:3081 <= write record
[0m
[0;32mI (18969) mbedtls: ssl_msg.c:2905 <= write handshake message
[0m
D (18975) mbedtls: ssl_misc.h:1353 handshake state: 1 (MBEDTLS_SSL_CLIENT_HELLO) -> 2 (MBEDTLS_SSL_SERVER_HELLO)
[0m
[0;32mI (18986) mbedtls: ssl_client.c:1014 <= write client hello
[0m
[0;32mI (18992) mbedtls: ssl_msg.c:2354 => flush output
[0m
[0;32mI (18998) mbedtls: ssl_msg.c:2368 message length: 248, out_left: 248
[0m
[0;32mI (19006) mbedtls: ssl_msg.c:2375 ssl->f_send() returned 248 (-0xffffff08)
[0m
[0;32mI (19013) mbedtls: ssl_msg.c:2402 <= flush output
[0m
[0;32mI (19018) mbedtls: ssl_tls.c:4592 client state: MBEDTLS_SSL_SERVER_HELLO
[0m
[0;32mI (19026) mbedtls: ssl_tls12_client.c:1195 => parse server hello
[0m
[0;32mI (19033) mbedtls: ssl_msg.c:4299 => read record
[0m
[0;32mI (19038) mbedtls: ssl_msg.c:2156 => fetch input
[0m
[0;32mI (19044) mbedtls: ssl_msg.c:2296 in_left: 0, nb_want: 5
[0m
[0;32mI (19212) mbedtls: ssl_msg.c:2316 in_left: 0, nb_want: 5
[0m
[0;32mI (19212) mbedtls: ssl_msg.c:2319 ssl->f_recv(_timeout)() returned 5 (-0xfffffffb)
[0m
[0;32mI (19216) mbedtls: ssl_msg.c:2341 <= fetch input
[0m
D (19221) mbedtls: ssl_msg.c:3966 input record: msgtype = 22, version = [0x303], msglen = 67
[0m
[0;32mI (19230) mbedtls: ssl_msg.c:2156 => fetch input
[0m
[0;32mI (19235) mbedtls: ssl_msg.c:2296 in_left: 5, nb_want: 72
[0m
[0;32mI (19242) mbedtls: ssl_msg.c:2316 in_left: 5, nb_want: 72
[0m
[0;32mI (19248) mbedtls: ssl_msg.c:2319 ssl->f_recv(_timeout)() returned 67 (-0xffffffbd)
[0m
[0;32mI (19256) mbedtls: ssl_msg.c:2341 <= fetch input
[0m
D (19262) mbedtls: ssl_msg.c:3239 handshake message: msglen = 67, type = 2, hslen = 67
[0m
D (19270) mbedtls: ssl_msg.c:3328 sole handshake fragment: 67, 0..67 of 67
[0m
[0;32mI (19278) mbedtls: ssl_msg.c:4371 <= read record
[0m
D (19282) mbedtls: ssl_tls12_client.c:1269 dumping 'server hello, version' (2 bytes)
[0m
D (19290) mbedtls: ssl_tls12_client.c:1269 0000:  03 03                                            ..
[0m
D (19300) mbedtls: ssl_tls12_client.c:1290 server hello, current time: 1787930733
[0m
D (19308) mbedtls: ssl_tls12_client.c:1300 dumping 'server hello, random bytes' (32 bytes)
[0m
D (19316) mbedtls: ssl_tls12_client.c:1300 0000:  6a 91 a8 6d 49 a0 8f 1a fb ab 03 a9 cc df 09 38  j..mI..........8
[0m
D (19327) mbedtls: ssl_tls12_client.c:1300 0010:  39 45 96 a2 d9 1c 93 1f 44 4f 57 4e 47 52 44 01  9E......DOWNGRD.
[0m
D (19337) mbedtls: ssl_tls12_client.c:1362 server hello, session id len.: 0
[0m
D (19345) mbedtls: ssl_tls12_client.c:1363 dumping 'server hello, session id' (0 bytes)
[0m
D (19353) mbedtls: ssl_misc.h:1353 handshake state: 2 (MBEDTLS_SSL_SERVER_HELLO) -> 3 (MBEDTLS_SSL_SERVER_CERTIFICATE)
[0m
D (19364) mbedtls: ssl_tls12_client.c:1387 no session has been resumed
[0m
D (19371) mbedtls: ssl_tls12_client.c:1390 server hello, chosen ciphersuite: c02b
[0m
D (19378) mbedtls: ssl_tls12_client.c:1391 server hello, compress alg.: 0
[0m
D (19385) mbedtls: ssl_tls12_client.c:1426 server hello, chosen ciphersuite: TLS-ECDHE-ECDSA-WITH-AES-128-GCM-SHA256
[0m
[0;32mI (19396) mbedtls: ssl_tls12_client.c:1447 server hello, total extension length: 23
[0m
D (19405) mbedtls: ssl_tls12_client.c:1592 unknown extension found: 0 (ignoring)
[0m
D (19412) mbedtls: ssl_tls12_client.c:1517 found extended_master_secret extension
[0m
D (19420) mbedtls: ssl_tls12_client.c:1465 found renegotiation extension
[0m
D (19427) mbedtls: ssl_tls12_client.c:1544 found supported_point_formats extension
[0m
D (19435) mbedtls: ssl_tls12_client.c:1530 found session_ticket extension
[0m
[0;32mI (19442) mbedtls: ssl_tls12_client.c:1661 <= parse server hello
[0m
[0;32mI (19449) mbedtls: ssl_msg.c:2354 => flush output
[0m
[0;32mI (19454) mbedtls: ssl_msg.c:2363 <= flush output
[0m
[0;32mI (19460) mbedtls: ssl_tls.c:4592 client state: MBEDTLS_SSL_SERVER_CERTIFICATE
[0m
[0;32mI (19468) mbedtls: ssl_tls.c:8027 => parse certificate
[0m
[0;32mI (19474) mbedtls: ssl_msg.c:4299 => read record
[0m
[0;32mI (19479) mbedtls: ssl_msg.c:2156 => fetch input
[0m
[0;32mI (19485) mbedtls: ssl_msg.c:2296 in_left: 0, nb_want: 5
[0m
[0;32mI (19491) mbedtls: ssl_msg.c:2316 in_left: 0, nb_want: 5
[0m
[0;32mI (19497) mbedtls: ssl_msg.c:2319 ssl->f_recv(_timeout)() returned 5 (-0xfffffffb)
[0m
[0;32mI (19505) mbedtls: ssl_msg.c:2341 <= fetch input
[0m
D (19511) mbedtls: ssl_msg.c:3966 input record: msgtype = 22, version = [0x303], msglen = 3409
[0m
[0;32mI (19520) mbedtls: ssl_msg.c:2156 => fetch input
[0m
[0;32mI (19525) mbedtls: ssl_msg.c:2296 in_left: 5, nb_want: 3414
[0m
[0;32mI (19532) mbedtls: ssl_msg.c:2316 in_left: 5, nb_want: 3414
[0m
[0;32mI (19538) mbedtls: ssl_msg.c:2319 ssl->f_recv(_timeout)() returned 3409 (-0xfffff2af)
[0m
[0;32mI (19547) mbedtls: ssl_msg.c:2341 <= fetch input
[0m
D (19573) mbedtls: ssl_msg.c:3239 handshake message: msglen = 3409, type = 11, hslen = 3409
[0m
D (19574) mbedtls: ssl_msg.c:3328 sole handshake fragment: 3409, 0..3409 of 3409
[0m
[0;32mI (19601) mbedtls: ssl_msg.c:4371 <= read record
[0m
D (19604) mbedtls: ssl_tls.c:7899 peer certificate #1:
[0m
D (19605) mbedtls: ssl_tls.c:7899 cert. version     : 3
[0m
D (19607) mbedtls: ssl_tls.c:7899 serial number     : 05:D0:99:8E:FA:9A:21:07:1C:62:38:22:5A:B0:C8:72:AA:10
[0m
D (19617) mbedtls: ssl_tls.c:7899 issuer name       : C=US, O=Let's Encrypt, CN=YE1
[0m
D (19625) mbedtls: ssl_tls.c:7899 subject name      : CN=vinex.top
[0m
D (19631) mbedtls: ssl_tls.c:7899 issued  on        : 2026-08-23 05:15:56
[0m
D (19638) mbedtls: ssl_tls.c:7899 expires on        : 2026-11-21 05:15:55
[0m
D (19645) mbedtls: ssl_tls.c:7899 signed using      : ECDSA with SHA384
[0m
D (19652) mbedtls: ssl_tls.c:7899 EC key size       : 256 bits
[0m
D (19658) mbedtls: ssl_tls.c:7899 basic constraints : CA=false
[0m
D (19664) mbedtls: ssl_tls.c:7899 subject alt name  :
[0m
D (19669) mbedtls: ssl_tls.c:7899     dNSName : *.vinex.top
[0m
D (19675) mbedtls: ssl_tls.c:7899     dNSName : vinex.top
[0m
D (19681) mbedtls: ssl_tls.c:7899 key usage         : Digital Signature
[0m
D (19688) mbedtls: ssl_tls.c:7899 ext key usage     : TLS Web Server Authentication
[0m
D (19696) mbedtls: ssl_tls.c:7899 certificate policies : ???
[0m
D (19702) mbedtls: ssl_tls.c:7899 value of 'crt->eckey.Q(X)' (254 bits) is:
[0m
D (19709) mbedtls: ssl_tls.c:7899  37 19 c6 d2 33 70 72 15 58 54 3e 17 79 7f b3 5e
[0m
D (19717) mbedtls: ssl_tls.c:7899  3c f3 0f 8c 42 a5 6e ad d6 ff f5 4e e0 ab c4 f9
[0m
D (19724) mbedtls: ssl_tls.c:7899 value of 'crt->eckey.Q(Y)' (256 bits) is:
[0m
D (19732) mbedtls: ssl_tls.c:7899  ff 61 8c eb 61 4f 3e e2 cb fd 34 f3 b9 7e 90 26
[0m
D (19739) mbedtls: ssl_tls.c:7899  cd 0f ee b1 e0 9a 9b 44 3e 6d 38 0b 34 5d ce 08
[0m
D (19747) mbedtls: ssl_tls.c:7899 peer certificate #2:
[0m
D (19753) mbedtls: ssl_tls.c:7899 cert. version     : 3
[0m
D (19758) mbedtls: ssl_tls.c:7899 serial number     : 5D:DD:70:DD:31:F8:01:C8:5C:18:6A:7A:04:B8:0A:FE
[0m
D (19767) mbedtls: ssl_tls.c:7899 issuer name       : C=US, O=ISRG, CN=Root YE
[0m
D (19775) mbedtls: ssl_tls.c:7899 subject name      : C=US, O=Let's Encrypt, CN=YE1
[0m
D (19783) mbedtls: ssl_tls.c:7899 issued  on        : 2025-09-03 00:00:00
[0m
D (19790) mbedtls: ssl_tls.c:7899 expires on        : 2028-09-02 23:59:59
[0m
D (19797) mbedtls: ssl_tls.c:7899 signed using      : ECDSA with SHA384
[0m
D (19804) mbedtls: ssl_tls.c:7899 EC key size       : 384 bits
[0m
D (19810) mbedtls: ssl_tls.c:7899 basic constraints : CA=true, max_pathlen=0
[0m
D (19817) mbedtls: ssl_tls.c:7899 key usage         : Digital Signature, Key Cert Sign, CRL Sign
[0m
D (19826) mbedtls: ssl_tls.c:7899 ext key usage     : TLS Web Server Authentication
[0m
D (19834) mbedtls: ssl_tls.c:7899 certificate policies : ???
[0m
D (19840) mbedtls: ssl_tls.c:7899 value of 'crt->eckey.Q(X)' (379 bits) is:
[0m
D (19847) mbedtls: ssl_tls.c:7899  07 65 50 75 fe 68 a6 95 ad a1 7d 2b ab ca 54 9c
[0m
D (19855) mbedtls: ssl_tls.c:7899  8c f3 19 68 e2 57 2f 3f cd 9c 07 36 b3 29 66 f1
[0m
D (19863) mbedtls: ssl_tls.c:7899  60 f2 85 4f 42 72 9f b3 01 24 22 e6 f4 b0 18 62
[0m
D (19871) mbedtls: ssl_tls.c:7899 value of 'crt->eckey.Q(Y)' (383 bits) is:
[0m
D (19878) mbedtls: ssl_tls.c:7899  63 48 69 25 90 3f 5f 74 f4 7c 1a 9c 83 20 e2 23
[0m
D (19886) mbedtls: ssl_tls.c:7899  08 47 eb 9d bb 7f bf e6 52 10 f2 cb 10 66 da 33
[0m
D (19893) mbedtls: ssl_tls.c:7899  a1 1c 70 36 cd ee 9f 71 b5 e2 26 d8 0b df fa bc
[0m
D (19901) mbedtls: ssl_tls.c:7899 peer certificate #3:
[0m
D (19907) mbedtls: ssl_tls.c:7899 cert. version     : 3
[0m
D (19912) mbedtls: ssl_tls.c:7899 serial number     : 87:21:65:FC:34:B6:E5:FB:A8:AD:D5:B3:70:5F:B5:3A
[0m
D (19921) mbedtls: ssl_tls.c:7899 issuer name       : C=US, O=Internet Security Research Group, CN=ISRG Root X2
[0m
D (19932) mbedtls: ssl_tls.c:7899 subject name      : C=US, O=ISRG, CN=Root YE
[0m
D (19939) mbedtls: ssl_tls.c:7899 issued  on        : 2026-05-13 00:00:00
[0m
D (19946) mbedtls: ssl_tls.c:7899 expires on        : 2032-09-02 23:59:59
[0m
D (19953) mbedtls: ssl_tls.c:7899 signed using      : ECDSA with SHA384
[0m
D (19960) mbedtls: ssl_tls.c:7899 EC key size       : 384 bits
[0m
D (19966) mbedtls: ssl_tls.c:7899 basic constraints : CA=true
[0m
D (19972) mbedtls: ssl_tls.c:7899 key usage         : Key Cert Sign, CRL Sign
[0m
D (19980) mbedtls: ssl_tls.c:7899 ext key usage     : TLS Web Server Authentication
[0m
D (19988) mbedtls: ssl_tls.c:7899 certificate policies : ???
[0m
D (19993) mbedtls: ssl_tls.c:7899 value of 'crt->eckey.Q(X)' (382 bits) is:
[0m
D (20001) mbedtls: ssl_tls.c:7899  3c 12 ff ab e1 ad c5 6a 71 b0 68 fb 08 1d 23 77
[0m
D (20009) mbedtls: ssl_tls.c:7899  f0 9f dc 7b 0c d2 49 39 8f e5 4c eb 62 d2 f9 30
[0m
D (20016) mbedtls: ssl_tls.c:7899  b9 13 7c ed 18 44 85 31 f5 ec 4e d7 c8 58 d6 b0
[0m
D (20024) mbedtls: ssl_tls.c:7899 value of 'crt->eckey.Q(Y)' (384 bits) is:
[0m
D (20031) mbedtls: ssl_tls.c:7899  f6 21 20 fb 7f c3 33 aa c5 37 76 6f ee 19 24 dc
[0m
D (20039) mbedtls: ssl_tls.c:7899  bd 20 3d 38 63 2c 05 f5 4e 73 6a c0 d5 c8 64 8d
[0m
D (20047) mbedtls: ssl_tls.c:7899  12 b5 4d b7 3f 2e 48 68 79 8b 35 bc ee 3e fb 19
[0m
D (20055) mbedtls: ssl_tls.c:7899 peer certificate #4:
[0m
D (20061) mbedtls: ssl_tls.c:7899 cert. version     : 3
[0m
D (20066) mbedtls: ssl_tls.c:7899 serial number     : 6C:8F:1D:C7:27:C7:11:7F:7B:AF:85:3A:C9:80:F9:CD
[0m
D (20075) mbedtls: ssl_tls.c:7899 issuer name       : C=US, O=Internet Security Research Group, CN=ISRG Root X1
[0m
D (20085) mbedtls: ssl_tls.c:7899 subject name      : C=US, O=Internet Security Research Group, CN=ISRG Root X2
[0m
D (20096) mbedtls: ssl_tls.c:7899 issued  on        : 2026-05-13 00:00:00
[0m
D (20103) mbedtls: ssl_tls.c:7899 expires on        : 2032-09-02 23:59:59
[0m
D (20110) mbedtls: ssl_tls.c:7899 signed using      : RSA with SHA-256
[0m
D (20117) mbedtls: ssl_tls.c:7899 EC key size       : 384 bits
[0m
D (20123) mbedtls: ssl_tls.c:7899 basic constraints : CA=true
[0m
D (20129) mbedtls: ssl_tls.c:7899 key usage         : Key Cert Sign, CRL Sign
[0m
D (20136) mbedtls: ssl_tls.c:7899 ext key usage     : TLS Web Server Authentication, TLS Web Client Authentication
[0m
D (20147) mbedtls: ssl_tls.c:7899 certificate policies : ???
[0m
D (20152) mbedtls: ssl_tls.c:7899 value of 'crt->eckey.Q(X)' (384 bits) is:
[0m
D (20160) mbedtls: ssl_tls.c:7899  cd 9b d5 9f 80 83 0a ec 09 4a f3 16 4a 3e 5c cf
[0m
D (20168) mbedtls: ssl_tls.c:7899  77 ac de 67 05 0d 1d 07 b6 dc 16 fb 5a 8b 14 db
[0m
D (20175) mbedtls: ssl_tls.c:7899  e2 71 60 c4 ba 45 95 11 89 8e ea 06 df f7 2a 16
[0m
D (20183) mbedtls: ssl_tls.c:7899 value of 'crt->eckey.Q(Y)' (381 bits) is:
[0m
D (20190) mbedtls: ssl_tls.c:7899  1c a4 b9 c5 c5 32 e0 03 e0 1e 82 18 38 8b d7 45
[0m
D (20198) mbedtls: ssl_tls.c:7899  d8 0a 6a 6e e6 00 77 fb 02 51 7d 22 d8 0a 6e 9a
[0m
D (20206) mbedtls: ssl_tls.c:7899  5b 77 df f0 fa 41 ec 39 dc 75 ca 68 07 0c 1f ea
[0m
D (20214) mbedtls: ssl_tls.c:9895 Use configuration-specific verification callback
[0m
D (20611) mbedtls: ssl_tls.c:10055 Certificate verification flags clear
[0m
[0;32mI (20613) mbedtls: ssl_tls.c:8141 <= parse certificate
[0m
D (20613) mbedtls: ssl_misc.h:1353 handshake state: 3 (MBEDTLS_SSL_SERVER_CERTIFICATE) -> 4 (MBEDTLS_SSL_SERVER_KEY_EXCHANGE)
[0m
[0;32mI (20625) mbedtls: ssl_msg.c:2354 => flush output
[0m
[0;32mI (20630) mbedtls: ssl_msg.c:2363 <= flush output
[0m
[0;32mI (20636) mbedtls: ssl_tls.c:4592 client state: MBEDTLS_SSL_SERVER_KEY_EXCHANGE
[0m
[0;32mI (20644) mbedtls: ssl_tls12_client.c:2089 => parse server key exchange
[0m
[0;32mI (20651) mbedtls: ssl_msg.c:4299 => read record
[0m
[0;32mI (20657) mbedtls: ssl_msg.c:2156 => fetch input
[0m
[0;32mI (20662) mbedtls: ssl_msg.c:2296 in_left: 0, nb_want: 5
[0m
[0;32mI (20669) mbedtls: ssl_msg.c:2316 in_left: 0, nb_want: 5
[0m
[0;32mI (20675) mbedtls: ssl_msg.c:2319 ssl->f_recv(_timeout)() returned 5 (-0xfffffffb)
[0m
[0;32mI (20683) mbedtls: ssl_msg.c:2341 <= fetch input
[0m
D (20689) mbedtls: ssl_msg.c:3966 input record: msgtype = 22, version = [0x303], msglen = 114
[0m
[0;32mI (20697) mbedtls: ssl_msg.c:2156 => fetch input
[0m
[0;32mI (20703) mbedtls: ssl_msg.c:2296 in_left: 5, nb_want: 119
[0m
[0;32mI (20709) mbedtls: ssl_msg.c:2316 in_left: 5, nb_want: 119
[0m
[0;32mI (20715) mbedtls: ssl_msg.c:2319 ssl->f_recv(_timeout)() returned 114 (-0xffffff8e)
[0m
[0;32mI (20724) mbedtls: ssl_msg.c:2341 <= fetch input
[0m
D (20730) mbedtls: ssl_msg.c:3239 handshake message: msglen = 114, type = 12, hslen = 114
[0m
D (20738) mbedtls: ssl_msg.c:3328 sole handshake fragment: 114, 0..114 of 114
[0m
[0;32mI (20746) mbedtls: ssl_msg.c:4371 <= read record
[0m
D (20751) mbedtls: ssl_tls12_client.c:2176 dumping 'server key exchange' (110 bytes)
[0m
D (20759) mbedtls: ssl_tls12_client.c:2176 0000:  03 00 1d 20 04 e2 ef b1 d0 31 58 a2 8e 80 30 6a  ... .....1X...0j
[0m
D (20769) mbedtls: ssl_tls12_client.c:2176 0010:  0c 21 5a 0b cd 0c 29 b9 7f b4 c1 9e a7 8c 18 61  .!Z...)........a
[0m
D (20780) mbedtls: ssl_tls12_client.c:2176 0020:  10 19 56 37 04 03 00 46 30 44 02 20 68 c4 71 33  ..V7...F0D. h.q3
[0m
D (20791) mbedtls: ssl_tls12_client.c:2176 0030:  71 ea 3c c3 af cf 1f 50 1f e5 40 d0 22 0a e8 aa  q.<....P..@."...
[0m
D (20801) mbedtls: ssl_tls12_client.c:2176 0040:  1c 6d 52 4d 02 40 a6 d7 09 90 1f db 02 20 68 84  .mRM.@....... h.
[0m
D (20812) mbedtls: ssl_tls12_client.c:2176 0050:  b6 63 81 b0 05 2c e3 81 14 80 97 c0 e6 6a 3d 17  .c...,.......j=.
[0m
D (20823) mbedtls: ssl_tls12_client.c:2176 0060:  d5 cb ce d8 76 8f d2 e4 3f cf d5 0c 29 54        ....v...?...)T
[0m
[0;32mI (20834) mbedtls: ssl_tls12_client.c:1805 ECDH curve: x25519
[0m
D (20840) mbedtls: ssl_tls12_client.c:1812 value of 'ECDH: Qp(X)' (254 bits) is:
[0m
D (20848) mbedtls: ssl_tls12_client.c:1812  37 56 19 10 61 18 8c a7 9e c1 b4 7f b9 29 0c cd
[0m
D (20856) mbedtls: ssl_tls12_client.c:1812  0b 5a 21 0c 6a 30 80 8e a2 58 31 d0 b1 ef e2 04
[0m
D (20865) mbedtls: ssl_tls12_client.c:1812 value of 'ECDH: Qp(Y)' (0 bits) is:
[0m
D (20872) mbedtls: ssl_tls12_client.c:1812  00
[0m
D (20877) mbedtls: ssl_tls12_client.c:2371 dumping 'signature' (70 bytes)
[0m
D (20884) mbedtls: ssl_tls12_client.c:2371 0000:  30 44 02 20 68 c4 71 33 71 ea 3c c3 af cf 1f 50  0D. h.q3q.<....P
[0m
D (20895) mbedtls: ssl_tls12_client.c:2371 0010:  1f e5 40 d0 22 0a e8 aa 1c 6d 52 4d 02 40 a6 d7  ..@."....mRM.@..
[0m
D (20905) mbedtls: ssl_tls12_client.c:2371 0020:  09 90 1f db 02 20 68 84 b6 63 81 b0 05 2c e3 81  ..... h..c...,..
[0m
D (20916) mbedtls: ssl_tls12_client.c:2371 0030:  14 80 97 c0 e6 6a 3d 17 d5 cb ce d8 76 8f d2 e4  .....j=.....v...
[0m
D (20927) mbedtls: ssl_tls12_client.c:2371 0040:  3f cf d5 0c 29 54                                ?...)T
[0m
D (20936) mbedtls: ssl_tls.c:9237 Perform mbedtls-based computation of digest of ServerKeyExchange
[0m
D (20946) mbedtls: ssl_tls12_client.c:2388 dumping 'parameters hash' (32 bytes)
[0m
D (20953) mbedtls: ssl_tls12_client.c:2388 0000:  63 ec 8c 95 1c 3f 6d c0 90 13 d3 8f 1c 97 ce 4c  c....?m........L
[0m
D (20964) mbedtls: ssl_tls12_client.c:2388 0010:  df 1d 6f e3 8d 41 81 8c f8 99 85 fa 8d ba 8d 38  ..o..A.........8
[0m
D (21012) mbedtls: ssl_misc.h:1353 handshake state: 4 (MBEDTLS_SSL_SERVER_KEY_EXCHANGE) -> 5 (MBEDTLS_SSL_CERTIFICATE_REQUEST)
[0m
[0;32mI (21013) mbedtls: ssl_tls12_client.c:2459 <= parse server key exchange
[0m
[0;32mI (21020) mbedtls: ssl_msg.c:2354 => flush output
[0m
[0;32mI (21026) mbedtls: ssl_msg.c:2363 <= flush output
[0m
[0;32mI (21031) mbedtls: ssl_tls.c:4592 client state: MBEDTLS_SSL_CERTIFICATE_REQUEST
[0m
[0;32mI (21040) mbedtls: ssl_tls12_client.c:2498 => parse certificate request
[0m
[0;32mI (21047) mbedtls: ssl_msg.c:4299 => read record
[0m
[0;32mI (21052) mbedtls: ssl_msg.c:2156 => fetch input
[0m
[0;32mI (21058) mbedtls: ssl_msg.c:2296 in_left: 0, nb_want: 5
[0m
[0;32mI (21064) mbedtls: ssl_msg.c:2316 in_left: 0, nb_want: 5
[0m
[0;32mI (21070) mbedtls: ssl_msg.c:2319 ssl->f_recv(_timeout)() returned 5 (-0xfffffffb)
[0m
[0;32mI (21079) mbedtls: ssl_msg.c:2341 <= fetch input
[0m
D (21084) mbedtls: ssl_msg.c:3966 input record: msgtype = 22, version = [0x303], msglen = 4
[0m
[0;32mI (21093) mbedtls: ssl_msg.c:2156 => fetch input
[0m
[0;32mI (21098) mbedtls: ssl_msg.c:2296 in_left: 5, nb_want: 9
[0m
[0;32mI (21104) mbedtls: ssl_msg.c:2316 in_left: 5, nb_want: 9
[0m
[0;32mI (21111) mbedtls: ssl_msg.c:2319 ssl->f_recv(_timeout)() returned 4 (-0xfffffffc)
[0m
[0;32mI (21119) mbedtls: ssl_msg.c:2341 <= fetch input
[0m
D (21125) mbedtls: ssl_msg.c:3239 handshake message: msglen = 4, type = 14, hslen = 4
[0m
D (21133) mbedtls: ssl_msg.c:3328 sole handshake fragment: 4, 0..4 of 4
[0m
[0;32mI (21139) mbedtls: ssl_msg.c:4371 <= read record
[0m
D (21145) mbedtls: ssl_misc.h:1353 handshake state: 5 (MBEDTLS_SSL_CERTIFICATE_REQUEST) -> 6 (MBEDTLS_SSL_SERVER_HELLO_DONE)
[0m
D (21156) mbedtls: ssl_tls12_client.c:2524 got no certificate request
[0m
[0;32mI (21163) mbedtls: ssl_tls12_client.c:2660 <= parse certificate request
[0m
[0;32mI (21170) mbedtls: ssl_msg.c:2354 => flush output
[0m
[0;32mI (21176) mbedtls: ssl_msg.c:2363 <= flush output
[0m
[0;32mI (21182) mbedtls: ssl_tls.c:4592 client state: MBEDTLS_SSL_SERVER_HELLO_DONE
[0m
[0;32mI (21190) mbedtls: ssl_tls12_client.c:2671 => parse server hello done
[0m
[0;32mI (21197) mbedtls: ssl_msg.c:4299 => read record
[0m
[0;32mI (21202) mbedtls: ssl_msg.c:4367 reuse previously read message
[0m
[0;32mI (21209) mbedtls: ssl_msg.c:4371 <= read record
[0m
D (21215) mbedtls: ssl_misc.h:1353 handshake state: 6 (MBEDTLS_SSL_SERVER_HELLO_DONE) -> 7 (MBEDTLS_SSL_CLIENT_CERTIFICATE)
[0m
[0;32mI (21226) mbedtls: ssl_tls12_client.c:2699 <= parse server hello done
[0m
[0;32mI (21233) mbedtls: ssl_msg.c:2354 => flush output
[0m
[0;32mI (21239) mbedtls: ssl_msg.c:2363 <= flush output
[0m
[0;32mI (21244) mbedtls: ssl_tls.c:4592 client state: MBEDTLS_SSL_CLIENT_CERTIFICATE
[0m
[0;32mI (21252) mbedtls: ssl_tls.c:7622 => write certificate
[0m
[0;32mI (21258) mbedtls: ssl_tls.c:7633 <= skip write certificate
[0m
D (21265) mbedtls: ssl_misc.h:1353 handshake state: 7 (MBEDTLS_SSL_CLIENT_CERTIFICATE) -> 8 (MBEDTLS_SSL_CLIENT_KEY_EXCHANGE)
[0m
[0;32mI (21276) mbedtls: ssl_msg.c:2354 => flush output
[0m
[0;32mI (21282) mbedtls: ssl_msg.c:2363 <= flush output
[0m
[0;32mI (21289) mbedtls: ssl_tls.c:4592 client state: MBEDTLS_SSL_CLIENT_KEY_EXCHANGE
[0m
[0;32mI (21296) mbedtls: ssl_tls12_client.c:2714 => write client key exchange
[0m
D (21421) mbedtls: ssl_tls12_client.c:2860 value of 'ECDH: Q(X)' (255 bits) is:
[0m
D (21421) mbedtls: ssl_tls12_client.c:2860  57 42 f0 2b af 41 dd c5 81 8a c1 03 f9 8e c9 f3
[0m
D (21426) mbedtls: ssl_tls12_client.c:2860  07 03 e2 51 df b9 60 c8 f1 9b 8a 08 63 89 df ed
[0m
D (21435) mbedtls: ssl_tls12_client.c:2860 value of 'ECDH: Q(Y)' (0 bits) is:
[0m
D (21442) mbedtls: ssl_tls12_client.c:2860  00
[0m
D (21568) mbedtls: ssl_tls12_client.c:2888 value of 'ECDH: z' (255 bits) is:
[0m
D (21569) mbedtls: ssl_tls12_client.c:2888  49 d8 91 65 e7 77 4f 84 f0 c6 c9 eb b4 41 89 35
[0m
D (21573) mbedtls: ssl_tls12_client.c:2888  73 f6 55 a3 b6 c6 1a 00 4f af a4 f9 28 45 8a c6
[0m
D (21582) mbedtls: ssl_misc.h:1353 handshake state: 8 (MBEDTLS_SSL_CLIENT_KEY_EXCHANGE) -> 9 (MBEDTLS_SSL_CERTIFICATE_VERIFY)
[0m
[0;32mI (21593) mbedtls: ssl_msg.c:2784 => write handshake message
[0m
[0;32mI (21600) mbedtls: ssl_msg.c:2944 => write record
[0m
D (21605) mbedtls: ssl_msg.c:3028 output record: msgtype = 22, version = [3:3], msglen = 37
[0m
[0;32mI (21614) mbedtls: ssl_msg.c:2354 => flush output
[0m
[0;32mI (21619) mbedtls: ssl_msg.c:2368 message length: 42, out_left: 42
[0m
[0;32mI (21627) mbedtls: ssl_msg.c:2375 ssl->f_send() returned 42 (-0xffffffd6)
[0m
[0;32mI (21634) mbedtls: ssl_msg.c:2402 <= flush output
[0m
[0;32mI (21640) mbedtls: ssl_msg.c:3081 <= write record
[0m
[0;32mI (21645) mbedtls: ssl_msg.c:2905 <= write handshake message
[0m
[0;32mI (21652) mbedtls: ssl_tls12_client.c:3209 <= write client key exchange
[0m
[0;32mI (21659) mbedtls: ssl_msg.c:2354 => flush output
[0m
[0;32mI (21665) mbedtls: ssl_msg.c:2363 <= flush output
[0m
[0;32mI (21670) mbedtls: ssl_tls.c:4592 client state: MBEDTLS_SSL_CERTIFICATE_VERIFY
[0m
[0;32mI (21678) mbedtls: ssl_tls12_client.c:3257 => write certificate verify
[0m
[0;32mI (21686) mbedtls: ssl_tls.c:7236 => derive keys
[0m
[0;32mI (21691) mbedtls: ssl_tls.c:7360 => calc verify
[0m
D (21697) mbedtls: ssl_tls.c:7378 dumping 'calculated verify result' (32 bytes)
[0m
D (21704) mbedtls: ssl_tls.c:7378 0000:  b3 a9 1b aa 26 04 28 2a 1c e2 c6 c0 d0 ee a5 36  ....&.(*.......6
[0m
D (21714) mbedtls: ssl_tls.c:7378 0010:  7b 77 ca 35 52 d0 42 c1 4b bf af 61 7c ce 5b f6  {w.5R.B.K..a|.[.
[0m
[0;32mI (21724) mbedtls: ssl_tls.c:7379 <= calc verify
[0m
D (21729) mbedtls: ssl_tls.c:7090 dumping 'session hash for extended master secret' (32 bytes)
[0m
D (21738) mbedtls: ssl_tls.c:7090 0000:  b3 a9 1b aa 26 04 28 2a 1c e2 c6 c0 d0 ee a5 36  ....&.(*.......6
[0m
D (21748) mbedtls: ssl_tls.c:7090 0010:  7b 77 ca 35 52 d0 42 c1 4b bf af 61 7c ce 5b f6  {w.5R.B.K..a|.[.
[0m
D (21759) mbedtls: ssl_tls.c:7219 dumping 'premaster secret' (32 bytes)
[0m
D (21765) mbedtls: ssl_tls.c:7219 0000:  c6 8a 45 28 f9 a4 af 4f 00 1a c6 b6 a3 55 f6 73  ..E(...O.....U.s
[0m
D (21775) mbedtls: ssl_tls.c:7219 0010:  35 89 41 b4 eb c9 c6 f0 84 4f 77 e7 65 91 d8 49  5.A......Ow.e..I
[0m
D (21787) mbedtls: ssl_tls.c:8774 ciphersuite = TLS-ECDHE-ECDSA-WITH-AES-128-GCM-SHA256
[0m
D (21793) mbedtls: ssl_tls.c:8776 dumping 'master secret' (48 bytes)
[0m
D (21800) mbedtls: ssl_tls.c:8776 0000:  a2 40 c0 fe 9c 1a d3 d6 11 59 44 cb da 43 c9 d5  .@.......YD..C..
[0m
D (21810) mbedtls: ssl_tls.c:8776 0010:  9a dc 35 9b 63 dd 67 5e cb a7 23 08 32 01 54 b3  ..5.c.g^..#.2.T.
[0m
D (21819) mbedtls: ssl_tls.c:8776 0020:  fd 96 ab de 3e 68 f9 95 8d 9c 7a c3 34 d0 ed d2  ....>h....z.4...
[0m
D (21831) mbedtls: ssl_tls.c:8896 keylen: 16, minlen: 24, ivlen: 12, maclen: 0
[0m
[0;32mI (21837) mbedtls: ssl_tls.c:7287 <= derive keys
[0m
[0;32mI (21842) mbedtls: ssl_tls12_client.c:3279 <= skip write certificate verify
[0m
D (21850) mbedtls: ssl_misc.h:1353 handshake state: 9 (MBEDTLS_SSL_CERTIFICATE_VERIFY) -> 10 (MBEDTLS_SSL_CLIENT_CHANGE_CIPHER_SPEC)
[0m
[0;32mI (21862) mbedtls: ssl_msg.c:2354 => flush output
[0m
[0;32mI (21868) mbedtls: ssl_msg.c:2363 <= flush output
[0m
[0;32mI (21873) mbedtls: ssl_tls.c:4592 client state: MBEDTLS_SSL_CLIENT_CHANGE_CIPHER_SPEC
[0m
[0;32mI (21882) mbedtls: ssl_msg.c:5316 => write change cipher spec
[0m
D (21889) mbedtls: ssl_misc.h:1353 handshake state: 10 (MBEDTLS_SSL_CLIENT_CHANGE_CIPHER_SPEC) -> 11 (MBEDTLS_SSL_CLIENT_FINISHED)
[0m
[0;32mI (21900) mbedtls: ssl_msg.c:2784 => write handshake message
[0m
[0;32mI (21907) mbedtls: ssl_msg.c:2944 => write record
[0m
D (21913) mbedtls: ssl_msg.c:3028 output record: msgtype = 20, version = [3:3], msglen = 1
[0m
[0;32mI (21921) mbedtls: ssl_msg.c:2354 => flush output
[0m
[0;32mI (21927) mbedtls: ssl_msg.c:2368 message length: 6, out_left: 6
[0m
[0;32mI (21934) mbedtls: ssl_msg.c:2375 ssl->f_send() returned 6 (-0xfffffffa)
[0m
[0;32mI (21941) mbedtls: ssl_msg.c:2402 <= flush output
[0m
[0;32mI (21947) mbedtls: ssl_msg.c:3081 <= write record
[0m
[0;32mI (21952) mbedtls: ssl_msg.c:2905 <= write handshake message
[0m
[0;32mI (21959) mbedtls: ssl_msg.c:5329 <= write change cipher spec
[0m
[0;32mI (21965) mbedtls: ssl_msg.c:2354 => flush output
[0m
[0;32mI (21971) mbedtls: ssl_msg.c:2363 <= flush output
[0m
[0;32mI (21976) mbedtls: ssl_tls.c:4592 client state: MBEDTLS_SSL_CLIENT_FINISHED
[0m
[0;32mI (21984) mbedtls: ssl_tls.c:8372 => write finished
[0m
[0;32mI (21990) mbedtls: ssl_tls.c:8206 => calc finished tls
[0m
D (21997) mbedtls: ssl_tls.c:8233 dumping 'calc finished result' (12 bytes)
[0m
D (22003) mbedtls: ssl_tls.c:8233 0000:  7b e1 52 2f 6b 8b 29 fe cb 0b 32 76              {.R/k.)...2v
[0m
[0;32mI (22013) mbedtls: ssl_tls.c:8237 <= calc finished
[0m
D (22018) mbedtls: ssl_misc.h:1353 handshake state: 11 (MBEDTLS_SSL_CLIENT_FINISHED) -> 12 (MBEDTLS_SSL_SERVER_CHANGE_CIPHER_SPEC)
[0m
D (22030) mbedtls: ssl_tls.c:8422 switching to new transform spec for outbound data
[0m
[0;32mI (22038) mbedtls: ssl_msg.c:2784 => write handshake message
[0m
[0;32mI (22045) mbedtls: ssl_msg.c:2944 => write record
[0m
[0;32mI (22050) mbedtls: ssl_msg.c:936 => encrypt buf
[0m
D (22056) mbedtls: ssl_msg.c:1190 before encrypt: msglen = 16, including 0 bytes of padding
[0m
[0;32mI (22065) mbedtls: ssl_msg.c:1475 <= encrypt buf
[0m
D (22070) mbedtls: ssl_msg.c:3028 output record: msgtype = 22, version = [3:3], msglen = 40
[0m
[0;32mI (22079) mbedtls: ssl_msg.c:2354 => flush output
[0m
[0;32mI (22084) mbedtls: ssl_msg.c:2368 message length: 45, out_left: 45
[0m
[0;32mI (22091) mbedtls: ssl_msg.c:2375 ssl->f_send() returned 45 (-0xffffffd3)
[0m
[0;32mI (22098) mbedtls: ssl_msg.c:2402 <= flush output
[0m
[0;32mI (22104) mbedtls: ssl_msg.c:3081 <= write record
[0m
[0;32mI (22110) mbedtls: ssl_msg.c:2905 <= write handshake message
[0m
[0;32mI (22116) mbedtls: ssl_tls.c:8475 <= write finished
[0m
[0;32mI (22122) mbedtls: ssl_msg.c:2354 => flush output
[0m
[0;32mI (22127) mbedtls: ssl_msg.c:2363 <= flush output
[0m
[0;32mI (22133) mbedtls: ssl_tls.c:4592 client state: MBEDTLS_SSL_SERVER_CHANGE_CIPHER_SPEC
[0m
D (22142) mbedtls: ssl_misc.h:1353 handshake state: 12 (MBEDTLS_SSL_SERVER_CHANGE_CIPHER_SPEC) -> 16 (MBEDTLS_SSL_NEW_SESSION_TICKET)
[0m
[0;32mI (22154) mbedtls: ssl_tls12_client.c:3385 => parse new session ticket
[0m
[0;32mI (22161) mbedtls: ssl_msg.c:4299 => read record
[0m
[0;32mI (22167) mbedtls: ssl_msg.c:2156 => fetch input
[0m
[0;32mI (22172) mbedtls: ssl_msg.c:2296 in_left: 0, nb_want: 5
[0m
[0;32mI (22336) mbedtls: ssl_msg.c:2316 in_left: 0, nb_want: 5
[0m
[0;32mI (22337) mbedtls: ssl_msg.c:2319 ssl->f_recv(_timeout)() returned 5 (-0xfffffffb)
[0m
[0;32mI (22340) mbedtls: ssl_msg.c:2341 <= fetch input
[0m
D (22346) mbedtls: ssl_msg.c:3966 input record: msgtype = 22, version = [0x303], msglen = 202
[0m
[0;32mI (22354) mbedtls: ssl_msg.c:2156 => fetch input
[0m
[0;32mI (22360) mbedtls: ssl_msg.c:2296 in_left: 5, nb_want: 207
[0m
[0;32mI (22366) mbedtls: ssl_msg.c:2316 in_left: 5, nb_want: 207
[0m
[0;32mI (22372) mbedtls: ssl_msg.c:2319 ssl->f_recv(_timeout)() returned 202 (-0xffffff36)
[0m
[0;32mI (22381) mbedtls: ssl_msg.c:2341 <= fetch input
[0m
D (22388) mbedtls: ssl_msg.c:3239 handshake message: msglen = 202, type = 4, hslen = 202
[0m
D (22395) mbedtls: ssl_msg.c:3328 sole handshake fragment: 202, 0..202 of 202
[0m
[0;32mI (22404) mbedtls: ssl_msg.c:4371 <= read record
[0m
D (22408) mbedtls: ssl_tls12_client.c:3432 ticket length: 192
[0m
D (22414) mbedtls: ssl_misc.h:1353 handshake state: 16 (MBEDTLS_SSL_NEW_SESSION_TICKET) -> 12 (MBEDTLS_SSL_SERVER_CHANGE_CIPHER_SPEC)
[0m
D (22426) mbedtls: ssl_tls12_client.c:3476 ticket in use, discarding session id
[0m
[0;32mI (22433) mbedtls: ssl_tls12_client.c:3479 <= parse new session ticket
[0m
[0;32mI (22441) mbedtls: ssl_msg.c:2354 => flush output
[0m
[0;32mI (22446) mbedtls: ssl_msg.c:2363 <= flush output
[0m
[0;32mI (22452) mbedtls: ssl_tls.c:4592 client state: MBEDTLS_SSL_SERVER_CHANGE_CIPHER_SPEC
[0m
[0;32mI (22460) mbedtls: ssl_msg.c:5338 => parse change cipher spec
[0m
[0;32mI (22467) mbedtls: ssl_msg.c:4299 => read record
[0m
[0;32mI (22473) mbedtls: ssl_msg.c:2156 => fetch input
[0m
[0;32mI (22478) mbedtls: ssl_msg.c:2296 in_left: 0, nb_want: 5
[0m
[0;32mI (22484) mbedtls: ssl_msg.c:2316 in_left: 0, nb_want: 5
[0m
[0;32mI (22490) mbedtls: ssl_msg.c:2319 ssl->f_recv(_timeout)() returned 5 (-0xfffffffb)
[0m
[0;32mI (22499) mbedtls: ssl_msg.c:2341 <= fetch input
[0m
D (22504) mbedtls: ssl_msg.c:3966 input record: msgtype = 20, version = [0x303], msglen = 1
[0m
[0;32mI (22513) mbedtls: ssl_msg.c:2156 => fetch input
[0m
[0;32mI (22518) mbedtls: ssl_msg.c:2296 in_left: 5, nb_want: 6
[0m
[0;32mI (22525) mbedtls: ssl_msg.c:2316 in_left: 5, nb_want: 6
[0m
[0;32mI (22531) mbedtls: ssl_msg.c:2319 ssl->f_recv(_timeout)() returned 1 (-0xffffffff)
[0m
[0;32mI (22539) mbedtls: ssl_msg.c:2341 <= fetch input
[0m
[0;32mI (22545) mbedtls: ssl_msg.c:4371 <= read record
[0m
D (22550) mbedtls: ssl_msg.c:5359 switching to new transform spec for inbound data
[0m
D (22558) mbedtls: ssl_misc.h:1353 handshake state: 12 (MBEDTLS_SSL_SERVER_CHANGE_CIPHER_SPEC) -> 13 (MBEDTLS_SSL_SERVER_FINISHED)
[0m
[0;32mI (22570) mbedtls: ssl_msg.c:5386 <= parse change cipher spec
[0m
[0;32mI (22576) mbedtls: ssl_msg.c:2354 => flush output
[0m
[0;32mI (22582) mbedtls: ssl_msg.c:2363 <= flush output
[0m
[0;32mI (22587) mbedtls: ssl_tls.c:4592 client state: MBEDTLS_SSL_SERVER_FINISHED
[0m
[0;32mI (22595) mbedtls: ssl_tls.c:8488 => parse finished
[0m
[0;32mI (22601) mbedtls: ssl_tls.c:8206 => calc finished tls
[0m
D (22608) mbedtls: ssl_tls.c:8233 dumping 'calc finished result' (12 bytes)
[0m
D (22614) mbedtls: ssl_tls.c:8233 0000:  7c d7 d3 db ca 9f 85 96 10 31 cc b5              |........1..
[0m
[0;32mI (22624) mbedtls: ssl_tls.c:8237 <= calc finished
[0m
[0;32mI (22629) mbedtls: ssl_msg.c:4299 => read record
[0m
[0;32mI (22635) mbedtls: ssl_msg.c:2156 => fetch input
[0m
[0;32mI (22640) mbedtls: ssl_msg.c:2296 in_left: 0, nb_want: 5
[0m
[0;32mI (22647) mbedtls: ssl_msg.c:2316 in_left: 0, nb_want: 5
[0m
[0;32mI (22653) mbedtls: ssl_msg.c:2319 ssl->f_recv(_timeout)() returned 5 (-0xfffffffb)
[0m
[0;32mI (22661) mbedtls: ssl_msg.c:2341 <= fetch input
[0m
D (22667) mbedtls: ssl_msg.c:3966 input record: msgtype = 22, version = [0x303], msglen = 40
[0m
[0;32mI (22675) mbedtls: ssl_msg.c:2156 => fetch input
[0m
[0;32mI (22681) mbedtls: ssl_msg.c:2296 in_left: 5, nb_want: 45
[0m
[0;32mI (22687) mbedtls: ssl_msg.c:2316 in_left: 5, nb_want: 45
[0m
[0;32mI (22693) mbedtls: ssl_msg.c:2319 ssl->f_recv(_timeout)() returned 40 (-0xffffffd8)
[0m
[0;32mI (22702) mbedtls: ssl_msg.c:2341 <= fetch input
[0m
[0;32mI (22707) mbedtls: ssl_msg.c:1511 => decrypt buf
[0m
[0;32mI (22714) mbedtls: ssl_msg.c:2122 <= decrypt buf
[0m
D (22718) mbedtls: ssl_msg.c:3239 handshake message: msglen = 16, type = 20, hslen = 16
[0m
D (22726) mbedtls: ssl_msg.c:3328 sole handshake fragment: 16, 0..16 of 16
[0m
[0;32mI (22734) mbedtls: ssl_msg.c:4371 <= read record
[0m
D (22739) mbedtls: ssl_misc.h:1353 handshake state: 13 (MBEDTLS_SSL_SERVER_FINISHED) -> 14 (MBEDTLS_SSL_FLUSH_BUFFERS)
[0m
[0;32mI (22750) mbedtls: ssl_tls.c:8559 <= parse finished
[0m
[0;32mI (22756) mbedtls: ssl_msg.c:2354 => flush output
[0m
[0;32mI (22761) mbedtls: ssl_msg.c:2363 <= flush output
[0m
[0;32mI (22767) mbedtls: ssl_tls.c:4592 client state: MBEDTLS_SSL_FLUSH_BUFFERS
[0m
[0;32mI (22774) mbedtls: ssl_tls12_client.c:3587 handshake: done
[0m
D (22781) mbedtls: ssl_misc.h:1353 handshake state: 14 (MBEDTLS_SSL_FLUSH_BUFFERS) -> 15 (MBEDTLS_SSL_HANDSHAKE_WRAPUP)
[0m
[0;32mI (22792) mbedtls: ssl_msg.c:2354 => flush output
[0m
[0;32mI (22797) mbedtls: ssl_msg.c:2363 <= flush output
[0m
[0;32mI (22803) mbedtls: ssl_tls.c:4592 client state: MBEDTLS_SSL_HANDSHAKE_WRAPUP
[0m
D (22811) mbedtls: ssl_tls.c:8310 => handshake wrapup
[0m
D (22816) mbedtls: ssl_tls.c:8284 => handshake wrapup: final free
[0m
D (22822) mbedtls: ssl_tls.c:8303 <= handshake wrapup: final free
[0m
D (22829) mbedtls: ssl_misc.h:1353 handshake state: 15 (MBEDTLS_SSL_HANDSHAKE_WRAPUP) -> 27 (MBEDTLS_SSL_HANDSHAKE_OVER)
[0m
D (22840) mbedtls: ssl_tls.c:8364 <= handshake wrapup
[0m
[0;32mI (22845) mbedtls: ssl_tls.c:4684 <= handshake
[0m
D (22850) event: no handlers have been registered for event ESP_HTTP_CLIENT_EVENT:1 posted to loop 0x4086463c[0m
D (22861) HTTP_CLIENT: Write header[4]: POST /voice-api/api/session HTTP/1.1
User-Agent: ESP32 HTTP Client/1.0
Host: clare.vinex.top
Content-Type: application/json
Content-Length: 19

[0m
[0;32mI (22878) mbedtls: ssl_msg.c:6191 => write
[0m
[0;32mI (22883) mbedtls: ssl_msg.c:2944 => write record
[0m
[0;32mI (22888) mbedtls: ssl_msg.c:936 => encrypt buf
[0m
D (22895) mbedtls: ssl_msg.c:1190 before encrypt: msglen = 150, including 0 bytes of padding
[0m
[0;32mI (22904) mbedtls: ssl_msg.c:1475 <= encrypt buf
[0m
D (22908) mbedtls: ssl_msg.c:3028 output record: msgtype = 23, version = [3:3], msglen = 174
[0m
[0;32mI (22918) mbedtls: ssl_msg.c:2354 => flush output
[0m
[0;32mI (22922) mbedtls: ssl_msg.c:2368 message length: 179, out_left: 179
[0m
[0;32mI (22930) mbedtls: ssl_msg.c:2375 ssl->f_send() returned 179 (-0xffffff4d)
[0m
[0;32mI (22937) mbedtls: ssl_msg.c:2402 <= flush output
[0m
[0;32mI (22943) mbedtls: ssl_msg.c:3081 <= write record
[0m
[0;32mI (22948) mbedtls: ssl_msg.c:6213 <= write
[0m
D (22953) event: no handlers have been registered for event ESP_HTTP_CLIENT_EVENT:2 posted to loop 0x4086463c[0m
[0;32mI (22964) mbedtls: ssl_msg.c:6191 => write
[0m
[0;32mI (22968) mbedtls: ssl_msg.c:2944 => write record
[0m
[0;32mI (22974) mbedtls: ssl_msg.c:936 => encrypt buf
[0m
D (22980) mbedtls: ssl_msg.c:1190 before encrypt: msglen = 19, including 0 bytes of padding
[0m
[0;32mI (22988) mbedtls: ssl_msg.c:1475 <= encrypt buf
[0m
D (22993) mbedtls: ssl_msg.c:3028 output record: msgtype = 23, version = [3:3], msglen = 43
[0m
[0;32mI (23002) mbedtls: ssl_msg.c:2354 => flush output
[0m
[0;32mI (23007) mbedtls: ssl_msg.c:2368 message length: 48, out_left: 48
[0m
[0;32mI (23014) mbedtls: ssl_msg.c:2375 ssl->f_send() returned 48 (-0xffffffd0)
[0m
[0;32mI (23022) mbedtls: ssl_msg.c:2402 <= flush output
[0m
[0;32mI (23027) mbedtls: ssl_msg.c:3081 <= write record
[0m
[0;32mI (23033) mbedtls: ssl_msg.c:6213 <= write
[0m
[0;32mI (24094) mbedtls: ssl_msg.c:5929 => read
[0m
[0;32mI (24094) mbedtls: ssl_msg.c:4299 => read record
[0m
[0;32mI (24095) mbedtls: ssl_msg.c:2156 => fetch input
[0m
[0;32mI (24099) mbedtls: ssl_msg.c:2296 in_left: 0, nb_want: 5
[0m
[0;32mI (24105) mbedtls: ssl_msg.c:2316 in_left: 0, nb_want: 5
[0m
[0;32mI (24111) mbedtls: ssl_msg.c:2319 ssl->f_recv(_timeout)() returned 5 (-0xfffffffb)
[0m
[0;32mI (24120) mbedtls: ssl_msg.c:2341 <= fetch input
[0m
D (24125) mbedtls: ssl_msg.c:3966 input record: msgtype = 23, version = [0x303], msglen = 805
[0m
[0;32mI (24134) mbedtls: ssl_msg.c:2156 => fetch input
[0m
[0;32mI (24139) mbedtls: ssl_msg.c:2296 in_left: 5, nb_want: 810
[0m
[0;32mI (24146) mbedtls: ssl_msg.c:2316 in_left: 5, nb_want: 810
[0m
[0;32mI (24152) mbedtls: ssl_msg.c:2319 ssl->f_recv(_timeout)() returned 805 (-0xfffffcdb)
[0m
[0;32mI (24160) mbedtls: ssl_msg.c:2341 <= fetch input
[0m
[0;32mI (24171) mbedtls: ssl_msg.c:1511 => decrypt buf
[0m
[0;32mI (24175) mbedtls: ssl_msg.c:2122 <= decrypt buf
[0m
[0;32mI (24182) mbedtls: ssl_msg.c:4371 <= read record
[0m
[0;32mI (24182) mbedtls: ssl_msg.c:6089 <= read
[0m
D (24187) HTTP_CLIENT: on_message_begin[0m
D (24191) HTTP_CLIENT: HEADER=Date:Fri, 28 Aug 2026 15:25:38 GMT[0m
D (24197) event: no handlers have been registered for event ESP_HTTP_CLIENT_EVENT:3 posted to loop 0x4086463c[0m
D (24207) HTTP_CLIENT: HEADER=Content-Type:application/json[0m
D (24213) event: no handlers have been registered for event ESP_HTTP_CLIENT_EVENT:3 posted to loop 0x4086463c[0m
D (24223) HTTP_CLIENT: HEADER=Content-Length:82[0m
D (24227) event: no handlers have been registered for event ESP_HTTP_CLIENT_EVENT:3 posted to loop 0x4086463c[0m
D (24238) HTTP_CLIENT: HEADER=Connection:keep-alive[0m
D (24242) event: no handlers have been registered for event ESP_HTTP_CLIENT_EVENT:3 posted to loop 0x4086463c[0m
D (24253) HTTP_CLIENT: HEADER=Server:cloudflare[0m
D (24257) event: no handlers have been registered for event ESP_HTTP_CLIENT_EVENT:3 posted to loop 0x4086463c[0m
D (24267) HTTP_CLIENT: HEADER=x-content-type-options:nosniff[0m
D (24273) event: no handlers have been registered for event ESP_HTTP_CLIENT_EVENT:3 posted to loop 0x4086463c[0m
D (24283) HTTP_CLIENT: HEADER=x-frame-options:SAMEORIGIN[0m
D (24288) event: no handlers have been registered for event ESP_HTTP_CLIENT_EVENT:3 posted to loop 0x4086463c[0m
D (24299) HTTP_CLIENT: HEADER=strict-transport-security:max-age=31536000; includeSubDomains[0m
D (24307) event: no handlers have been registered for event ESP_HTTP_CLIENT_EVENT:3 posted to loop 0x4086463c[0m
D (24317) HTTP_CLIENT: HEADER=cf-cache-status:DYNAMIC[0m
D (24322) event: no handlers have been registered for event ESP_HTTP_CLIENT_EVENT:3 posted to loop 0x4086463c[0m
D (24332) HTTP_CLIENT: HEADER=Report-To:{"group":"cf-nel","max_age":604800,"endpoints":[{"url":"https://a.nel.cloudflare.com/report/v4?s=FAdKRH%2FdYf%2FG%2BVMqLZEoJ1DhiK5MF9U4t2%2BA6YpleMSbsNNEIl2WogKV%2BUxpXBcQMEEY%2But%2BtcD7evdYzaX6DPSUNGB3ArLHgQ%2FKFmzz4NljV%2BPTabkgDnXNZpfvLd7AYx0%3D"}]}[0m
D (24358) event: no handlers have been registered for event ESP_HTTP_CLIENT_EVENT:3 posted to loop 0x4086463c[0m
D (24368) HTTP_CLIENT: HEADER=Nel:{"report_to":"cf-nel","success_fraction":0.0,"max_age":604800}[0m
D (24376) event: no handlers have been registered for event ESP_HTTP_CLIENT_EVENT:3 posted to loop 0x4086463c[0m
D (24387) HTTP_CLIENT: HEADER=CF-RAY:a3245467f9e4f40f-SJC[0m
D (24392) event: no handlers have been registered for event ESP_HTTP_CLIENT_EVENT:3 posted to loop 0x4086463c[0m
D (24402) HTTP_CLIENT: HEADER=alt-svc:h3=":443"; ma=86400[0m
D (24407) event: no handlers have been registered for event ESP_HTTP_CLIENT_EVENT:3 posted to loop 0x4086463c[0m
D (24417) HTTP_CLIENT: http_on_headers_complete, status=200, offset=699, nread=699[0m
D (24425) HTTP_CLIENT: http_on_body 82[0m
D (24429) event: no handlers have been registered for event ESP_HTTP_CLIENT_EVENT:4 posted to loop 0x4086463c[0m
D (24439) HTTP_CLIENT: http_on_message_complete, parser=0x4084f358[0m
D (24445) HTTP_CLIENT: content_length = 82[0m
D (24449) event: no handlers have been registered for event ESP_HTTP_CLIENT_EVENT:5 posted to loop 0x4086463c[0m
[0;32mI (24459) clare_net: HTTP response status=200 bytes=82 truncated=0[0m
D (24466) event: no handlers have been registered for event ESP_HTTP_CLIENT_EVENT:6 posted to loop 0x4086463c[0m
[0;32mI (24478) clare_net: HTTP after cleanup free8=41488 largest8=14592[0m
[0;32mI (24483) clare_c6: Boot network self-test session err=0 (attempt 1/4)[0m
D (24490) esp-tls: host:clare.vinex.top: strlen 15[0m
D (24495) wifi:eb is dhcp or dns sport = 34953, dport = 53
D (24511) esp-tls: [sock=54] Resolved IPv4 address: 172.67.178.147[0m
D (24512) esp-tls: [sock=54] Connecting to server. HOST: clare.vinex.top/voice-api/health, Port: 443[0m
D (24789) esp-tls: handshake in progress...[0m
[0;32mI (24789) mbedtls: ssl_tls.c:4673 => handshake
[0m
[0;32mI (24790) mbedtls: ssl_msg.c:2354 => flush output
[0m
[0;32mI (24793) mbedtls: ssl_msg.c:2363 <= flush output
[0m
[0;32mI (24799) mbedtls: ssl_tls.c:4592 client state: MBEDTLS_SSL_HELLO_REQUEST
[0m
D (24806) mbedtls: ssl_misc.h:1353 handshake state: 0 (MBEDTLS_SSL_HELLO_REQUEST) -> 1 (MBEDTLS_SSL_CLIENT_HELLO)
[0m
[0;32mI (24817) mbedtls: ssl_msg.c:2354 => flush output
[0m
[0;32mI (24822) mbedtls: ssl_msg.c:2363 <= flush output
[0m
[0;32mI (24828) mbedtls: ssl_tls.c:4592 client state: MBEDTLS_SSL_CLIENT_HELLO
[0m
[0;32mI (24835) mbedtls: ssl_client.c:921 => write client hello
[0m
D (24842) mbedtls: ssl_client.c:724 client hello, current time: 16576
[0m
D (24849) mbedtls: ssl_client.c:487 dumping 'client hello, random bytes' (32 bytes)
[0m
D (24856) mbedtls: ssl_client.c:487 0000:  00 00 40 c0 43 68 8d 1f 85 55 e2 76 f3 e8 6b 38  ..@.Ch...U.v..k8
[0m
D (24866) mbedtls: ssl_client.c:487 0010:  ab 0c 17 d2 31 c6 3e 08 47 a0 d2 c4 68 c7 a5 a4  ....1.>.G...h...
[0m
D (24876) mbedtls: ssl_client.c:512 dumping 'session id' (0 bytes)
[0m
D (24883) mbedtls: ssl_client.c:370 client hello, add ciphersuite: c02c, TLS-ECDHE-ECDSA-WITH-AES-256-GCM-SHA384
[0m
D (24893) mbedtls: ssl_client.c:370 client hello, add ciphersuite: c030, TLS-ECDHE-RSA-WITH-AES-256-GCM-SHA384
[0m
D (24904) mbedtls: ssl_client.c:370 client hello, add ciphersuite: c0ad, TLS-ECDHE-ECDSA-WITH-AES-256-CCM
[0m
D (24913) mbedtls: ssl_client.c:370 client hello, add ciphersuite: c024, TLS-ECDHE-ECDSA-WITH-AES-256-CBC-SHA384
[0m
D (24924) mbedtls: ssl_client.c:370 client hello, add ciphersuite: c028, TLS-ECDHE-RSA-WITH-AES-256-CBC-SHA384
[0m
D (24934) mbedtls: ssl_client.c:370 client hello, add ciphersuite: c00a, TLS-ECDHE-ECDSA-WITH-AES-256-CBC-SHA
[0m
D (24944) mbedtls: ssl_client.c:370 client hello, add ciphersuite: c014, TLS-ECDHE-RSA-WITH-AES-256-CBC-SHA
[0m
D (24954) mbedtls: ssl_client.c:370 client hello, add ciphersuite: c0af, TLS-ECDHE-ECDSA-WITH-AES-256-CCM-8
[0m
D (24964) mbedtls: ssl_client.c:370 client hello, add ciphersuite: c05d, TLS-ECDHE-ECDSA-WITH-ARIA-256-GCM-SHA384
[0m
D (24975) mbedtls: ssl_client.c:370 client hello, add ciphersuite: c061, TLS-ECDHE-RSA-WITH-ARIA-256-GCM-SHA384
[0m
D (24985) mbedtls: ssl_client.c:370 client hello, add ciphersuite: c049, TLS-ECDHE-ECDSA-WITH-ARIA-256-CBC-SHA384
[0m
D (24995) mbedtls: ssl_client.c:370 client hello, add ciphersuite: c04d, TLS-ECDHE-RSA-WITH-ARIA-256-CBC-SHA384
[0m
D (25006) mbedtls: ssl_client.c:370 client hello, add ciphersuite: c02b, TLS-ECDHE-ECDSA-WITH-AES-128-GCM-SHA256
[0m
D (25016) mbedtls: ssl_client.c:370 client hello, add ciphersuite: c02f, TLS-ECDHE-RSA-WITH-AES-128-GCM-SHA256
[0m
D (25026) mbedtls: ssl_client.c:370 client hello, add ciphersuite: c0ac, TLS-ECDHE-ECDSA-WITH-AES-128-CCM
[0m
D (25036) mbedtls: ssl_client.c:370 client hello, add ciphersuite: c023, TLS-ECDHE-ECDSA-WITH-AES-128-CBC-SHA256
[0m
D (25047) mbedtls: ssl_client.c:370 client hello, add ciphersuite: c027, TLS-ECDHE-RSA-WITH-AES-128-CBC-SHA256
[0m
D (25057) mbedtls: ssl_client.c:370 client hello, add ciphersuite: c009, TLS-ECDHE-ECDSA-WITH-AES-128-CBC-SHA
[0m
D (25067) mbedtls: ssl_client.c:370 client hello, add ciphersuite: c013, TLS-ECDHE-RSA-WITH-AES-128-CBC-SHA
[0m
D (25077) mbedtls: ssl_client.c:370 client hello, add ciphersuite: c0ae, TLS-ECDHE-ECDSA-WITH-AES-128-CCM-8
[0m
D (25087) mbedtls: ssl_client.c:370 client hello, add ciphersuite: c05c, TLS-ECDHE-ECDSA-WITH-ARIA-128-GCM-SHA256
[0m
D (25098) mbedtls: ssl_client.c:370 client hello, add ciphersuite: c060, TLS-ECDHE-RSA-WITH-ARIA-128-GCM-SHA256
[0m
D (25108) mbedtls: ssl_client.c:370 client hello, add ciphersuite: c048, TLS-ECDHE-ECDSA-WITH-ARIA-128-CBC-SHA256
[0m
D (25118) mbedtls: ssl_client.c:370 client hello, add ciphersuite: c04c, TLS-ECDHE-RSA-WITH-ARIA-128-CBC-SHA256
[0m
D (25129) mbedtls: ssl_client.c:370 client hello, add ciphersuite: 009d, TLS-RSA-WITH-AES-256-GCM-SHA384
[0m
D (25138) mbedtls: ssl_client.c:370 client hello, add ciphersuite: c09d, TLS-RSA-WITH-AES-256-CCM
[0m
D (25148) mbedtls: ssl_client.c:370 client hello, add ciphersuite: 003d, TLS-RSA-WITH-AES-256-CBC-SHA256
[0m
D (25157) mbedtls: ssl_client.c:370 client hello, add ciphersuite: 0035, TLS-RSA-WITH-AES-256-CBC-SHA
[0m
D (25167) mbedtls: ssl_client.c:370 client hello, add ciphersuite: c032, TLS-ECDH-RSA-WITH-AES-256-GCM-SHA384
[0m
D (25177) mbedtls: ssl_client.c:370 client hello, add ciphersuite: c02a, TLS-ECDH-RSA-WITH-AES-256-CBC-SHA384
[0m
D (25187) mbedtls: ssl_client.c:370 client hello, add ciphersuite: c00f, TLS-ECDH-RSA-WITH-AES-256-CBC-SHA
[0m
D (25197) mbedtls: ssl_client.c:370 client hello, add ciphersuite: c02e, TLS-ECDH-ECDSA-WITH-AES-256-GCM-SHA384
[0m
D (25207) mbedtls: ssl_client.c:370 client hello, add ciphersuite: c026, TLS-ECDH-ECDSA-WITH-AES-256-CBC-SHA384
[0m
D (25218) mbedtls: ssl_client.c:370 client hello, add ciphersuite: c005, TLS-ECDH-ECDSA-WITH-AES-256-CBC-SHA
[0m
D (25228) mbedtls: ssl_client.c:370 client hello, add ciphersuite: c0a1, TLS-RSA-WITH-AES-256-CCM-8
[0m
D (25237) mbedtls: ssl_client.c:370 client hello, add ciphersuite: c05f, TLS-ECDH-ECDSA-WITH-ARIA-256-GCM-SHA384
[0m
D (25247) mbedtls: ssl_client.c:370 client hello, add ciphersuite: c063, TLS-ECDH-RSA-WITH-ARIA-256-GCM-SHA384
[0m
D (25258) mbedtls: ssl_client.c:370 client hello, add ciphersuite: c051, TLS-RSA-WITH-ARIA-256-GCM-SHA384
[0m
D (25267) mbedtls: ssl_client.c:370 client hello, add ciphersuite: c04b, TLS-ECDH-ECDSA-WITH-ARIA-256-CBC-SHA384
[0m
D (25278) mbedtls: ssl_client.c:370 client hello, add ciphersuite: c04f, TLS-ECDH-RSA-WITH-ARIA-256-CBC-SHA384
[0m
D (25288) mbedtls: ssl_client.c:370 client hello, add ciphersuite: c03d, TLS-RSA-WITH-ARIA-256-CBC-SHA384
[0m
D (25298) mbedtls: ssl_client.c:370 client hello, add ciphersuite: 009c, TLS-RSA-WITH-AES-128-GCM-SHA256
[0m
D (25308) mbedtls: ssl_client.c:370 client hello, add ciphersuite: c09c, TLS-RSA-WITH-AES-128-CCM
[0m
D (25317) mbedtls: ssl_client.c:370 client hello, add ciphersuite: 003c, TLS-RSA-WITH-AES-128-CBC-SHA256
[0m
D (25326) mbedtls: ssl_client.c:370 client hello, add ciphersuite: 002f, TLS-RSA-WITH-AES-128-CBC-SHA
[0m
D (25336) mbedtls: ssl_client.c:370 client hello, add ciphersuite: c031, TLS-ECDH-RSA-WITH-AES-128-GCM-SHA256
[0m
D (25346) mbedtls: ssl_client.c:370 client hello, add ciphersuite: c029, TLS-ECDH-RSA-WITH-AES-128-CBC-SHA256
[0m
D (25356) mbedtls: ssl_client.c:370 client hello, add ciphersuite: c00e, TLS-ECDH-RSA-WITH-AES-128-CBC-SHA
[0m
D (25366) mbedtls: ssl_client.c:370 client hello, add ciphersuite: c02d, TLS-ECDH-ECDSA-WITH-AES-128-GCM-SHA256
[0m
D (25376) mbedtls: ssl_client.c:370 client hello, add ciphersuite: c025, TLS-ECDH-ECDSA-WITH-AES-128-CBC-SHA256
[0m
D (25387) mbedtls: ssl_client.c:370 client hello, add ciphersuite: c004, TLS-ECDH-ECDSA-WITH-AES-128-CBC-SHA
[0m
D (25397) mbedtls: ssl_client.c:370 client hello, add ciphersuite: c0a0, TLS-RSA-WITH-AES-128-CCM-8
[0m
D (25406) mbedtls: ssl_client.c:370 client hello, add ciphersuite: c05e, TLS-ECDH-ECDSA-WITH-ARIA-128-GCM-SHA256
[0m
D (25416) mbedtls: ssl_client.c:370 client hello, add ciphersuite: c062, TLS-ECDH-RSA-WITH-ARIA-128-GCM-SHA256
[0m
D (25427) mbedtls: ssl_client.c:370 client hello, add ciphersuite: c050, TLS-RSA-WITH-ARIA-128-GCM-SHA256
[0m
D (25437) mbedtls: ssl_client.c:370 client hello, add ciphersuite: c04a, TLS-ECDH-ECDSA-WITH-ARIA-128-CBC-SHA256
[0m
D (25447) mbedtls: ssl_client.c:370 client hello, add ciphersuite: c04e, TLS-ECDH-RSA-WITH-ARIA-128-CBC-SHA256
[0m
D (25457) mbedtls: ssl_client.c:370 client hello, add ciphersuite: c03c, TLS-RSA-WITH-ARIA-128-CBC-SHA256
[0m
D (25467) mbedtls: ssl_client.c:388 adding EMPTY_RENEGOTIATION_INFO_SCSV
[0m
D (25474) mbedtls: ssl_client.c:397 client hello, got 59 cipher suites
[0m
D (25481) mbedtls: ssl_client.c:41 client hello, adding server name extension: clare.vinex.top
[0m
D (25490) mbedtls: ssl_client.c:231 client hello, adding supported_groups extension
[0m
D (25497) mbedtls: ssl_client.c:250 got supported group(001d)
[0m
D (25503) mbedtls: ssl_client.c:282 NamedGroup: x25519 ( 1d )
[0m
D (25509) mbedtls: ssl_client.c:250 got supported group(0017)
[0m
D (25515) mbedtls: ssl_client.c:282 NamedGroup: secp256r1 ( 17 )
[0m
D (25522) mbedtls: ssl_client.c:250 got supported group(0018)
[0m
D (25528) mbedtls: ssl_client.c:282 NamedGroup: secp384r1 ( 18 )
[0m
D (25534) mbedtls: ssl_client.c:250 got supported group(0019)
[0m
D (25540) mbedtls: ssl_client.c:282 NamedGroup: secp521r1 ( 19 )
[0m
D (25546) mbedtls: ssl_client.c:250 got supported group(001a)
[0m
D (25552) mbedtls: ssl_client.c:282 NamedGroup: bp256r1 ( 1a )
[0m
D (25558) mbedtls: ssl_client.c:250 got supported group(001b)
[0m
D (25564) mbedtls: ssl_client.c:282 NamedGroup: bp384r1 ( 1b )
[0m
D (25570) mbedtls: ssl_client.c:250 got supported group(001c)
[0m
D (25576) mbedtls: ssl_client.c:282 NamedGroup: bp512r1 ( 1c )
[0m
D (25582) mbedtls: ssl_client.c:302 dumping 'Supported groups extension' (16 bytes)
[0m
D (25590) mbedtls: ssl_client.c:302 0000:  00 0e 00 1d 00 17 00 18 00 19 00 1a 00 1b 00 1c  ................
[0m
D (25600) mbedtls: ssl_tls.c:9437 adding signature_algorithms extension
[0m
D (25607) mbedtls: ssl_tls.c:9457 got signature scheme [603] ecdsa_secp521r1_sha512
[0m
D (25615) mbedtls: ssl_tls.c:9466 sent signature scheme [603] ecdsa_secp521r1_sha512
[0m
D (25623) mbedtls: ssl_tls.c:9457 got signature scheme [806] rsa_pss_rsae_sha512
[0m
D (25631) mbedtls: ssl_tls.c:9457 got signature scheme [601] rsa_pkcs1_sha512
[0m
D (25638) mbedtls: ssl_tls.c:9466 sent signature scheme [601] rsa_pkcs1_sha512
[0m
D (25646) mbedtls: ssl_tls.c:9457 got signature scheme [503] ecdsa_secp384r1_sha384
[0m
D (25653) mbedtls: ssl_tls.c:9466 sent signature scheme [503] ecdsa_secp384r1_sha384
[0m
D (25661) mbedtls: ssl_tls.c:9457 got signature scheme [805] rsa_pss_rsae_sha384
[0m
D (25669) mbedtls: ssl_tls.c:9457 got signature scheme [501] rsa_pkcs1_sha384
[0m
D (25676) mbedtls: ssl_tls.c:9466 sent signature scheme [501] rsa_pkcs1_sha384
[0m
D (25684) mbedtls: ssl_tls.c:9457 got signature scheme [403] ecdsa_secp256r1_sha256
[0m
D (25692) mbedtls: ssl_tls.c:9466 sent signature scheme [403] ecdsa_secp256r1_sha256
[0m
D (25700) mbedtls: ssl_tls.c:9457 got signature scheme [804] rsa_pss_rsae_sha256
[0m
D (25707) mbedtls: ssl_tls.c:9457 got signature scheme [401] rsa_pkcs1_sha256
[0m
D (25715) mbedtls: ssl_tls.c:9466 sent signature scheme [401] rsa_pkcs1_sha256
[0m
D (25722) mbedtls: ssl_tls12_client.c:105 client hello, adding supported_point_formats extension
[0m
D (25731) mbedtls: ssl_tls12_client.c:306 client hello, adding encrypt_then_mac extension
[0m
D (25740) mbedtls: ssl_tls12_client.c:338 client hello, adding extended_master_secret extension
[0m
D (25749) mbedtls: ssl_tls12_client.c:372 client hello, adding session ticket extension
[0m
D (25757) mbedtls: ssl_client.c:689 client hello, total extension length: 80
[0m
D (25764) mbedtls: ssl_client.c:691 dumping 'client hello extensions' (80 bytes)
[0m
D (25772) mbedtls: ssl_client.c:691 0000:  00 50 00 00 00 14 00 12 00 00 0f 63 6c 61 72 65  .P.........clare
[0m
D (25782) mbedtls: ssl_client.c:691 0010:  2e 76 69 6e 65 78 2e 74 6f 70 00 0a 00 10 00 0e  .vinex.top......
[0m
D (25792) mbedtls: ssl_client.c:691 0020:  00 1d 00 17 00 18 00 19 00 1a 00 1b 00 1c 00 0d  ................
[0m
D (25802) mbedtls: ssl_client.c:691 0030:  00 0e 00 0c 06 03 06 01 05 03 05 01 04 03 04 01  ................
[0m
D (25812) mbedtls: ssl_client.c:691 0040:  00 0b 00 02 01 00 00 16 00 00 00 17 00 00 00 23  ...............#
[0m
[0;32mI (25823) mbedtls: ssl_msg.c:2784 => write handshake message
[0m
[0;32mI (25829) mbedtls: ssl_msg.c:2944 => write record
[0m
D (25834) mbedtls: ssl_msg.c:3028 output record: msgtype = 22, version = [3:3], msglen = 243
[0m
[0;32mI (25845) mbedtls: ssl_msg.c:3081 <= write record
[0m
[0;32mI (25848) mbedtls: ssl_msg.c:2905 <= write handshake message
[0m
D (25855) mbedtls: ssl_misc.h:1353 handshake state: 1 (MBEDTLS_SSL_CLIENT_HELLO) -> 2 (MBEDTLS_SSL_SERVER_HELLO)
[0m
[0;32mI (25865) mbedtls: ssl_client.c:1014 <= write client hello
[0m
[0;32mI (25872) mbedtls: ssl_msg.c:2354 => flush output
[0m
[0;32mI (25877) mbedtls: ssl_msg.c:2368 message length: 248, out_left: 248
[0m
[0;32mI (25885) mbedtls: ssl_msg.c:2375 ssl->f_send() returned 248 (-0xffffff08)
[0m
[0;32mI (25892) mbedtls: ssl_msg.c:2402 <= flush output
[0m
[0;32mI (25898) mbedtls: ssl_tls.c:4592 client state: MBEDTLS_SSL_SERVER_HELLO
[0m
[0;32mI (25905) mbedtls: ssl_tls12_client.c:1195 => parse server hello
[0m
[0;32mI (25912) mbedtls: ssl_msg.c:4299 => read record
[0m
[0;32mI (25918) mbedtls: ssl_msg.c:2156 => fetch input
[0m
[0;32mI (25923) mbedtls: ssl_msg.c:2296 in_left: 0, nb_want: 5
[0m
[0;32mI (26161) mbedtls: ssl_msg.c:2316 in_left: 0, nb_want: 5
[0m
[0;32mI (26162) mbedtls: ssl_msg.c:2319 ssl->f_recv(_timeout)() returned 5 (-0xfffffffb)
[0m
[0;32mI (26165) mbedtls: ssl_msg.c:2341 <= fetch input
[0m
D (26170) mbedtls: ssl_msg.c:3966 input record: msgtype = 22, version = [0x303], msglen = 67
[0m
[0;32mI (26179) mbedtls: ssl_msg.c:2156 => fetch input
[0m
[0;32mI (26184) mbedtls: ssl_msg.c:2296 in_left: 5, nb_want: 72
[0m
[0;32mI (26191) mbedtls: ssl_msg.c:2316 in_left: 5, nb_want: 72
[0m
[0;32mI (26197) mbedtls: ssl_msg.c:2319 ssl->f_recv(_timeout)() returned 67 (-0xffffffbd)
[0m
[0;32mI (26205) mbedtls: ssl_msg.c:2341 <= fetch input
[0m
D (26211) mbedtls: ssl_msg.c:3239 handshake message: msglen = 67, type = 2, hslen = 67
[0m
D (26219) mbedtls: ssl_msg.c:3328 sole handshake fragment: 67, 0..67 of 67
[0m
[0;32mI (26227) mbedtls: ssl_msg.c:4371 <= read record
[0m
D (26232) mbedtls: ssl_tls12_client.c:1269 dumping 'server hello, version' (2 bytes)
[0m
D (26240) mbedtls: ssl_tls12_client.c:1269 0000:  03 03                                            ..
[0m
D (26249) mbedtls: ssl_tls12_client.c:1290 server hello, current time: 1787930740
[0m
D (26257) mbedtls: ssl_tls12_client.c:1300 dumping 'server hello, random bytes' (32 bytes)
[0m
D (26265) mbedtls: ssl_tls12_client.c:1300 0000:  6a 91 a8 74 b3 a4 5a 42 42 44 7e bd 98 fa 48 36  j..t..ZBBD~...H6
[0m
D (26276) mbedtls: ssl_tls12_client.c:1300 0010:  0d e0 32 08 ff 72 14 39 44 4f 57 4e 47 52 44 01  ..2..r.9DOWNGRD.
[0m
D (26287) mbedtls: ssl_tls12_client.c:1362 server hello, session id len.: 0
[0m
D (26294) mbedtls: ssl_tls12_client.c:1363 dumping 'server hello, session id' (0 bytes)
[0m
D (26302) mbedtls: ssl_misc.h:1353 handshake state: 2 (MBEDTLS_SSL_SERVER_HELLO) -> 3 (MBEDTLS_SSL_SERVER_CERTIFICATE)
[0m
D (26313) mbedtls: ssl_tls12_client.c:1387 no session has been resumed
[0m
D (26320) mbedtls: ssl_tls12_client.c:1390 server hello, chosen ciphersuite: c02b
[0m
D (26328) mbedtls: ssl_tls12_client.c:1391 server hello, compress alg.: 0
[0m
D (26335) mbedtls: ssl_tls12_client.c:1426 server hello, chosen ciphersuite: TLS-ECDHE-ECDSA-WITH-AES-128-GCM-SHA256
[0m
[0;32mI (26345) mbedtls: ssl_tls12_client.c:1447 server hello, total extension length: 23
[0m
D (26354) mbedtls: ssl_tls12_client.c:1592 unknown extension found: 0 (ignoring)
[0m
D (26361) mbedtls: ssl_tls12_client.c:1517 found extended_master_secret extension
[0m
D (26369) mbedtls: ssl_tls12_client.c:1465 found renegotiation extension
[0m
D (26376) mbedtls: ssl_tls12_client.c:1544 found supported_point_formats extension
[0m
D (26384) mbedtls: ssl_tls12_client.c:1530 found session_ticket extension
[0m
[0;32mI (26391) mbedtls: ssl_tls12_client.c:1661 <= parse server hello
[0m
[0;32mI (26398) mbedtls: ssl_msg.c:2354 => flush output
[0m
[0;32mI (26403) mbedtls: ssl_msg.c:2363 <= flush output
[0m
[0;32mI (26409) mbedtls: ssl_tls.c:4592 client state: MBEDTLS_SSL_SERVER_CERTIFICATE
[0m
[0;32mI (26417) mbedtls: ssl_tls.c:8027 => parse certificate
[0m
[0;32mI (26423) mbedtls: ssl_msg.c:4299 => read record
[0m
[0;32mI (26428) mbedtls: ssl_msg.c:2156 => fetch input
[0m
[0;32mI (26434) mbedtls: ssl_msg.c:2296 in_left: 0, nb_want: 5
[0m
[0;32mI (26440) mbedtls: ssl_msg.c:2316 in_left: 0, nb_want: 5
[0m
[0;32mI (26446) mbedtls: ssl_msg.c:2319 ssl->f_recv(_timeout)() returned 5 (-0xfffffffb)
[0m
[0;32mI (26455) mbedtls: ssl_msg.c:2341 <= fetch input
[0m
D (26460) mbedtls: ssl_msg.c:3966 input record: msgtype = 22, version = [0x303], msglen = 3409
[0m
[0;32mI (26469) mbedtls: ssl_msg.c:2156 => fetch input
[0m
[0;32mI (26474) mbedtls: ssl_msg.c:2296 in_left: 5, nb_want: 3414
[0m
[0;32mI (26482) mbedtls: ssl_msg.c:2316 in_left: 5, nb_want: 3414
[0m
[0;32mI (26487) mbedtls: ssl_msg.c:2319 ssl->f_recv(_timeout)() returned 3409 (-0xfffff2af)
[0m
[0;32mI (26496) mbedtls: ssl_msg.c:2341 <= fetch input
[0m
D (26523) mbedtls: ssl_msg.c:3239 handshake message: msglen = 3409, type = 11, hslen = 3409
[0m
D (26523) mbedtls: ssl_msg.c:3328 sole handshake fragment: 3409, 0..3409 of 3409
[0m
[0;32mI (26551) mbedtls: ssl_msg.c:4371 <= read record
[0m
D (26553) mbedtls: ssl_tls.c:7899 peer certificate #1:
[0m
D (26554) mbedtls: ssl_tls.c:7899 cert. version     : 3
[0m
D (26556) mbedtls: ssl_tls.c:7899 serial number     : 05:D0:99:8E:FA:9A:21:07:1C:62:38:22:5A:B0:C8:72:AA:10
[0m
D (26566) mbedtls: ssl_tls.c:7899 issuer name       : C=US, O=Let's Encrypt, CN=YE1
[0m
D (26574) mbedtls: ssl_tls.c:7899 subject name      : CN=vinex.top
[0m
D (26580) mbedtls: ssl_tls.c:7899 issued  on        : 2026-08-23 05:15:56
[0m
D (26587) mbedtls: ssl_tls.c:7899 expires on        : 2026-11-21 05:15:55
[0m
D (26594) mbedtls: ssl_tls.c:7899 signed using      : ECDSA with SHA384
[0m
D (26601) mbedtls: ssl_tls.c:7899 EC key size       : 256 bits
[0m
D (26607) mbedtls: ssl_tls.c:7899 basic constraints : CA=false
[0m
D (26614) mbedtls: ssl_tls.c:7899 subject alt name  :
[0m
D (26619) mbedtls: ssl_tls.c:7899     dNSName : *.vinex.top
[0m
D (26624) mbedtls: ssl_tls.c:7899     dNSName : vinex.top
[0m
D (26630) mbedtls: ssl_tls.c:7899 key usage         : Digital Signature
[0m
D (26637) mbedtls: ssl_tls.c:7899 ext key usage     : TLS Web Server Authentication
[0m
D (26645) mbedtls: ssl_tls.c:7899 certificate policies : ???
[0m
D (26651) mbedtls: ssl_tls.c:7899 value of 'crt->eckey.Q(X)' (254 bits) is:
[0m
D (26658) mbedtls: ssl_tls.c:7899  37 19 c6 d2 33 70 72 15 58 54 3e 17 79 7f b3 5e
[0m
D (26666) mbedtls: ssl_tls.c:7899  3c f3 0f 8c 42 a5 6e ad d6 ff f5 4e e0 ab c4 f9
[0m
D (26674) mbedtls: ssl_tls.c:7899 value of 'crt->eckey.Q(Y)' (256 bits) is:
[0m
D (26681) mbedtls: ssl_tls.c:7899  ff 61 8c eb 61 4f 3e e2 cb fd 34 f3 b9 7e 90 26
[0m
D (26689) mbedtls: ssl_tls.c:7899  cd 0f ee b1 e0 9a 9b 44 3e 6d 38 0b 34 5d ce 08
[0m
D (26696) mbedtls: ssl_tls.c:7899 peer certificate #2:
[0m
D (26702) mbedtls: ssl_tls.c:7899 cert. version     : 3
[0m
D (26707) mbedtls: ssl_tls.c:7899 serial number     : 5D:DD:70:DD:31:F8:01:C8:5C:18:6A:7A:04:B8:0A:FE
[0m
D (26717) mbedtls: ssl_tls.c:7899 issuer name       : C=US, O=ISRG, CN=Root YE
[0m
D (26724) mbedtls: ssl_tls.c:7899 subject name      : C=US, O=Let's Encrypt, CN=YE1
[0m
D (26732) mbedtls: ssl_tls.c:7899 issued  on        : 2025-09-03 00:00:00
[0m
D (26739) mbedtls: ssl_tls.c:7899 expires on        : 2028-09-02 23:59:59
[0m
D (26746) mbedtls: ssl_tls.c:7899 signed using      : ECDSA with SHA384
[0m
D (26753) mbedtls: ssl_tls.c:7899 EC key size       : 384 bits
[0m
D (26759) mbedtls: ssl_tls.c:7899 basic constraints : CA=true, max_pathlen=0
[0m
D (26766) mbedtls: ssl_tls.c:7899 key usage         : Digital Signature, Key Cert Sign, CRL Sign
[0m
D (26775) mbedtls: ssl_tls.c:7899 ext key usage     : TLS Web Server Authentication
[0m
D (26783) mbedtls: ssl_tls.c:7899 certificate policies : ???
[0m
D (26789) mbedtls: ssl_tls.c:7899 value of 'crt->eckey.Q(X)' (379 bits) is:
[0m
D (26797) mbedtls: ssl_tls.c:7899  07 65 50 75 fe 68 a6 95 ad a1 7d 2b ab ca 54 9c
[0m
D (26804) mbedtls: ssl_tls.c:7899  8c f3 19 68 e2 57 2f 3f cd 9c 07 36 b3 29 66 f1
[0m
D (26812) mbedtls: ssl_tls.c:7899  60 f2 85 4f 42 72 9f b3 01 24 22 e6 f4 b0 18 62
[0m
D (26820) mbedtls: ssl_tls.c:7899 value of 'crt->eckey.Q(Y)' (383 bits) is:
[0m
D (26827) mbedtls: ssl_tls.c:7899  63 48 69 25 90 3f 5f 74 f4 7c 1a 9c 83 20 e2 23
[0m
D (26835) mbedtls: ssl_tls.c:7899  08 47 eb 9d bb 7f bf e6 52 10 f2 cb 10 66 da 33
[0m
D (26843) mbedtls: ssl_tls.c:7899  a1 1c 70 36 cd ee 9f 71 b5 e2 26 d8 0b df fa bc
[0m
D (26851) mbedtls: ssl_tls.c:7899 peer certificate #3:
[0m
D (26856) mbedtls: ssl_tls.c:7899 cert. version     : 3
[0m
D (26861) mbedtls: ssl_tls.c:7899 serial number     : 87:21:65:FC:34:B6:E5:FB:A8:AD:D5:B3:70:5F:B5:3A
[0m
D (26871) mbedtls: ssl_tls.c:7899 issuer name       : C=US, O=Internet Security Research Group, CN=ISRG Root X2
[0m
D (26881) mbedtls: ssl_tls.c:7899 subject name      : C=US, O=ISRG, CN=Root YE
[0m
D (26889) mbedtls: ssl_tls.c:7899 issued  on        : 2026-05-13 00:00:00
[0m
D (26896) mbedtls: ssl_tls.c:7899 expires on        : 2032-09-02 23:59:59
[0m
D (26903) mbedtls: ssl_tls.c:7899 signed using      : ECDSA with SHA384
[0m
D (26910) mbedtls: ssl_tls.c:7899 EC key size       : 384 bits
[0m
D (26916) mbedtls: ssl_tls.c:7899 basic constraints : CA=true
[0m
D (26922) mbedtls: ssl_tls.c:7899 key usage         : Key Cert Sign, CRL Sign
[0m
D (26929) mbedtls: ssl_tls.c:7899 ext key usage     : TLS Web Server Authentication
[0m
D (26937) mbedtls: ssl_tls.c:7899 certificate policies : ???
[0m
D (26943) mbedtls: ssl_tls.c:7899 value of 'crt->eckey.Q(X)' (382 bits) is:
[0m
D (26950) mbedtls: ssl_tls.c:7899  3c 12 ff ab e1 ad c5 6a 71 b0 68 fb 08 1d 23 77
[0m
D (26958) mbedtls: ssl_tls.c:7899  f0 9f dc 7b 0c d2 49 39 8f e5 4c eb 62 d2 f9 30
[0m
D (26966) mbedtls: ssl_tls.c:7899  b9 13 7c ed 18 44 85 31 f5 ec 4e d7 c8 58 d6 b0
[0m
D (26973) mbedtls: ssl_tls.c:7899 value of 'crt->eckey.Q(Y)' (384 bits) is:
[0m
D (26981) mbedtls: ssl_tls.c:7899  f6 21 20 fb 7f c3 33 aa c5 37 76 6f ee 19 24 dc
[0m
D (26989) mbedtls: ssl_tls.c:7899  bd 20 3d 38 63 2c 05 f5 4e 73 6a c0 d5 c8 64 8d
[0m
D (26996) mbedtls: ssl_tls.c:7899  12 b5 4d b7 3f 2e 48 68 79 8b 35 bc ee 3e fb 19
[0m
D (27004) mbedtls: ssl_tls.c:7899 peer certificate #4:
[0m
D (27010) mbedtls: ssl_tls.c:7899 cert. version     : 3
[0m
D (27015) mbedtls: ssl_tls.c:7899 serial number     : 6C:8F:1D:C7:27:C7:11:7F:7B:AF:85:3A:C9:80:F9:CD
[0m
D (27024) mbedtls: ssl_tls.c:7899 issuer name       : C=US, O=Internet Security Research Group, CN=ISRG Root X1
[0m
D (27035) mbedtls: ssl_tls.c:7899 subject name      : C=US, O=Internet Security Research Group, CN=ISRG Root X2
[0m
D (27045) mbedtls: ssl_tls.c:7899 issued  on        : 2026-05-13 00:00:00
[0m
D (27052) mbedtls: ssl_tls.c:7899 expires on        : 2032-09-02 23:59:59
[0m
D (27059) mbedtls: ssl_tls.c:7899 signed using      : RSA with SHA-256
[0m
D (27066) mbedtls: ssl_tls.c:7899 EC key size       : 384 bits
[0m
D (27072) mbedtls: ssl_tls.c:7899 basic constraints : CA=true
[0m
D (27078) mbedtls: ssl_tls.c:7899 key usage         : Key Cert Sign, CRL Sign
[0m
D (27085) mbedtls: ssl_tls.c:7899 ext key usage     : TLS Web Server Authentication, TLS Web Client Authentication
[0m
D (27096) mbedtls: ssl_tls.c:7899 certificate policies : ???
[0m
D (27102) mbedtls: ssl_tls.c:7899 value of 'crt->eckey.Q(X)' (384 bits) is:
[0m
D (27109) mbedtls: ssl_tls.c:7899  cd 9b d5 9f 80 83 0a ec 09 4a f3 16 4a 3e 5c cf
[0m
D (27117) mbedtls: ssl_tls.c:7899  77 ac de 67 05 0d 1d 07 b6 dc 16 fb 5a 8b 14 db
[0m
D (27125) mbedtls: ssl_tls.c:7899  e2 71 60 c4 ba 45 95 11 89 8e ea 06 df f7 2a 16
[0m
D (27132) mbedtls: ssl_tls.c:7899 value of 'crt->eckey.Q(Y)' (381 bits) is:
[0m
D (27140) mbedtls: ssl_tls.c:7899  1c a4 b9 c5 c5 32 e0 03 e0 1e 82 18 38 8b d7 45
[0m
D (27148) mbedtls: ssl_tls.c:7899  d8 0a 6a 6e e6 00 77 fb 02 51 7d 22 d8 0a 6e 9a
[0m
D (27155) mbedtls: ssl_tls.c:7899  5b 77 df f0 fa 41 ec 39 dc 75 ca 68 07 0c 1f ea
[0m
[0;32mI (27164) mbedtls: ssl_tls.c:8141 <= parse certificate
[0m
D (27169) mbedtls: ssl_misc.h:1353 handshake state: 3 (MBEDTLS_SSL_SERVER_CERTIFICATE) -> 4 (MBEDTLS_SSL_SERVER_KEY_EXCHANGE)
[0m
[0;32mI (27181) mbedtls: ssl_msg.c:2354 => flush output
[0m
[0;32mI (27186) mbedtls: ssl_msg.c:2363 <= flush output
[0m
[0;32mI (27192) mbedtls: ssl_tls.c:4592 client state: MBEDTLS_SSL_SERVER_KEY_EXCHANGE
[0m
[0;32mI (27200) mbedtls: ssl_tls12_client.c:2089 => parse server key exchange
[0m
[0;32mI (27207) mbedtls: ssl_msg.c:4299 => read record
[0m
[0;32mI (27213) mbedtls: ssl_msg.c:2156 => fetch input
[0m
[0;32mI (27218) mbedtls: ssl_msg.c:2296 in_left: 0, nb_want: 5
[0m
[0;32mI (27225) mbedtls: ssl_msg.c:2316 in_left: 0, nb_want: 5
[0m
[0;32mI (27231) mbedtls: ssl_msg.c:2319 ssl->f_recv(_timeout)() returned 5 (-0xfffffffb)
[0m
[0;32mI (27239) mbedtls: ssl_msg.c:2341 <= fetch input
[0m
D (27245) mbedtls: ssl_msg.c:3966 input record: msgtype = 22, version = [0x303], msglen = 116
[0m
[0;32mI (27253) mbedtls: ssl_msg.c:2156 => fetch input
[0m
[0;32mI (27259) mbedtls: ssl_msg.c:2296 in_left: 5, nb_want: 121
[0m
[0;32mI (27265) mbedtls: ssl_msg.c:2316 in_left: 5, nb_want: 121
[0m
[0;32mI (27271) mbedtls: ssl_msg.c:2319 ssl->f_recv(_timeout)() returned 116 (-0xffffff8c)
[0m
[0;32mI (27280) mbedtls: ssl_msg.c:2341 <= fetch input
[0m
D (27286) mbedtls: ssl_msg.c:3239 handshake message: msglen = 116, type = 12, hslen = 116
[0m
D (27294) mbedtls: ssl_msg.c:3328 sole handshake fragment: 116, 0..116 of 116
[0m
[0;32mI (27302) mbedtls: ssl_msg.c:4371 <= read record
[0m
D (27307) mbedtls: ssl_tls12_client.c:2176 dumping 'server key exchange' (112 bytes)
[0m
D (27315) mbedtls: ssl_tls12_client.c:2176 0000:  03 00 1d 20 42 5e e2 25 9e 73 a5 28 df e3 98 ad  ... B^.%.s.(....
[0m
D (27325) mbedtls: ssl_tls12_client.c:2176 0010:  d2 16 62 ef de b3 3e 62 fc 5d a2 36 eb 91 12 32  ..b...>b.].6...2
[0m
D (27336) mbedtls: ssl_tls12_client.c:2176 0020:  76 04 ed 27 04 03 00 48 30 46 02 21 00 d2 54 ca  v..'...H0F.!..T.
[0m
D (27347) mbedtls: ssl_tls12_client.c:2176 0030:  e5 0b 55 e9 72 1c e4 5c 10 12 d0 a7 11 62 92 76  ..U.r..\.....b.v
[0m
D (27358) mbedtls: ssl_tls12_client.c:2176 0040:  35 54 d4 9a ad 06 68 ae ba 4b d6 36 ac 02 21 00  5T....h..K.6..!.
[0m
D (27368) mbedtls: ssl_tls12_client.c:2176 0050:  ac 2a 85 9e 0a 3e 0d c2 6e dd 2d 0d 7e a0 46 21  .*...>..n.-.~.F!
[0m
D (27379) mbedtls: ssl_tls12_client.c:2176 0060:  a0 27 f4 9e 70 75 cf 61 2a b4 08 21 f1 4a 04 65  .'..pu.a*..!.J.e
[0m
[0;32mI (27390) mbedtls: ssl_tls12_client.c:1805 ECDH curve: x25519
[0m
D (27396) mbedtls: ssl_tls12_client.c:1812 value of 'ECDH: Qp(X)' (254 bits) is:
[0m
D (27404) mbedtls: ssl_tls12_client.c:1812  27 ed 04 76 32 12 91 eb 36 a2 5d fc 62 3e b3 de
[0m
D (27412) mbedtls: ssl_tls12_client.c:1812  ef 62 16 d2 ad 98 e3 df 28 a5 73 9e 25 e2 5e 42
[0m
D (27421) mbedtls: ssl_tls12_client.c:1812 value of 'ECDH: Qp(Y)' (0 bits) is:
[0m
D (27428) mbedtls: ssl_tls12_client.c:1812  00
[0m
D (27433) mbedtls: ssl_tls12_client.c:2371 dumping 'signature' (72 bytes)
[0m
D (27440) mbedtls: ssl_tls12_client.c:2371 0000:  30 46 02 21 00 d2 54 ca e5 0b 55 e9 72 1c e4 5c  0F.!..T...U.r..\
[0m
D (27451) mbedtls: ssl_tls12_client.c:2371 0010:  10 12 d0 a7 11 62 92 76 35 54 d4 9a ad 06 68 ae  .....b.v5T....h.
[0m
D (27461) mbedtls: ssl_tls12_client.c:2371 0020:  ba 4b d6 36 ac 02 21 00 ac 2a 85 9e 0a 3e 0d c2  .K.6..!..*...>..
[0m
D (27472) mbedtls: ssl_tls12_client.c:2371 0030:  6e dd 2d 0d 7e a0 46 21 a0 27 f4 9e 70 75 cf 61  n.-.~.F!.'..pu.a
[0m
D (27483) mbedtls: ssl_tls12_client.c:2371 0040:  2a b4 08 21 f1 4a 04 65                          *..!.J.e
[0m
D (27493) mbedtls: ssl_tls.c:9237 Perform mbedtls-based computation of digest of ServerKeyExchange
[0m
D (27502) mbedtls: ssl_tls12_client.c:2388 dumping 'parameters hash' (32 bytes)
[0m
D (27510) mbedtls: ssl_tls12_client.c:2388 0000:  bb 9b 5d 92 c9 19 62 bf 5a 6c 11 96 05 1e 57 1b  ..]...b.Zl....W.
[0m
D (27520) mbedtls: ssl_tls12_client.c:2388 0010:  40 81 4c 25 34 83 90 19 d0 07 2e 9c c9 d0 92 66  @.L%4..........f
[0m
D (27568) mbedtls: ssl_misc.h:1353 handshake state: 4 (MBEDTLS_SSL_SERVER_KEY_EXCHANGE) -> 5 (MBEDTLS_SSL_CERTIFICATE_REQUEST)
[0m
[0;32mI (27568) mbedtls: ssl_tls12_client.c:2459 <= parse server key exchange
[0m
[0;32mI (27576) mbedtls: ssl_msg.c:2354 => flush output
[0m
[0;32mI (27581) mbedtls: ssl_msg.c:2363 <= flush output
[0m
[0;32mI (27587) mbedtls: ssl_tls.c:4592 client state: MBEDTLS_SSL_CERTIFICATE_REQUEST
[0m
[0;32mI (27595) mbedtls: ssl_tls12_client.c:2498 => parse certificate request
[0m
[0;32mI (27602) mbedtls: ssl_msg.c:4299 => read record
[0m
[0;32mI (27608) mbedtls: ssl_msg.c:2156 => fetch input
[0m
[0;32mI (27613) mbedtls: ssl_msg.c:2296 in_left: 0, nb_want: 5
[0m
[0;32mI (27620) mbedtls: ssl_msg.c:2316 in_left: 0, nb_want: 5
[0m
[0;32mI (27626) mbedtls: ssl_msg.c:2319 ssl->f_recv(_timeout)() returned 5 (-0xfffffffb)
[0m
[0;32mI (27634) mbedtls: ssl_msg.c:2341 <= fetch input
[0m
D (27640) mbedtls: ssl_msg.c:3966 input record: msgtype = 22, version = [0x303], msglen = 4
[0m
[0;32mI (27648) mbedtls: ssl_msg.c:2156 => fetch input
[0m
[0;32mI (27654) mbedtls: ssl_msg.c:2296 in_left: 5, nb_want: 9
[0m
[0;32mI (27660) mbedtls: ssl_msg.c:2316 in_left: 5, nb_want: 9
[0m
[0;32mI (27666) mbedtls: ssl_msg.c:2319 ssl->f_recv(_timeout)() returned 4 (-0xfffffffc)
[0m
[0;32mI (27674) mbedtls: ssl_msg.c:2341 <= fetch input
[0m
D (27680) mbedtls: ssl_msg.c:3239 handshake message: msglen = 4, type = 14, hslen = 4
[0m
D (27688) mbedtls: ssl_msg.c:3328 sole handshake fragment: 4, 0..4 of 4
[0m
[0;32mI (27695) mbedtls: ssl_msg.c:4371 <= read record
[0m
D (27700) mbedtls: ssl_misc.h:1353 handshake state: 5 (MBEDTLS_SSL_CERTIFICATE_REQUEST) -> 6 (MBEDTLS_SSL_SERVER_HELLO_DONE)
[0m
D (27712) mbedtls: ssl_tls12_client.c:2524 got no certificate request
[0m
[0;32mI (27718) mbedtls: ssl_tls12_client.c:2660 <= parse certificate request
[0m
[0;32mI (27726) mbedtls: ssl_msg.c:2354 => flush output
[0m
[0;32mI (27731) mbedtls: ssl_msg.c:2363 <= flush output
[0m
[0;32mI (27737) mbedtls: ssl_tls.c:4592 client state: MBEDTLS_SSL_SERVER_HELLO_DONE
[0m
[0;32mI (27745) mbedtls: ssl_tls12_client.c:2671 => parse server hello done
[0m
[0;32mI (27752) mbedtls: ssl_msg.c:4299 => read record
[0m
[0;32mI (27758) mbedtls: ssl_msg.c:4367 reuse previously read message
[0m
[0;32mI (27764) mbedtls: ssl_msg.c:4371 <= read record
[0m
D (27770) mbedtls: ssl_misc.h:1353 handshake state: 6 (MBEDTLS_SSL_SERVER_HELLO_DONE) -> 7 (MBEDTLS_SSL_CLIENT_CERTIFICATE)
[0m
[0;32mI (27781) mbedtls: ssl_tls12_client.c:2699 <= parse server hello done
[0m
[0;32mI (27789) mbedtls: ssl_msg.c:2354 => flush output
[0m
[0;32mI (27794) mbedtls: ssl_msg.c:2363 <= flush output
[0m
[0;32mI (27800) mbedtls: ssl_tls.c:4592 client state: MBEDTLS_SSL_CLIENT_CERTIFICATE
[0m
[0;32mI (27808) mbedtls: ssl_tls.c:7622 => write certificate
[0m
[0;32mI (27814) mbedtls: ssl_tls.c:7633 <= skip write certificate
[0m
D (27820) mbedtls: ssl_misc.h:1353 handshake state: 7 (MBEDTLS_SSL_CLIENT_CERTIFICATE) -> 8 (MBEDTLS_SSL_CLIENT_KEY_EXCHANGE)
[0m
[0;32mI (27832) mbedtls: ssl_msg.c:2354 => flush output
[0m
[0;32mI (27837) mbedtls: ssl_msg.c:2363 <= flush output
[0m
[0;32mI (27843) mbedtls: ssl_tls.c:4592 client state: MBEDTLS_SSL_CLIENT_KEY_EXCHANGE
[0m
[0;32mI (27851) mbedtls: ssl_tls12_client.c:2714 => write client key exchange
[0m
D (27977) mbedtls: ssl_tls12_client.c:2860 value of 'ECDH: Q(X)' (255 bits) is:
[0m
D (27978) mbedtls: ssl_tls12_client.c:2860  77 32 56 c5 2f 9c 02 bb c6 c8 10 33 30 4e b2 ac
[0m
D (27983) mbedtls: ssl_tls12_client.c:2860  1e b6 7e 3f 4e 22 91 ef 95 d4 63 3d db 92 7b df
[0m
D (27991) mbedtls: ssl_tls12_client.c:2860 value of 'ECDH: Q(Y)' (0 bits) is:
[0m
D (27999) mbedtls: ssl_tls12_client.c:2860  00
[0m
D (28124) mbedtls: ssl_tls12_client.c:2888 value of 'ECDH: z' (255 bits) is:
[0m
D (28124) mbedtls: ssl_tls12_client.c:2888  53 28 f1 78 e0 e1 f3 51 e7 25 82 a2 e7 a5 83 bc
[0m
D (28129) mbedtls: ssl_tls12_client.c:2888  d0 c8 eb 63 33 c0 ec 7f df 5d 4b aa a6 7d e6 17
[0m
D (28138) mbedtls: ssl_misc.h:1353 handshake state: 8 (MBEDTLS_SSL_CLIENT_KEY_EXCHANGE) -> 9 (MBEDTLS_SSL_CERTIFICATE_VERIFY)
[0m
[0;32mI (28149) mbedtls: ssl_msg.c:2784 => write handshake message
[0m
[0;32mI (28156) mbedtls: ssl_msg.c:2944 => write record
[0m
D (28161) mbedtls: ssl_msg.c:3028 output record: msgtype = 22, version = [3:3], msglen = 37
[0m
[0;32mI (28170) mbedtls: ssl_msg.c:2354 => flush output
[0m
[0;32mI (28175) mbedtls: ssl_msg.c:2368 message length: 42, out_left: 42
[0m
[0;32mI (28183) mbedtls: ssl_msg.c:2375 ssl->f_send() returned 42 (-0xffffffd6)
[0m
[0;32mI (28190) mbedtls: ssl_msg.c:2402 <= flush output
[0m
[0;32mI (28195) mbedtls: ssl_msg.c:3081 <= write record
[0m
[0;32mI (28201) mbedtls: ssl_msg.c:2905 <= write handshake message
[0m
[0;32mI (28208) mbedtls: ssl_tls12_client.c:3209 <= write client key exchange
[0m
[0;32mI (28215) mbedtls: ssl_msg.c:2354 => flush output
[0m
[0;32mI (28221) mbedtls: ssl_msg.c:2363 <= flush output
[0m
[0;32mI (28226) mbedtls: ssl_tls.c:4592 client state: MBEDTLS_SSL_CERTIFICATE_VERIFY
[0m
[0;32mI (28234) mbedtls: ssl_tls12_client.c:3257 => write certificate verify
[0m
[0;32mI (28242) mbedtls: ssl_tls.c:7236 => derive keys
[0m
[0;32mI (28247) mbedtls: ssl_tls.c:7360 => calc verify
[0m
D (28253) mbedtls: ssl_tls.c:7378 dumping 'calculated verify result' (32 bytes)
[0m
D (28260) mbedtls: ssl_tls.c:7378 0000:  e7 21 c8 8c 26 f0 f6 b3 43 95 de 0f 7d a6 2f e2  .!..&...C...}./.
[0m
D (28270) mbedtls: ssl_tls.c:7378 0010:  29 25 b2 69 56 96 26 1e 13 76 46 61 0a 45 48 25  )%.iV.&..vFa.EH%
[0m
[0;32mI (28280) mbedtls: ssl_tls.c:7379 <= calc verify
[0m
D (28285) mbedtls: ssl_tls.c:7090 dumping 'session hash for extended master secret' (32 bytes)
[0m
D (28294) mbedtls: ssl_tls.c:7090 0000:  e7 21 c8 8c 26 f0 f6 b3 43 95 de 0f 7d a6 2f e2  .!..&...C...}./.
[0m
D (28304) mbedtls: ssl_tls.c:7090 0010:  29 25 b2 69 56 96 26 1e 13 76 46 61 0a 45 48 25  )%.iV.&..vFa.EH%
[0m
D (28315) mbedtls: ssl_tls.c:7219 dumping 'premaster secret' (32 bytes)
[0m
D (28321) mbedtls: ssl_tls.c:7219 0000:  17 e6 7d a6 aa 4b 5d df 7f ec c0 33 63 eb c8 d0  ..}..K]....3c...
[0m
D (28331) mbedtls: ssl_tls.c:7219 0010:  bc 83 a5 e7 a2 82 25 e7 51 f3 e1 e0 78 f1 28 53  ......%.Q...x.(S
[0m
D (28343) mbedtls: ssl_tls.c:8774 ciphersuite = TLS-ECDHE-ECDSA-WITH-AES-128-GCM-SHA256
[0m
D (28349) mbedtls: ssl_tls.c:8776 dumping 'master secret' (48 bytes)
[0m
D (28356) mbedtls: ssl_tls.c:8776 0000:  f9 ea 87 f9 7a 5a 7c de db f8 32 f5 e3 59 23 dc  ....zZ|...2..Y#.
[0m
D (28365) mbedtls: ssl_tls.c:8776 0010:  fa 04 b7 7e 62 5d a5 fa 49 2e 2a 2c 72 05 95 e3  ...~b]..I.*,r...
[0m
D (28375) mbedtls: ssl_tls.c:8776 0020:  ec 3a 88 c2 b8 fd 10 9a 52 53 6a 44 a2 65 fb 8b  .:......RSjD.e..
[0m
D (28387) mbedtls: ssl_tls.c:8896 keylen: 16, minlen: 24, ivlen: 12, maclen: 0
[0m
[0;32mI (28393) mbedtls: ssl_tls.c:7287 <= derive keys
[0m
[0;32mI (28398) mbedtls: ssl_tls12_client.c:3279 <= skip write certificate verify
[0m
D (28406) mbedtls: ssl_misc.h:1353 handshake state: 9 (MBEDTLS_SSL_CERTIFICATE_VERIFY) -> 10 (MBEDTLS_SSL_CLIENT_CHANGE_CIPHER_SPEC)
[0m
[0;32mI (28418) mbedtls: ssl_msg.c:2354 => flush output
[0m
[0;32mI (28424) mbedtls: ssl_msg.c:2363 <= flush output
[0m
[0;32mI (28429) mbedtls: ssl_tls.c:4592 client state: MBEDTLS_SSL_CLIENT_CHANGE_CIPHER_SPEC
[0m
[0;32mI (28438) mbedtls: ssl_msg.c:5316 => write change cipher spec
[0m
D (28444) mbedtls: ssl_misc.h:1353 handshake state: 10 (MBEDTLS_SSL_CLIENT_CHANGE_CIPHER_SPEC) -> 11 (MBEDTLS_SSL_CLIENT_FINISHED)
[0m
[0;32mI (28457) mbedtls: ssl_msg.c:2784 => write handshake message
[0m
[0;32mI (28463) mbedtls: ssl_msg.c:2944 => write record
[0m
D (28468) mbedtls: ssl_msg.c:3028 output record: msgtype = 20, version = [3:3], msglen = 1
[0m
[0;32mI (28477) mbedtls: ssl_msg.c:2354 => flush output
[0m
[0;32mI (28482) mbedtls: ssl_msg.c:2368 message length: 6, out_left: 6
[0m
[0;32mI (28490) mbedtls: ssl_msg.c:2375 ssl->f_send() returned 6 (-0xfffffffa)
[0m
[0;32mI (28497) mbedtls: ssl_msg.c:2402 <= flush output
[0m
[0;32mI (28502) mbedtls: ssl_msg.c:3081 <= write record
[0m
[0;32mI (28508) mbedtls: ssl_msg.c:2905 <= write handshake message
[0m
[0;32mI (28514) mbedtls: ssl_msg.c:5329 <= write change cipher spec
[0m
[0;32mI (28521) mbedtls: ssl_msg.c:2354 => flush output
[0m
[0;32mI (28527) mbedtls: ssl_msg.c:2363 <= flush output
[0m
[0;32mI (28532) mbedtls: ssl_tls.c:4592 client state: MBEDTLS_SSL_CLIENT_FINISHED
[0m
[0;32mI (28540) mbedtls: ssl_tls.c:8372 => write finished
[0m
[0;32mI (28546) mbedtls: ssl_tls.c:8206 => calc finished tls
[0m
D (28553) mbedtls: ssl_tls.c:8233 dumping 'calc finished result' (12 bytes)
[0m
D (28559) mbedtls: ssl_tls.c:8233 0000:  a9 16 ae 0c 95 ca 4c 31 16 8b 32 4b              ......L1..2K
[0m
[0;32mI (28568) mbedtls: ssl_tls.c:8237 <= calc finished
[0m
D (28574) mbedtls: ssl_misc.h:1353 handshake state: 11 (MBEDTLS_SSL_CLIENT_FINISHED) -> 12 (MBEDTLS_SSL_SERVER_CHANGE_CIPHER_SPEC)
[0m
D (28586) mbedtls: ssl_tls.c:8422 switching to new transform spec for outbound data
[0m
[0;32mI (28594) mbedtls: ssl_msg.c:2784 => write handshake message
[0m
[0;32mI (28601) mbedtls: ssl_msg.c:2944 => write record
[0m
[0;32mI (28606) mbedtls: ssl_msg.c:936 => encrypt buf
[0m
D (28612) mbedtls: ssl_msg.c:1190 before encrypt: msglen = 16, including 0 bytes of padding
[0m
[0;32mI (28621) mbedtls: ssl_msg.c:1475 <= encrypt buf
[0m
D (28626) mbedtls: ssl_msg.c:3028 output record: msgtype = 22, version = [3:3], msglen = 40
[0m
[0;32mI (28634) mbedtls: ssl_msg.c:2354 => flush output
[0m
[0;32mI (28640) mbedtls: ssl_msg.c:2368 message length: 45, out_left: 45
[0m
[0;32mI (28647) mbedtls: ssl_msg.c:2375 ssl->f_send() returned 45 (-0xffffffd3)
[0m
[0;32mI (28654) mbedtls: ssl_msg.c:2402 <= flush output
[0m
[0;32mI (28660) mbedtls: ssl_msg.c:3081 <= write record
[0m
[0;32mI (28665) mbedtls: ssl_msg.c:2905 <= write handshake message
[0m
[0;32mI (28672) mbedtls: ssl_tls.c:8475 <= write finished
[0m
[0;32mI (28678) mbedtls: ssl_msg.c:2354 => flush output
[0m
[0;32mI (28683) mbedtls: ssl_msg.c:2363 <= flush output
[0m
[0;32mI (28689) mbedtls: ssl_tls.c:4592 client state: MBEDTLS_SSL_SERVER_CHANGE_CIPHER_SPEC
[0m
D (28698) mbedtls: ssl_misc.h:1353 handshake state: 12 (MBEDTLS_SSL_SERVER_CHANGE_CIPHER_SPEC) -> 16 (MBEDTLS_SSL_NEW_SESSION_TICKET)
[0m
[0;32mI (28710) mbedtls: ssl_tls12_client.c:3385 => parse new session ticket
[0m
[0;32mI (28717) mbedtls: ssl_msg.c:4299 => read record
[0m
[0;32mI (28723) mbedtls: ssl_msg.c:2156 => fetch input
[0m
[0;32mI (28728) mbedtls: ssl_msg.c:2296 in_left: 0, nb_want: 5
[0m
[0;32mI (29026) mbedtls: ssl_msg.c:2316 in_left: 0, nb_want: 5
[0m
[0;32mI (29027) mbedtls: ssl_msg.c:2319 ssl->f_recv(_timeout)() returned 5 (-0xfffffffb)
[0m
[0;32mI (29030) mbedtls: ssl_msg.c:2341 <= fetch input
[0m
D (29035) mbedtls: ssl_msg.c:3966 input record: msgtype = 22, version = [0x303], msglen = 202
[0m
[0;32mI (29044) mbedtls: ssl_msg.c:2156 => fetch input
[0m
[0;32mI (29050) mbedtls: ssl_msg.c:2296 in_left: 5, nb_want: 207
[0m
[0;32mI (29056) mbedtls: ssl_msg.c:2316 in_left: 5, nb_want: 207
[0m
[0;32mI (29062) mbedtls: ssl_msg.c:2319 ssl->f_recv(_timeout)() returned 202 (-0xffffff36)
[0m
[0;32mI (29071) mbedtls: ssl_msg.c:2341 <= fetch input
[0m
D (29078) mbedtls: ssl_msg.c:3239 handshake message: msglen = 202, type = 4, hslen = 202
[0m
D (29085) mbedtls: ssl_msg.c:3328 sole handshake fragment: 202, 0..202 of 202
[0m
[0;32mI (29094) mbedtls: ssl_msg.c:4371 <= read record
[0m
D (29097) mbedtls: ssl_tls12_client.c:3432 ticket length: 192
[0m
D (29103) mbedtls: ssl_misc.h:1353 handshake state: 16 (MBEDTLS_SSL_NEW_SESSION_TICKET) -> 12 (MBEDTLS_SSL_SERVER_CHANGE_CIPHER_SPEC)
[0m
D (29116) mbedtls: ssl_tls12_client.c:3476 ticket in use, discarding session id
[0m
[0;32mI (29123) mbedtls: ssl_tls12_client.c:3479 <= parse new session ticket
[0m
[0;32mI (29131) mbedtls: ssl_msg.c:2354 => flush output
[0m
[0;32mI (29136) mbedtls: ssl_msg.c:2363 <= flush output
[0m
[0;32mI (29142) mbedtls: ssl_tls.c:4592 client state: MBEDTLS_SSL_SERVER_CHANGE_CIPHER_SPEC
[0m
[0;32mI (29150) mbedtls: ssl_msg.c:5338 => parse change cipher spec
[0m
[0;32mI (29157) mbedtls: ssl_msg.c:4299 => read record
[0m
[0;32mI (29162) mbedtls: ssl_msg.c:2156 => fetch input
[0m
[0;32mI (29168) mbedtls: ssl_msg.c:2296 in_left: 0, nb_want: 5
[0m
[0;32mI (29174) mbedtls: ssl_msg.c:2316 in_left: 0, nb_want: 5
[0m
[0;32mI (29180) mbedtls: ssl_msg.c:2319 ssl->f_recv(_timeout)() returned 5 (-0xfffffffb)
[0m
[0;32mI (29189) mbedtls: ssl_msg.c:2341 <= fetch input
[0m
D (29194) mbedtls: ssl_msg.c:3966 input record: msgtype = 20, version = [0x303], msglen = 1
[0m
[0;32mI (29203) mbedtls: ssl_msg.c:2156 => fetch input
[0m
[0;32mI (29208) mbedtls: ssl_msg.c:2296 in_left: 5, nb_want: 6
[0m
[0;32mI (29214) mbedtls: ssl_msg.c:2316 in_left: 5, nb_want: 6
[0m
[0;32mI (29221) mbedtls: ssl_msg.c:2319 ssl->f_recv(_timeout)() returned 1 (-0xffffffff)
[0m
[0;32mI (29229) mbedtls: ssl_msg.c:2341 <= fetch input
[0m
[0;32mI (29234) mbedtls: ssl_msg.c:4371 <= read record
[0m
D (29240) mbedtls: ssl_msg.c:5359 switching to new transform spec for inbound data
[0m
D (29248) mbedtls: ssl_misc.h:1353 handshake state: 12 (MBEDTLS_SSL_SERVER_CHANGE_CIPHER_SPEC) -> 13 (MBEDTLS_SSL_SERVER_FINISHED)
[0m
[0;32mI (29260) mbedtls: ssl_msg.c:5386 <= parse change cipher spec
[0m
[0;32mI (29266) mbedtls: ssl_msg.c:2354 => flush output
[0m
[0;32mI (29272) mbedtls: ssl_msg.c:2363 <= flush output
[0m
[0;32mI (29277) mbedtls: ssl_tls.c:4592 client state: MBEDTLS_SSL_SERVER_FINISHED
[0m
[0;32mI (29285) mbedtls: ssl_tls.c:8488 => parse finished
[0m
[0;32mI (29291) mbedtls: ssl_tls.c:8206 => calc finished tls
[0m
D (29298) mbedtls: ssl_tls.c:8233 dumping 'calc finished result' (12 bytes)
[0m
D (29304) mbedtls: ssl_tls.c:8233 0000:  67 6c 6b e9 d0 c8 54 e5 f6 80 19 11              glk...T.....
[0m
[0;32mI (29314) mbedtls: ssl_tls.c:8237 <= calc finished
[0m
[0;32mI (29319) mbedtls: ssl_msg.c:4299 => read record
[0m
[0;32mI (29325) mbedtls: ssl_msg.c:2156 => fetch input
[0m
[0;32mI (29330) mbedtls: ssl_msg.c:2296 in_left: 0, nb_want: 5
[0m
[0;32mI (29337) mbedtls: ssl_msg.c:2316 in_left: 0, nb_want: 5
[0m
[0;32mI (29343) mbedtls: ssl_msg.c:2319 ssl->f_recv(_timeout)() returned 5 (-0xfffffffb)
[0m
[0;32mI (29351) mbedtls: ssl_msg.c:2341 <= fetch input
[0m
D (29357) mbedtls: ssl_msg.c:3966 input record: msgtype = 22, version = [0x303], msglen = 40
[0m
[0;32mI (29365) mbedtls: ssl_msg.c:2156 => fetch input
[0m
[0;32mI (29371) mbedtls: ssl_msg.c:2296 in_left: 5, nb_want: 45
[0m
[0;32mI (29377) mbedtls: ssl_msg.c:2316 in_left: 5, nb_want: 45
[0m
[0;32mI (29383) mbedtls: ssl_msg.c:2319 ssl->f_recv(_timeout)() returned 40 (-0xffffffd8)
[0m
[0;32mI (29392) mbedtls: ssl_msg.c:2341 <= fetch input
[0m
[0;32mI (29397) mbedtls: ssl_msg.c:1511 => decrypt buf
[0m
[0;32mI (29404) mbedtls: ssl_msg.c:2122 <= decrypt buf
[0m
D (29408) mbedtls: ssl_msg.c:3239 handshake message: msglen = 16, type = 20, hslen = 16
[0m
D (29416) mbedtls: ssl_msg.c:3328 sole handshake fragment: 16, 0..16 of 16
[0m
[0;32mI (29424) mbedtls: ssl_msg.c:4371 <= read record
[0m
D (29429) mbedtls: ssl_misc.h:1353 handshake state: 13 (MBEDTLS_SSL_SERVER_FINISHED) -> 14 (MBEDTLS_SSL_FLUSH_BUFFERS)
[0m
[0;32mI (29440) mbedtls: ssl_tls.c:8559 <= parse finished
[0m
[0;32mI (29445) mbedtls: ssl_msg.c:2354 => flush output
[0m
[0;32mI (29451) mbedtls: ssl_msg.c:2363 <= flush output
[0m
[0;32mI (29457) mbedtls: ssl_tls.c:4592 client state: MBEDTLS_SSL_FLUSH_BUFFERS
[0m
[0;32mI (29464) mbedtls: ssl_tls12_client.c:3587 handshake: done
[0m
D (29471) mbedtls: ssl_misc.h:1353 handshake state: 14 (MBEDTLS_SSL_FLUSH_BUFFERS) -> 15 (MBEDTLS_SSL_HANDSHAKE_WRAPUP)
[0m
[0;32mI (29482) mbedtls: ssl_msg.c:2354 => flush output
[0m
[0;32mI (29487) mbedtls: ssl_msg.c:2363 <= flush output
[0m
[0;32mI (29493) mbedtls: ssl_tls.c:4592 client state: MBEDTLS_SSL_HANDSHAKE_WRAPUP
[0m
D (29501) mbedtls: ssl_tls.c:8310 => handshake wrapup
[0m
D (29506) mbedtls: ssl_tls.c:8284 => handshake wrapup: final free
[0m
D (29512) mbedtls: ssl_tls.c:8303 <= handshake wrapup: final free
[0m
D (29519) mbedtls: ssl_misc.h:1353 handshake state: 15 (MBEDTLS_SSL_HANDSHAKE_WRAPUP) -> 27 (MBEDTLS_SSL_HANDSHAKE_OVER)
[0m
D (29530) mbedtls: ssl_tls.c:8364 <= handshake wrapup
[0m
[0;32mI (29535) mbedtls: ssl_tls.c:4684 <= handshake
[0m
[0;32mI (29540) clare_c6: probe2 post-http esp-tls rc=1[0m
D (29547) esp-tls: host:clare.vinex.top: strlen 15[0m
D (29551) esp-tls: [sock=54] Resolved IPv4 address: 172.67.178.147[0m
D (29557) esp-tls: [sock=54] Connecting to server. HOST: clare.vinex.top/voice-api/health, Port: 443[0m
D (29914) esp-tls: handshake in progress...[0m
[0;32mI (29915) mbedtls: ssl_tls.c:4673 => handshake
[0m
[0;32mI (29915) mbedtls: ssl_msg.c:2354 => flush output
[0m
[0;32mI (29919) mbedtls: ssl_msg.c:2363 <= flush output
[0m
[0;32mI (29924) mbedtls: ssl_tls.c:4592 client state: MBEDTLS_SSL_HELLO_REQUEST
[0m
D (29932) mbedtls: ssl_misc.h:1353 handshake state: 0 (MBEDTLS_SSL_HELLO_REQUEST) -> 1 (MBEDTLS_SSL_CLIENT_HELLO)
[0m
[0;32mI (29942) mbedtls: ssl_msg.c:2354 => flush output
[0m
[0;32mI (29948) mbedtls: ssl_msg.c:2363 <= flush output
[0m
[0;32mI (29953) mbedtls: ssl_tls.c:4592 client state: MBEDTLS_SSL_CLIENT_HELLO
[0m
[0;32mI (29961) mbedtls: ssl_client.c:921 => write client hello
[0m
D (29967) mbedtls: ssl_client.c:724 client hello, current time: 16581
[0m
D (29974) mbedtls: ssl_client.c:487 dumping 'client hello, random bytes' (32 bytes)
[0m
D (29982) mbedtls: ssl_client.c:487 0000:  00 00 40 c5 68 86 2e 45 cc b3 d0 fa 27 e5 0c b1  ..@.h..E....'...
[0m
D (29992) mbedtls: ssl_client.c:487 0010:  b1 58 ea 39 84 89 ee e9 29 af e5 6a 34 cb 96 67  .X.9....)..j4..g
[0m
D (30002) mbedtls: ssl_client.c:512 dumping 'session id' (0 bytes)
[0m
D (30008) mbedtls: ssl_client.c:370 client hello, add ciphersuite: c02c, TLS-ECDHE-ECDSA-WITH-AES-256-GCM-SHA384
[0m
D (30019) mbedtls: ssl_client.c:370 client hello, add ciphersuite: c030, TLS-ECDHE-RSA-WITH-AES-256-GCM-SHA384
[0m
D (30029) mbedtls: ssl_client.c:370 client hello, add ciphersuite: c0ad, TLS-ECDHE-ECDSA-WITH-AES-256-CCM
[0m
D (30039) mbedtls: ssl_client.c:370 client hello, add ciphersuite: c024, TLS-ECDHE-ECDSA-WITH-AES-256-CBC-SHA384
[0m
D (30049) mbedtls: ssl_client.c:370 client hello, add ciphersuite: c028, TLS-ECDHE-RSA-WITH-AES-256-CBC-SHA384
[0m
D (30059) mbedtls: ssl_client.c:370 client hello, add ciphersuite: c00a, TLS-ECDHE-ECDSA-WITH-AES-256-CBC-SHA
[0m
D (30070) mbedtls: ssl_client.c:370 client hello, add ciphersuite: c014, TLS-ECDHE-RSA-WITH-AES-256-CBC-SHA
[0m
D (30080) mbedtls: ssl_client.c:370 client hello, add ciphersuite: c0af, TLS-ECDHE-ECDSA-WITH-AES-256-CCM-8
[0m
D (30090) mbedtls: ssl_client.c:370 client hello, add ciphersuite: c05d, TLS-ECDHE-ECDSA-WITH-ARIA-256-GCM-SHA384
[0m
D (30100) mbedtls: ssl_client.c:370 client hello, add ciphersuite: c061, TLS-ECDHE-RSA-WITH-ARIA-256-GCM-SHA384
[0m
D (30110) mbedtls: ssl_client.c:370 client hello, add ciphersuite: c049, TLS-ECDHE-ECDSA-WITH-ARIA-256-CBC-SHA384
[0m
D (30121) mbedtls: ssl_client.c:370 client hello, add ciphersuite: c04d, TLS-ECDHE-RSA-WITH-ARIA-256-CBC-SHA384
[0m
D (30131) mbedtls: ssl_client.c:370 client hello, add ciphersuite: c02b, TLS-ECDHE-ECDSA-WITH-AES-128-GCM-SHA256
[0m
D (30142) mbedtls: ssl_client.c:370 client hello, add ciphersuite: c02f, TLS-ECDHE-RSA-WITH-AES-128-GCM-SHA256
[0m
D (30152) mbedtls: ssl_client.c:370 client hello, add ciphersuite: c0ac, TLS-ECDHE-ECDSA-WITH-AES-128-CCM
[0m
D (30162) mbedtls: ssl_client.c:370 client hello, add ciphersuite: c023, TLS-ECDHE-ECDSA-WITH-AES-128-CBC-SHA256
[0m
D (30172) mbedtls: ssl_client.c:370 client hello, add ciphersuite: c027, TLS-ECDHE-RSA-WITH-AES-128-CBC-SHA256
[0m
D (30182) mbedtls: ssl_client.c:370 client hello, add ciphersuite: c009, TLS-ECDHE-ECDSA-WITH-AES-128-CBC-SHA
[0m
D (30192) mbedtls: ssl_client.c:370 client hello, add ciphersuite: c013, TLS-ECDHE-RSA-WITH-AES-128-CBC-SHA
[0m
D (30202) mbedtls: ssl_client.c:370 client hello, add ciphersuite: c0ae, TLS-ECDHE-ECDSA-WITH-AES-128-CCM-8
[0m
D (30212) mbedtls: ssl_client.c:370 client hello, add ciphersuite: c05c, TLS-ECDHE-ECDSA-WITH-ARIA-128-GCM-SHA256
[0m
D (30223) mbedtls: ssl_client.c:370 client hello, add ciphersuite: c060, TLS-ECDHE-RSA-WITH-ARIA-128-GCM-SHA256
[0m
D (30233) mbedtls: ssl_client.c:370 client hello, add ciphersuite: c048, TLS-ECDHE-ECDSA-WITH-ARIA-128-CBC-SHA256
[0m
D (30244) mbedtls: ssl_client.c:370 client hello, add ciphersuite: c04c, TLS-ECDHE-RSA-WITH-ARIA-128-CBC-SHA256
[0m
D (30254) mbedtls: ssl_client.c:370 client hello, add ciphersuite: 009d, TLS-RSA-WITH-AES-256-GCM-SHA384
[0m
D (30264) mbedtls: ssl_client.c:370 client hello, add ciphersuite: c09d, TLS-RSA-WITH-AES-256-CCM
[0m
D (30273) mbedtls: ssl_client.c:370 client hello, add ciphersuite: 003d, TLS-RSA-WITH-AES-256-CBC-SHA256
[0m
D (30283) mbedtls: ssl_client.c:370 client hello, add ciphersuite: 0035, TLS-RSA-WITH-AES-256-CBC-SHA
[0m
D (30292) mbedtls: ssl_client.c:370 client hello, add ciphersuite: c032, TLS-ECDH-RSA-WITH-AES-256-GCM-SHA384
[0m
D (30302) mbedtls: ssl_client.c:370 client hello, add ciphersuite: c02a, TLS-ECDH-RSA-WITH-AES-256-CBC-SHA384
[0m
D (30312) mbedtls: ssl_client.c:370 client hello, add ciphersuite: c00f, TLS-ECDH-RSA-WITH-AES-256-CBC-SHA
[0m
D (30322) mbedtls: ssl_client.c:370 client hello, add ciphersuite: c02e, TLS-ECDH-ECDSA-WITH-AES-256-GCM-SHA384
[0m
D (30333) mbedtls: ssl_client.c:370 client hello, add ciphersuite: c026, TLS-ECDH-ECDSA-WITH-AES-256-CBC-SHA384
[0m
D (30343) mbedtls: ssl_client.c:370 client hello, add ciphersuite: c005, TLS-ECDH-ECDSA-WITH-AES-256-CBC-SHA
[0m
D (30353) mbedtls: ssl_client.c:370 client hello, add ciphersuite: c0a1, TLS-RSA-WITH-AES-256-CCM-8
[0m
D (30362) mbedtls: ssl_client.c:370 client hello, add ciphersuite: c05f, TLS-ECDH-ECDSA-WITH-ARIA-256-GCM-SHA384
[0m
D (30373) mbedtls: ssl_client.c:370 client hello, add ciphersuite: c063, TLS-ECDH-RSA-WITH-ARIA-256-GCM-SHA384
[0m
D (30383) mbedtls: ssl_client.c:370 client hello, add ciphersuite: c051, TLS-RSA-WITH-ARIA-256-GCM-SHA384
[0m
D (30393) mbedtls: ssl_client.c:370 client hello, add ciphersuite: c04b, TLS-ECDH-ECDSA-WITH-ARIA-256-CBC-SHA384
[0m
D (30403) mbedtls: ssl_client.c:370 client hello, add ciphersuite: c04f, TLS-ECDH-RSA-WITH-ARIA-256-CBC-SHA384
[0m
D (30413) mbedtls: ssl_client.c:370 client hello, add ciphersuite: c03d, TLS-RSA-WITH-ARIA-256-CBC-SHA384
[0m
D (30423) mbedtls: ssl_client.c:370 client hello, add ciphersuite: 009c, TLS-RSA-WITH-AES-128-GCM-SHA256
[0m
D (30433) mbedtls: ssl_client.c:370 client hello, add ciphersuite: c09c, TLS-RSA-WITH-AES-128-CCM
[0m
D (30442) mbedtls: ssl_client.c:370 client hello, add ciphersuite: 003c, TLS-RSA-WITH-AES-128-CBC-SHA256
[0m
D (30452) mbedtls: ssl_client.c:370 client hello, add ciphersuite: 002f, TLS-RSA-WITH-AES-128-CBC-SHA
[0m
D (30461) mbedtls: ssl_client.c:370 client hello, add ciphersuite: c031, TLS-ECDH-RSA-WITH-AES-128-GCM-SHA256
[0m
D (30471) mbedtls: ssl_client.c:370 client hello, add ciphersuite: c029, TLS-ECDH-RSA-WITH-AES-128-CBC-SHA256
[0m
D (30482) mbedtls: ssl_client.c:370 client hello, add ciphersuite: c00e, TLS-ECDH-RSA-WITH-AES-128-CBC-SHA
[0m
D (30491) mbedtls: ssl_client.c:370 client hello, add ciphersuite: c02d, TLS-ECDH-ECDSA-WITH-AES-128-GCM-SHA256
[0m
D (30502) mbedtls: ssl_client.c:370 client hello, add ciphersuite: c025, TLS-ECDH-ECDSA-WITH-AES-128-CBC-SHA256
[0m
D (30512) mbedtls: ssl_client.c:370 client hello, add ciphersuite: c004, TLS-ECDH-ECDSA-WITH-AES-128-CBC-SHA
[0m
D (30522) mbedtls: ssl_client.c:370 client hello, add ciphersuite: c0a0, TLS-RSA-WITH-AES-128-CCM-8
[0m
D (30532) mbedtls: ssl_client.c:370 client hello, add ciphersuite: c05e, TLS-ECDH-ECDSA-WITH-ARIA-128-GCM-SHA256
[0m
D (30542) mbedtls: ssl_client.c:370 client hello, add ciphersuite: c062, TLS-ECDH-RSA-WITH-ARIA-128-GCM-SHA256
[0m
D (30552) mbedtls: ssl_client.c:370 client hello, add ciphersuite: c050, TLS-RSA-WITH-ARIA-128-GCM-SHA256
[0m
D (30562) mbedtls: ssl_client.c:370 client hello, add ciphersuite: c04a, TLS-ECDH-ECDSA-WITH-ARIA-128-CBC-SHA256
[0m
D (30572) mbedtls: ssl_client.c:370 client hello, add ciphersuite: c04e, TLS-ECDH-RSA-WITH-ARIA-128-CBC-SHA256
[0m
D (30583) mbedtls: ssl_client.c:370 client hello, add ciphersuite: c03c, TLS-RSA-WITH-ARIA-128-CBC-SHA256
[0m
D (30592) mbedtls: ssl_client.c:388 adding EMPTY_RENEGOTIATION_INFO_SCSV
[0m
D (30599) mbedtls: ssl_client.c:397 client hello, got 59 cipher suites
[0m
D (30606) mbedtls: ssl_client.c:41 client hello, adding server name extension: clare.vinex.top
[0m
D (30615) mbedtls: ssl_client.c:231 client hello, adding supported_groups extension
[0m
D (30623) mbedtls: ssl_client.c:250 got supported group(001d)
[0m
D (30629) mbedtls: ssl_client.c:282 NamedGroup: x25519 ( 1d )
[0m
D (30635) mbedtls: ssl_client.c:250 got supported group(0017)
[0m
D (30641) mbedtls: ssl_client.c:282 NamedGroup: secp256r1 ( 17 )
[0m
D (30647) mbedtls: ssl_client.c:250 got supported group(0018)
[0m
D (30653) mbedtls: ssl_client.c:282 NamedGroup: secp384r1 ( 18 )
[0m
D (30659) mbedtls: ssl_client.c:250 got supported group(0019)
[0m
D (30665) mbedtls: ssl_client.c:282 NamedGroup: secp521r1 ( 19 )
[0m
D (30672) mbedtls: ssl_client.c:250 got supported group(001a)
[0m
D (30678) mbedtls: ssl_client.c:282 NamedGroup: bp256r1 ( 1a )
[0m
D (30684) mbedtls: ssl_client.c:250 got supported group(001b)
[0m
D (30690) mbedtls: ssl_client.c:282 NamedGroup: bp384r1 ( 1b )
[0m
D (30696) mbedtls: ssl_client.c:250 got supported group(001c)
[0m
D (30702) mbedtls: ssl_client.c:282 NamedGroup: bp512r1 ( 1c )
[0m
D (30708) mbedtls: ssl_client.c:302 dumping 'Supported groups extension' (16 bytes)
[0m
D (30716) mbedtls: ssl_client.c:302 0000:  00 0e 00 1d 00 17 00 18 00 19 00 1a 00 1b 00 1c  ................
[0m
D (30726) mbedtls: ssl_tls.c:9437 adding signature_algorithms extension
[0m
D (30733) mbedtls: ssl_tls.c:9457 got signature scheme [603] ecdsa_secp521r1_sha512
[0m
D (30741) mbedtls: ssl_tls.c:9466 sent signature scheme [603] ecdsa_secp521r1_sha512
[0m
D (30748) mbedtls: ssl_tls.c:9457 got signature scheme [806] rsa_pss_rsae_sha512
[0m
D (30756) mbedtls: ssl_tls.c:9457 got signature scheme [601] rsa_pkcs1_sha512
[0m
D (30763) mbedtls: ssl_tls.c:9466 sent signature scheme [601] rsa_pkcs1_sha512
[0m
D (30771) mbedtls: ssl_tls.c:9457 got signature scheme [503] ecdsa_secp384r1_sha384
[0m
D (30779) mbedtls: ssl_tls.c:9466 sent signature scheme [503] ecdsa_secp384r1_sha384
[0m
D (30787) mbedtls: ssl_tls.c:9457 got signature scheme [805] rsa_pss_rsae_sha384
[0m
D (30794) mbedtls: ssl_tls.c:9457 got signature scheme [501] rsa_pkcs1_sha384
[0m
D (30802) mbedtls: ssl_tls.c:9466 sent signature scheme [501] rsa_pkcs1_sha384
[0m
D (30809) mbedtls: ssl_tls.c:9457 got signature scheme [403] ecdsa_secp256r1_sha256
[0m
D (30817) mbedtls: ssl_tls.c:9466 sent signature scheme [403] ecdsa_secp256r1_sha256
[0m
D (30825) mbedtls: ssl_tls.c:9457 got signature scheme [804] rsa_pss_rsae_sha256
[0m
D (30833) mbedtls: ssl_tls.c:9457 got signature scheme [401] rsa_pkcs1_sha256
[0m
D (30840) mbedtls: ssl_tls.c:9466 sent signature scheme [401] rsa_pkcs1_sha256
[0m
D (30848) mbedtls: ssl_tls12_client.c:105 client hello, adding supported_point_formats extension
[0m
D (30857) mbedtls: ssl_tls12_client.c:306 client hello, adding encrypt_then_mac extension
[0m
D (30865) mbedtls: ssl_tls12_client.c:338 client hello, adding extended_master_secret extension
[0m
D (30874) mbedtls: ssl_tls12_client.c:372 client hello, adding session ticket extension
[0m
D (30882) mbedtls: ssl_client.c:689 client hello, total extension length: 80
[0m
D (30890) mbedtls: ssl_client.c:691 dumping 'client hello extensions' (80 bytes)
[0m
D (30897) mbedtls: ssl_client.c:691 0000:  00 50 00 00 00 14 00 12 00 00 0f 63 6c 61 72 65  .P.........clare
[0m
D (30907) mbedtls: ssl_client.c:691 0010:  2e 76 69 6e 65 78 2e 74 6f 70 00 0a 00 10 00 0e  .vinex.top......
[0m
D (30917) mbedtls: ssl_client.c:691 0020:  00 1d 00 17 00 18 00 19 00 1a 00 1b 00 1c 00 0d  ................
[0m
D (30928) mbedtls: ssl_client.c:691 0030:  00 0e 00 0c 06 03 06 01 05 03 05 01 04 03 04 01  ................
[0m
D (30938) mbedtls: ssl_client.c:691 0040:  00 0b 00 02 01 00 00 16 00 00 00 17 00 00 00 23  ...............#
[0m
[0;32mI (30948) mbedtls: ssl_msg.c:2784 => write handshake message
[0m
[0;32mI (30954) mbedtls: ssl_msg.c:2944 => write record
[0m
D (30960) mbedtls: ssl_msg.c:3028 output record: msgtype = 22, version = [3:3], msglen = 243
[0m
[0;32mI (30970) mbedtls: ssl_msg.c:3081 <= write record
[0m
[0;32mI (30974) mbedtls: ssl_msg.c:2905 <= write handshake message
[0m
D (30980) mbedtls: ssl_misc.h:1353 handshake state: 1 (MBEDTLS_SSL_CLIENT_HELLO) -> 2 (MBEDTLS_SSL_SERVER_HELLO)
[0m
[0;32mI (30991) mbedtls: ssl_client.c:1014 <= write client hello
[0m
[0;32mI (30997) mbedtls: ssl_msg.c:2354 => flush output
[0m
[0;32mI (31003) mbedtls: ssl_msg.c:2368 message length: 248, out_left: 248
[0m
[0;32mI (31011) mbedtls: ssl_msg.c:2375 ssl->f_send() returned 248 (-0xffffff08)
[0m
[0;32mI (31018) mbedtls: ssl_msg.c:2402 <= flush output
[0m
[0;32mI (31023) mbedtls: ssl_tls.c:4592 client state: MBEDTLS_SSL_SERVER_HELLO
[0m
[0;32mI (31031) mbedtls: ssl_tls12_client.c:1195 => parse server hello
[0m
[0;32mI (31038) mbedtls: ssl_msg.c:4299 => read record
[0m
[0;32mI (31043) mbedtls: ssl_msg.c:2156 => fetch input
[0m
[0;32mI (31049) mbedtls: ssl_msg.c:2296 in_left: 0, nb_want: 5
[0m
[0;32mI (31351) mbedtls: ssl_msg.c:2316 in_left: 0, nb_want: 5
[0m
[0;32mI (31352) mbedtls: ssl_msg.c:2319 ssl->f_recv(_timeout)() returned 5 (-0xfffffffb)
[0m
[0;32mI (31355) mbedtls: ssl_msg.c:2341 <= fetch input
[0m
D (31361) mbedtls: ssl_msg.c:3966 input record: msgtype = 22, version = [0x303], msglen = 67
[0m
[0;32mI (31369) mbedtls: ssl_msg.c:2156 => fetch input
[0m
[0;32mI (31375) mbedtls: ssl_msg.c:2296 in_left: 5, nb_want: 72
[0m
[0;32mI (31381) mbedtls: ssl_msg.c:2316 in_left: 5, nb_want: 72
[0m
[0;32mI (31387) mbedtls: ssl_msg.c:2319 ssl->f_recv(_timeout)() returned 67 (-0xffffffbd)
[0m
[0;32mI (31396) mbedtls: ssl_msg.c:2341 <= fetch input
[0m
D (31402) mbedtls: ssl_msg.c:3239 handshake message: msglen = 67, type = 2, hslen = 67
[0m
D (31409) mbedtls: ssl_msg.c:3328 sole handshake fragment: 67, 0..67 of 67
[0m
[0;32mI (31418) mbedtls: ssl_msg.c:4371 <= read record
[0m
D (31422) mbedtls: ssl_tls12_client.c:1269 dumping 'server hello, version' (2 bytes)
[0m
D (31430) mbedtls: ssl_tls12_client.c:1269 0000:  03 03                                            ..
[0m
D (31439) mbedtls: ssl_tls12_client.c:1290 server hello, current time: 1787930746
[0m
D (31447) mbedtls: ssl_tls12_client.c:1300 dumping 'server hello, random bytes' (32 bytes)
[0m
D (31456) mbedtls: ssl_tls12_client.c:1300 0000:  6a 91 a8 7a bb 18 a2 c2 e9 89 ce de 24 fc dd 80  j..z........$...
[0m
D (31466) mbedtls: ssl_tls12_client.c:1300 0010:  87 66 de b7 f8 34 14 f4 44 4f 57 4e 47 52 44 01  .f...4..DOWNGRD.
[0m
D (31477) mbedtls: ssl_tls12_client.c:1362 server hello, session id len.: 0
[0m
D (31484) mbedtls: ssl_tls12_client.c:1363 dumping 'server hello, session id' (0 bytes)
[0m
D (31492) mbedtls: ssl_misc.h:1353 handshake state: 2 (MBEDTLS_SSL_SERVER_HELLO) -> 3 (MBEDTLS_SSL_SERVER_CERTIFICATE)
[0m
D (31503) mbedtls: ssl_tls12_client.c:1387 no session has been resumed
[0m
D (31510) mbedtls: ssl_tls12_client.c:1390 server hello, chosen ciphersuite: c02b
[0m
D (31518) mbedtls: ssl_tls12_client.c:1391 server hello, compress alg.: 0
[0m
D (31525) mbedtls: ssl_tls12_client.c:1426 server hello, chosen ciphersuite: TLS-ECDHE-ECDSA-WITH-AES-128-GCM-SHA256
[0m
[0;32mI (31536) mbedtls: ssl_tls12_client.c:1447 server hello, total extension length: 23
[0m
D (31544) mbedtls: ssl_tls12_client.c:1592 unknown extension found: 0 (ignoring)
[0m
D (31552) mbedtls: ssl_tls12_client.c:1517 found extended_master_secret extension
[0m
D (31559) mbedtls: ssl_tls12_client.c:1465 found renegotiation extension
[0m
D (31566) mbedtls: ssl_tls12_client.c:1544 found supported_point_formats extension
[0m
D (31574) mbedtls: ssl_tls12_client.c:1530 found session_ticket extension
[0m
[0;32mI (31581) mbedtls: ssl_tls12_client.c:1661 <= parse server hello
[0m
[0;32mI (31588) mbedtls: ssl_msg.c:2354 => flush output
[0m
[0;32mI (31594) mbedtls: ssl_msg.c:2363 <= flush output
[0m
[0;32mI (31599) mbedtls: ssl_tls.c:4592 client state: MBEDTLS_SSL_SERVER_CERTIFICATE
[0m
[0;32mI (31607) mbedtls: ssl_tls.c:8027 => parse certificate
[0m
[0;32mI (31613) mbedtls: ssl_msg.c:4299 => read record
[0m
[0;32mI (31619) mbedtls: ssl_msg.c:2156 => fetch input
[0m
[0;32mI (31624) mbedtls: ssl_msg.c:2296 in_left: 0, nb_want: 5
[0m
[0;32mI (31630) mbedtls: ssl_msg.c:2316 in_left: 0, nb_want: 5
[0m
[0;32mI (31636) mbedtls: ssl_msg.c:2319 ssl->f_recv(_timeout)() returned 5 (-0xfffffffb)
[0m
[0;32mI (31645) mbedtls: ssl_msg.c:2341 <= fetch input
[0m
D (31651) mbedtls: ssl_msg.c:3966 input record: msgtype = 22, version = [0x303], msglen = 3409
[0m
[0;32mI (31659) mbedtls: ssl_msg.c:2156 => fetch input
[0m
[0;32mI (31665) mbedtls: ssl_msg.c:2296 in_left: 5, nb_want: 3414
[0m
[0;32mI (31672) mbedtls: ssl_msg.c:2316 in_left: 5, nb_want: 3414
[0m
[0;32mI (31678) mbedtls: ssl_msg.c:2319 ssl->f_recv(_timeout)() returned 3409 (-0xfffff2af)
[0m
[0;32mI (31686) mbedtls: ssl_msg.c:2341 <= fetch input
[0m
D (31713) mbedtls: ssl_msg.c:3239 handshake message: msglen = 3409, type = 11, hslen = 3409
[0m
D (31713) mbedtls: ssl_msg.c:3328 sole handshake fragment: 3409, 0..3409 of 3409
[0m
[0;32mI (31743) mbedtls: ssl_msg.c:4371 <= read record
[0m
D (31745) mbedtls: ssl_tls.c:7899 peer certificate #1:
[0m
D (31746) mbedtls: ssl_tls.c:7899 cert. version     : 3
[0m
D (31748) mbedtls: ssl_tls.c:7899 serial number     : 05:D0:99:8E:FA:9A:21:07:1C:62:38:22:5A:B0:C8:72:AA:10
[0m
D (31758) mbedtls: ssl_tls.c:7899 issuer name       : C=US, O=Let's Encrypt, CN=YE1
[0m
D (31766) mbedtls: ssl_tls.c:7899 subject name      : CN=vinex.top
[0m
D (31772) mbedtls: ssl_tls.c:7899 issued  on        : 2026-08-23 05:15:56
[0m
D (31779) mbedtls: ssl_tls.c:7899 expires on        : 2026-11-21 05:15:55
[0m
D (31786) mbedtls: ssl_tls.c:7899 signed using      : ECDSA with SHA384
[0m
D (31793) mbedtls: ssl_tls.c:7899 EC key size       : 256 bits
[0m
D (31799) mbedtls: ssl_tls.c:7899 basic constraints : CA=false
[0m
D (31805) mbedtls: ssl_tls.c:7899 subject alt name  :
[0m
D (31811) mbedtls: ssl_tls.c:7899     dNSName : *.vinex.top
[0m
D (31816) mbedtls: ssl_tls.c:7899     dNSName : vinex.top
[0m
D (31822) mbedtls: ssl_tls.c:7899 key usage         : Digital Signature
[0m
D (31829) mbedtls: ssl_tls.c:7899 ext key usage     : TLS Web Server Authentication
[0m
D (31837) mbedtls: ssl_tls.c:7899 certificate policies : ???
[0m
D (31843) mbedtls: ssl_tls.c:7899 value of 'crt->eckey.Q(X)' (254 bits) is:
[0m
D (31850) mbedtls: ssl_tls.c:7899  37 19 c6 d2 33 70 72 15 58 54 3e 17 79 7f b3 5e
[0m
D (31858) mbedtls: ssl_tls.c:7899  3c f3 0f 8c 42 a5 6e ad d6 ff f5 4e e0 ab c4 f9
[0m
D (31866) mbedtls: ssl_tls.c:7899 value of 'crt->eckey.Q(Y)' (256 bits) is:
[0m
D (31873) mbedtls: ssl_tls.c:7899  ff 61 8c eb 61 4f 3e e2 cb fd 34 f3 b9 7e 90 26
[0m
D (31881) mbedtls: ssl_tls.c:7899  cd 0f ee b1 e0 9a 9b 44 3e 6d 38 0b 34 5d ce 08
[0m
D (31888) mbedtls: ssl_tls.c:7899 peer certificate #2:
[0m
D (31894) mbedtls: ssl_tls.c:7899 cert. version     : 3
[0m
D (31899) mbedtls: ssl_tls.c:7899 serial number     : 5D:DD:70:DD:31:F8:01:C8:5C:18:6A:7A:04:B8:0A:FE
[0m
D (31909) mbedtls: ssl_tls.c:7899 issuer name       : C=US, O=ISRG, CN=Root YE
[0m
D (31916) mbedtls: ssl_tls.c:7899 subject name      : C=US, O=Let's Encrypt, CN=YE1
[0m
D (31924) mbedtls: ssl_tls.c:7899 issued  on        : 2025-09-03 00:00:00
[0m
D (31931) mbedtls: ssl_tls.c:7899 expires on        : 2028-09-02 23:59:59
[0m
D (31939) mbedtls: ssl_tls.c:7899 signed using      : ECDSA with SHA384
[0m
D (31945) mbedtls: ssl_tls.c:7899 EC key size       : 384 bits
[0m
D (31951) mbedtls: ssl_tls.c:7899 basic constraints : CA=true, max_pathlen=0
[0m
D (31958) mbedtls: ssl_tls.c:7899 key usage         : Digital Signature, Key Cert Sign, CRL Sign
[0m
D (31967) mbedtls: ssl_tls.c:7899 ext key usage     : TLS Web Server Authentication
[0m
D (31975) mbedtls: ssl_tls.c:7899 certificate policies : ???
[0m
D (31981) mbedtls: ssl_tls.c:7899 value of 'crt->eckey.Q(X)' (379 bits) is:
[0m
D (31988) mbedtls: ssl_tls.c:7899  07 65 50 75 fe 68 a6 95 ad a1 7d 2b ab ca 54 9c
[0m
D (31996) mbedtls: ssl_tls.c:7899  8c f3 19 68 e2 57 2f 3f cd 9c 07 36 b3 29 66 f1
[0m
D (32004) mbedtls: ssl_tls.c:7899  60 f2 85 4f 42 72 9f b3 01 24 22 e6 f4 b0 18 62
[0m
D (32012) mbedtls: ssl_tls.c:7899 value of 'crt->eckey.Q(Y)' (383 bits) is:
[0m
D (32019) mbedtls: ssl_tls.c:7899  63 48 69 25 90 3f 5f 74 f4 7c 1a 9c 83 20 e2 23
[0m
D (32027) mbedtls: ssl_tls.c:7899  08 47 eb 9d bb 7f bf e6 52 10 f2 cb 10 66 da 33
[0m
D (32035) mbedtls: ssl_tls.c:7899  a1 1c 70 36 cd ee 9f 71 b5 e2 26 d8 0b df fa bc
[0m
D (32042) mbedtls: ssl_tls.c:7899 peer certificate #3:
[0m
D (32048) mbedtls: ssl_tls.c:7899 cert. version     : 3
[0m
D (32053) mbedtls: ssl_tls.c:7899 serial number     : 87:21:65:FC:34:B6:E5:FB:A8:AD:D5:B3:70:5F:B5:3A
[0m
D (32063) mbedtls: ssl_tls.c:7899 issuer name       : C=US, O=Internet Security Research Group, CN=ISRG Root X2
[0m
D (32073) mbedtls: ssl_tls.c:7899 subject name      : C=US, O=ISRG, CN=Root YE
[0m
D (32081) mbedtls: ssl_tls.c:7899 issued  on        : 2026-05-13 00:00:00
[0m
D (32088) mbedtls: ssl_tls.c:7899 expires on        : 2032-09-02 23:59:59
[0m
D (32095) mbedtls: ssl_tls.c:7899 signed using      : ECDSA with SHA384
[0m
D (32101) mbedtls: ssl_tls.c:7899 EC key size       : 384 bits
[0m
D (32108) mbedtls: ssl_tls.c:7899 basic constraints : CA=true
[0m
D (32113) mbedtls: ssl_tls.c:7899 key usage         : Key Cert Sign, CRL Sign
[0m
D (32121) mbedtls: ssl_tls.c:7899 ext key usage     : TLS Web Server Authentication
[0m
D (32129) mbedtls: ssl_tls.c:7899 certificate policies : ???
[0m
D (32135) mbedtls: ssl_tls.c:7899 value of 'crt->eckey.Q(X)' (382 bits) is:
[0m
D (32143) mbedtls: ssl_tls.c:7899  3c 12 ff ab e1 ad c5 6a 71 b0 68 fb 08 1d 23 77
[0m
D (32150) mbedtls: ssl_tls.c:7899  f0 9f dc 7b 0c d2 49 39 8f e5 4c eb 62 d2 f9 30
[0m
D (32158) mbedtls: ssl_tls.c:7899  b9 13 7c ed 18 44 85 31 f5 ec 4e d7 c8 58 d6 b0
[0m
D (32165) mbedtls: ssl_tls.c:7899 value of 'crt->eckey.Q(Y)' (384 bits) is:
[0m
D (32173) mbedtls: ssl_tls.c:7899  f6 21 20 fb 7f c3 33 aa c5 37 76 6f ee 19 24 dc
[0m
D (32180) mbedtls: ssl_tls.c:7899  bd 20 3d 38 63 2c 05 f5 4e 73 6a c0 d5 c8 64 8d
[0m
D (32188) mbedtls: ssl_tls.c:7899  12 b5 4d b7 3f 2e 48 68 79 8b 35 bc ee 3e fb 19
[0m
D (32196) mbedtls: ssl_tls.c:7899 peer certificate #4:
[0m
D (32202) mbedtls: ssl_tls.c:7899 cert. version     : 3
[0m
D (32207) mbedtls: ssl_tls.c:7899 serial number     : 6C:8F:1D:C7:27:C7:11:7F:7B:AF:85:3A:C9:80:F9:CD
[0m
D (32216) mbedtls: ssl_tls.c:7899 issuer name       : C=US, O=Internet Security Research Group, CN=ISRG Root X1
[0m
D (32227) mbedtls: ssl_tls.c:7899 subject name      : C=US, O=Internet Security Research Group, CN=ISRG Root X2
[0m
D (32237) mbedtls: ssl_tls.c:7899 issued  on        : 2026-05-13 00:00:00
[0m
D (32244) mbedtls: ssl_tls.c:7899 expires on        : 2032-09-02 23:59:59
[0m
D (32251) mbedtls: ssl_tls.c:7899 signed using      : RSA with SHA-256
[0m
D (32258) mbedtls: ssl_tls.c:7899 EC key size       : 384 bits
[0m
D (32264) mbedtls: ssl_tls.c:7899 basic constraints : CA=true
[0m
D (32270) mbedtls: ssl_tls.c:7899 key usage         : Key Cert Sign, CRL Sign
[0m
D (32277) mbedtls: ssl_tls.c:7899 ext key usage     : TLS Web Server Authentication, TLS Web Client Authentication
[0m
D (32288) mbedtls: ssl_tls.c:7899 certificate policies : ???
[0m
D (32294) mbedtls: ssl_tls.c:7899 value of 'crt->eckey.Q(X)' (384 bits) is:
[0m
D (32301) mbedtls: ssl_tls.c:7899  cd 9b d5 9f 80 83 0a ec 09 4a f3 16 4a 3e 5c cf
[0m
D (32309) mbedtls: ssl_tls.c:7899  77 ac de 67 05 0d 1d 07 b6 dc 16 fb 5a 8b 14 db
[0m
D (32317) mbedtls: ssl_tls.c:7899  e2 71 60 c4 ba 45 95 11 89 8e ea 06 df f7 2a 16
[0m
D (32324) mbedtls: ssl_tls.c:7899 value of 'crt->eckey.Q(Y)' (381 bits) is:
[0m
D (32332) mbedtls: ssl_tls.c:7899  1c a4 b9 c5 c5 32 e0 03 e0 1e 82 18 38 8b d7 45
[0m
D (32339) mbedtls: ssl_tls.c:7899  d8 0a 6a 6e e6 00 77 fb 02 51 7d 22 d8 0a 6e 9a
[0m
D (32347) mbedtls: ssl_tls.c:7899  5b 77 df f0 fa 41 ec 39 dc 75 ca 68 07 0c 1f ea
[0m
[0;32mI (32356) mbedtls: ssl_tls.c:8141 <= parse certificate
[0m
D (32361) mbedtls: ssl_misc.h:1353 handshake state: 3 (MBEDTLS_SSL_SERVER_CERTIFICATE) -> 4 (MBEDTLS_SSL_SERVER_KEY_EXCHANGE)
[0m
[0;32mI (32373) mbedtls: ssl_msg.c:2354 => flush output
[0m
[0;32mI (32378) mbedtls: ssl_msg.c:2363 <= flush output
[0m
[0;32mI (32384) mbedtls: ssl_tls.c:4592 client state: MBEDTLS_SSL_SERVER_KEY_EXCHANGE
[0m
[0;32mI (32392) mbedtls: ssl_tls12_client.c:2089 => parse server key exchange
[0m
[0;32mI (32399) mbedtls: ssl_msg.c:4299 => read record
[0m
[0;32mI (32405) mbedtls: ssl_msg.c:2156 => fetch input
[0m
[0;32mI (32410) mbedtls: ssl_msg.c:2296 in_left: 0, nb_want: 5
[0m
[0;32mI (32417) mbedtls: ssl_msg.c:2316 in_left: 0, nb_want: 5
[0m
[0;32mI (32423) mbedtls: ssl_msg.c:2319 ssl->f_recv(_timeout)() returned 5 (-0xfffffffb)
[0m
[0;32mI (32431) mbedtls: ssl_msg.c:2341 <= fetch input
[0m
D (32437) mbedtls: ssl_msg.c:3966 input record: msgtype = 22, version = [0x303], msglen = 114
[0m
[0;32mI (32445) mbedtls: ssl_msg.c:2156 => fetch input
[0m
[0;32mI (32451) mbedtls: ssl_msg.c:2296 in_left: 5, nb_want: 119
[0m
[0;32mI (32457) mbedtls: ssl_msg.c:2316 in_left: 5, nb_want: 119
[0m
[0;32mI (32463) mbedtls: ssl_msg.c:2319 ssl->f_recv(_timeout)() returned 114 (-0xffffff8e)
[0m
[0;32mI (32472) mbedtls: ssl_msg.c:2341 <= fetch input
[0m
D (32478) mbedtls: ssl_msg.c:3239 handshake message: msglen = 114, type = 12, hslen = 114
[0m
D (32486) mbedtls: ssl_msg.c:3328 sole handshake fragment: 114, 0..114 of 114
[0m
[0;32mI (32494) mbedtls: ssl_msg.c:4371 <= read record
[0m
D (32499) mbedtls: ssl_tls12_client.c:2176 dumping 'server key exchange' (110 bytes)
[0m
D (32507) mbedtls: ssl_tls12_client.c:2176 0000:  03 00 1d 20 40 1b 2b 03 94 fe d1 90 c0 3d b5 77  ... @.+......=.w
[0m
D (32517) mbedtls: ssl_tls12_client.c:2176 0010:  06 dd d6 b4 2b e2 82 f5 73 a7 f8 0e fe a3 cf a0  ....+...s.......
[0m
D (32528) mbedtls: ssl_tls12_client.c:2176 0020:  5d 3b 6a 40 04 03 00 46 30 44 02 20 3d fc d8 cd  ];j@...F0D. =...
[0m
D (32539) mbedtls: ssl_tls12_client.c:2176 0030:  ab 70 cf 39 7c 80 2b 71 cb a1 c9 af cd ed 21 77  .p.9|.+q......!w
[0m
D (32549) mbedtls: ssl_tls12_client.c:2176 0040:  70 a0 71 38 8b 80 4e 31 7b d6 2d 8f 02 20 3d 70  p.q8..N1{.-.. =p
[0m
D (32560) mbedtls: ssl_tls12_client.c:2176 0050:  0a 5f 50 ff bf 75 52 13 ba e2 78 bb 4f ca b7 ce  ._P..uR...x.O...
[0m
D (32571) mbedtls: ssl_tls12_client.c:2176 0060:  9e 0c 69 3f 91 cf 30 03 27 36 0d de 57 83        ..i?..0.'6..W.
[0m
[0;32mI (32582) mbedtls: ssl_tls12_client.c:1805 ECDH curve: x25519
[0m
D (32588) mbedtls: ssl_tls12_client.c:1812 value of 'ECDH: Qp(X)' (255 bits) is:
[0m
D (32595) mbedtls: ssl_tls12_client.c:1812  40 6a 3b 5d a0 cf a3 fe 0e f8 a7 73 f5 82 e2 2b
[0m
D (32604) mbedtls: ssl_tls12_client.c:1812  b4 d6 dd 06 77 b5 3d c0 90 d1 fe 94 03 2b 1b 40
[0m
D (32613) mbedtls: ssl_tls12_client.c:1812 value of 'ECDH: Qp(Y)' (0 bits) is:
[0m
D (32620) mbedtls: ssl_tls12_client.c:1812  00
[0m
D (32625) mbedtls: ssl_tls12_client.c:2371 dumping 'signature' (70 bytes)
[0m
D (32632) mbedtls: ssl_tls12_client.c:2371 0000:  30 44 02 20 3d fc d8 cd ab 70 cf 39 7c 80 2b 71  0D. =....p.9|.+q
[0m
D (32643) mbedtls: ssl_tls12_client.c:2371 0010:  cb a1 c9 af cd ed 21 77 70 a0 71 38 8b 80 4e 31  ......!wp.q8..N1
[0m
D (32653) mbedtls: ssl_tls12_client.c:2371 0020:  7b d6 2d 8f 02 20 3d 70 0a 5f 50 ff bf 75 52 13  {.-.. =p._P..uR.
[0m
D (32664) mbedtls: ssl_tls12_client.c:2371 0030:  ba e2 78 bb 4f ca b7 ce 9e 0c 69 3f 91 cf 30 03  ..x.O.....i?..0.
[0m
D (32675) mbedtls: ssl_tls12_client.c:2371 0040:  27 36 0d de 57 83                                '6..W.
[0m
D (32684) mbedtls: ssl_tls.c:9237 Perform mbedtls-based computation of digest of ServerKeyExchange
[0m
D (32694) mbedtls: ssl_tls12_client.c:2388 dumping 'parameters hash' (32 bytes)
[0m
D (32701) mbedtls: ssl_tls12_client.c:2388 0000:  78 53 60 b2 48 c4 d1 d2 a5 25 d8 cf af f8 e9 c9  xS`.H....%......
[0m
D (32712) mbedtls: ssl_tls12_client.c:2388 0010:  ec d9 c3 e8 a7 f9 aa 10 16 f1 0b a2 4a 31 7b f4  ............J1{.
[0m
D (32761) mbedtls: ssl_misc.h:1353 handshake state: 4 (MBEDTLS_SSL_SERVER_KEY_EXCHANGE) -> 5 (MBEDTLS_SSL_CERTIFICATE_REQUEST)
[0m
[0;32mI (32762) mbedtls: ssl_tls12_client.c:2459 <= parse server key exchange
[0m
[0;32mI (32769) mbedtls: ssl_msg.c:2354 => flush output
[0m
[0;32mI (32775) mbedtls: ssl_msg.c:2363 <= flush output
[0m
[0;32mI (32780) mbedtls: ssl_tls.c:4592 client state: MBEDTLS_SSL_CERTIFICATE_REQUEST
[0m
[0;32mI (32789) mbedtls: ssl_tls12_client.c:2498 => parse certificate request
[0m
[0;32mI (32796) mbedtls: ssl_msg.c:4299 => read record
[0m
[0;32mI (32802) mbedtls: ssl_msg.c:2156 => fetch input
[0m
[0;32mI (32807) mbedtls: ssl_msg.c:2296 in_left: 0, nb_want: 5
[0m
[0;32mI (32813) mbedtls: ssl_msg.c:2316 in_left: 0, nb_want: 5
[0m
[0;32mI (32819) mbedtls: ssl_msg.c:2319 ssl->f_recv(_timeout)() returned 5 (-0xfffffffb)
[0m
[0;32mI (32828) mbedtls: ssl_msg.c:2341 <= fetch input
[0m
D (32833) mbedtls: ssl_msg.c:3966 input record: msgtype = 22, version = [0x303], msglen = 4
[0m
[0;32mI (32842) mbedtls: ssl_msg.c:2156 => fetch input
[0m
[0;32mI (32847) mbedtls: ssl_msg.c:2296 in_left: 5, nb_want: 9
[0m
[0;32mI (32853) mbedtls: ssl_msg.c:2316 in_left: 5, nb_want: 9
[0m
[0;32mI (32860) mbedtls: ssl_msg.c:2319 ssl->f_recv(_timeout)() returned 4 (-0xfffffffc)
[0m
[0;32mI (32868) mbedtls: ssl_msg.c:2341 <= fetch input
[0m
D (32874) mbedtls: ssl_msg.c:3239 handshake message: msglen = 4, type = 14, hslen = 4
[0m
D (32882) mbedtls: ssl_msg.c:3328 sole handshake fragment: 4, 0..4 of 4
[0m
[0;32mI (32889) mbedtls: ssl_msg.c:4371 <= read record
[0m
D (32894) mbedtls: ssl_misc.h:1353 handshake state: 5 (MBEDTLS_SSL_CERTIFICATE_REQUEST) -> 6 (MBEDTLS_SSL_SERVER_HELLO_DONE)
[0m
D (32905) mbedtls: ssl_tls12_client.c:2524 got no certificate request
[0m
[0;32mI (32912) mbedtls: ssl_tls12_client.c:2660 <= parse certificate request
[0m
[0;32mI (32919) mbedtls: ssl_msg.c:2354 => flush output
[0m
[0;32mI (32925) mbedtls: ssl_msg.c:2363 <= flush output
[0m
[0;32mI (32931) mbedtls: ssl_tls.c:4592 client state: MBEDTLS_SSL_SERVER_HELLO_DONE
[0m
[0;32mI (32939) mbedtls: ssl_tls12_client.c:2671 => parse server hello done
[0m
[0;32mI (32946) mbedtls: ssl_msg.c:4299 => read record
[0m
[0;32mI (32951) mbedtls: ssl_msg.c:4367 reuse previously read message
[0m
[0;32mI (32958) mbedtls: ssl_msg.c:4371 <= read record
[0m
D (32964) mbedtls: ssl_misc.h:1353 handshake state: 6 (MBEDTLS_SSL_SERVER_HELLO_DONE) -> 7 (MBEDTLS_SSL_CLIENT_CERTIFICATE)
[0m
[0;32mI (32975) mbedtls: ssl_tls12_client.c:2699 <= parse server hello done
[0m
[0;32mI (32982) mbedtls: ssl_msg.c:2354 => flush output
[0m
[0;32mI (32988) mbedtls: ssl_msg.c:2363 <= flush output
[0m
[0;32mI (32993) mbedtls: ssl_tls.c:4592 client state: MBEDTLS_SSL_CLIENT_CERTIFICATE
[0m
[0;32mI (33001) mbedtls: ssl_tls.c:7622 => write certificate
[0m
[0;32mI (33007) mbedtls: ssl_tls.c:7633 <= skip write certificate
[0m
D (33014) mbedtls: ssl_misc.h:1353 handshake state: 7 (MBEDTLS_SSL_CLIENT_CERTIFICATE) -> 8 (MBEDTLS_SSL_CLIENT_KEY_EXCHANGE)
[0m
[0;32mI (33025) mbedtls: ssl_msg.c:2354 => flush output
[0m
[0;32mI (33031) mbedtls: ssl_msg.c:2363 <= flush output
[0m
[0;32mI (33036) mbedtls: ssl_tls.c:4592 client state: MBEDTLS_SSL_CLIENT_KEY_EXCHANGE
[0m
[0;32mI (33045) mbedtls: ssl_tls12_client.c:2714 => write client key exchange
[0m
D (33170) mbedtls: ssl_tls12_client.c:2860 value of 'ECDH: Q(X)' (255 bits) is:
[0m
D (33170) mbedtls: ssl_tls12_client.c:2860  69 85 82 f1 fe 2c 5e dd 0f c6 89 2b cc 49 65 75
[0m
D (33175) mbedtls: ssl_tls12_client.c:2860  63 7a 9a ff cf 89 42 1d b0 4d a1 cc 75 5e 1d fd
[0m
D (33183) mbedtls: ssl_tls12_client.c:2860 value of 'ECDH: Q(Y)' (0 bits) is:
[0m
D (33191) mbedtls: ssl_tls12_client.c:2860  00
[0m
D (33316) mbedtls: ssl_tls12_client.c:2888 value of 'ECDH: z' (254 bits) is:
[0m
D (33317) mbedtls: ssl_tls12_client.c:2888  20 4e bf 1d 3a 07 71 0b c1 5f 5c 80 ff ed 5a ab
[0m
D (33321) mbedtls: ssl_tls12_client.c:2888  7c 73 f3 89 b8 29 90 34 37 6c f2 52 fe 7a 1a 99
[0m
D (33330) mbedtls: ssl_misc.h:1353 handshake state: 8 (MBEDTLS_SSL_CLIENT_KEY_EXCHANGE) -> 9 (MBEDTLS_SSL_CERTIFICATE_VERIFY)
[0m
[0;32mI (33341) mbedtls: ssl_msg.c:2784 => write handshake message
[0m
[0;32mI (33348) mbedtls: ssl_msg.c:2944 => write record
[0m
D (33353) mbedtls: ssl_msg.c:3028 output record: msgtype = 22, version = [3:3], msglen = 37
[0m
[0;32mI (33362) mbedtls: ssl_msg.c:2354 => flush output
[0m
[0;32mI (33367) mbedtls: ssl_msg.c:2368 message length: 42, out_left: 42
[0m
[0;32mI (33375) mbedtls: ssl_msg.c:2375 ssl->f_send() returned 42 (-0xffffffd6)
[0m
[0;32mI (33382) mbedtls: ssl_msg.c:2402 <= flush output
[0m
[0;32mI (33388) mbedtls: ssl_msg.c:3081 <= write record
[0m
[0;32mI (33393) mbedtls: ssl_msg.c:2905 <= write handshake message
[0m
[0;32mI (33400) mbedtls: ssl_tls12_client.c:3209 <= write client key exchange
[0m
[0;32mI (33407) mbedtls: ssl_msg.c:2354 => flush output
[0m
[0;32mI (33413) mbedtls: ssl_msg.c:2363 <= flush output
[0m
[0;32mI (33418) mbedtls: ssl_tls.c:4592 client state: MBEDTLS_SSL_CERTIFICATE_VERIFY
[0m
[0;32mI (33426) mbedtls: ssl_tls12_client.c:3257 => write certificate verify
[0m
[0;32mI (33434) mbedtls: ssl_tls.c:7236 => derive keys
[0m
[0;32mI (33439) mbedtls: ssl_tls.c:7360 => calc verify
[0m
D (33445) mbedtls: ssl_tls.c:7378 dumping 'calculated verify result' (32 bytes)
[0m
D (33452) mbedtls: ssl_tls.c:7378 0000:  df b5 72 8c a8 33 9c e3 00 3a a8 ba 61 09 5d 30  ..r..3...:..a.]0
[0m
D (33462) mbedtls: ssl_tls.c:7378 0010:  c3 61 42 30 38 b7 f0 35 61 7e d5 2a 84 79 b2 fe  .aB08..5a~.*.y..
[0m
[0;32mI (33472) mbedtls: ssl_tls.c:7379 <= calc verify
[0m
D (33477) mbedtls: ssl_tls.c:7090 dumping 'session hash for extended master secret' (32 bytes)
[0m
D (33486) mbedtls: ssl_tls.c:7090 0000:  df b5 72 8c a8 33 9c e3 00 3a a8 ba 61 09 5d 30  ..r..3...:..a.]0
[0m
D (33496) mbedtls: ssl_tls.c:7090 0010:  c3 61 42 30 38 b7 f0 35 61 7e d5 2a 84 79 b2 fe  .aB08..5a~.*.y..
[0m
D (33507) mbedtls: ssl_tls.c:7219 dumping 'premaster secret' (32 bytes)
[0m
D (33513) mbedtls: ssl_tls.c:7219 0000:  99 1a 7a fe 52 f2 6c 37 34 90 29 b8 89 f3 73 7c  ..z.R.l74.)...s|
[0m
D (33523) mbedtls: ssl_tls.c:7219 0010:  ab 5a ed ff 80 5c 5f c1 0b 71 07 3a 1d bf 4e 20  .Z...\_..q.:..N 
[0m
D (33535) mbedtls: ssl_tls.c:8774 ciphersuite = TLS-ECDHE-ECDSA-WITH-AES-128-GCM-SHA256
[0m
D (33541) mbedtls: ssl_tls.c:8776 dumping 'master secret' (48 bytes)
[0m
D (33548) mbedtls: ssl_tls.c:8776 0000:  e0 9f d3 55 90 cd ad 24 5f 49 3c 7e f4 91 0d 61  ...U...$_I<~...a
[0m
D (33558) mbedtls: ssl_tls.c:8776 0010:  47 ff 42 19 92 d1 89 44 bf 9a 34 56 ae 52 de af  G.B....D..4V.R..
[0m
D (33567) mbedtls: ssl_tls.c:8776 0020:  0f c7 fa 12 1f 48 67 72 1e 20 fc a4 c5 58 83 8e  .....Hgr. ...X..
[0m
D (33580) mbedtls: ssl_tls.c:8896 keylen: 16, minlen: 24, ivlen: 12, maclen: 0
[0m
[0;32mI (33585) mbedtls: ssl_tls.c:7287 <= derive keys
[0m
[0;32mI (33590) mbedtls: ssl_tls12_client.c:3279 <= skip write certificate verify
[0m
D (33598) mbedtls: ssl_misc.h:1353 handshake state: 9 (MBEDTLS_SSL_CERTIFICATE_VERIFY) -> 10 (MBEDTLS_SSL_CLIENT_CHANGE_CIPHER_SPEC)
[0m
[0;32mI (33610) mbedtls: ssl_msg.c:2354 => flush output
[0m
[0;32mI (33616) mbedtls: ssl_msg.c:2363 <= flush output
[0m
[0;32mI (33621) mbedtls: ssl_tls.c:4592 client state: MBEDTLS_SSL_CLIENT_CHANGE_CIPHER_SPEC
[0m
[0;32mI (33630) mbedtls: ssl_msg.c:5316 => write change cipher spec
[0m
D (33637) mbedtls: ssl_misc.h:1353 handshake state: 10 (MBEDTLS_SSL_CLIENT_CHANGE_CIPHER_SPEC) -> 11 (MBEDTLS_SSL_CLIENT_FINISHED)
[0m
[0;32mI (33649) mbedtls: ssl_msg.c:2784 => write handshake message
[0m
[0;32mI (33655) mbedtls: ssl_msg.c:2944 => write record
[0m
D (33661) mbedtls: ssl_msg.c:3028 output record: msgtype = 20, version = [3:3], msglen = 1
[0m
[0;32mI (33669) mbedtls: ssl_msg.c:2354 => flush output
[0m
[0;32mI (33675) mbedtls: ssl_msg.c:2368 message length: 6, out_left: 6
[0m
[0;32mI (33682) mbedtls: ssl_msg.c:2375 ssl->f_send() returned 6 (-0xfffffffa)
[0m
[0;32mI (33689) mbedtls: ssl_msg.c:2402 <= flush output
[0m
[0;32mI (33695) mbedtls: ssl_msg.c:3081 <= write record
[0m
[0;32mI (33700) mbedtls: ssl_msg.c:2905 <= write handshake message
[0m
[0;32mI (33707) mbedtls: ssl_msg.c:5329 <= write change cipher spec
[0m
[0;32mI (33713) mbedtls: ssl_msg.c:2354 => flush output
[0m
[0;32mI (33719) mbedtls: ssl_msg.c:2363 <= flush output
[0m
[0;32mI (33724) mbedtls: ssl_tls.c:4592 client state: MBEDTLS_SSL_CLIENT_FINISHED
[0m
[0;32mI (33732) mbedtls: ssl_tls.c:8372 => write finished
[0m
[0;32mI (33738) mbedtls: ssl_tls.c:8206 => calc finished tls
[0m
D (33745) mbedtls: ssl_tls.c:8233 dumping 'calc finished result' (12 bytes)
[0m
D (33751) mbedtls: ssl_tls.c:8233 0000:  49 7c d4 7e 07 c0 db 70 4c d7 73 a6              I|.~...pL.s.
[0m
[0;32mI (33761) mbedtls: ssl_tls.c:8237 <= calc finished
[0m
D (33766) mbedtls: ssl_misc.h:1353 handshake state: 11 (MBEDTLS_SSL_CLIENT_FINISHED) -> 12 (MBEDTLS_SSL_SERVER_CHANGE_CIPHER_SPEC)
[0m
D (33778) mbedtls: ssl_tls.c:8422 switching to new transform spec for outbound data
[0m
[0;32mI (33786) mbedtls: ssl_msg.c:2784 => write handshake message
[0m
[0;32mI (33793) mbedtls: ssl_msg.c:2944 => write record
[0m
[0;32mI (33798) mbedtls: ssl_msg.c:936 => encrypt buf
[0m
D (33804) mbedtls: ssl_msg.c:1190 before encrypt: msglen = 16, including 0 bytes of padding
[0m
[0;32mI (33813) mbedtls: ssl_msg.c:1475 <= encrypt buf
[0m
D (33818) mbedtls: ssl_msg.c:3028 output record: msgtype = 22, version = [3:3], msglen = 40
[0m
[0;32mI (33827) mbedtls: ssl_msg.c:2354 => flush output
[0m
[0;32mI (33832) mbedtls: ssl_msg.c:2368 message length: 45, out_left: 45
[0m
[0;32mI (33839) mbedtls: ssl_msg.c:2375 ssl->f_send() returned 45 (-0xffffffd3)
[0m
[0;32mI (33847) mbedtls: ssl_msg.c:2402 <= flush output
[0m
[0;32mI (33852) mbedtls: ssl_msg.c:3081 <= write record
[0m
[0;32mI (33858) mbedtls: ssl_msg.c:2905 <= write handshake message
[0m
[0;32mI (33864) mbedtls: ssl_tls.c:8475 <= write finished
[0m
[0;32mI (33870) mbedtls: ssl_msg.c:2354 => flush output
[0m
[0;32mI (33875) mbedtls: ssl_msg.c:2363 <= flush output
[0m
[0;32mI (33881) mbedtls: ssl_tls.c:4592 client state: MBEDTLS_SSL_SERVER_CHANGE_CIPHER_SPEC
[0m
D (33890) mbedtls: ssl_misc.h:1353 handshake state: 12 (MBEDTLS_SSL_SERVER_CHANGE_CIPHER_SPEC) -> 16 (MBEDTLS_SSL_NEW_SESSION_TICKET)
[0m
[0;32mI (33902) mbedtls: ssl_tls12_client.c:3385 => parse new session ticket
[0m
[0;32mI (33909) mbedtls: ssl_msg.c:4299 => read record
[0m
[0;32mI (33915) mbedtls: ssl_msg.c:2156 => fetch input
[0m
[0;32mI (33920) mbedtls: ssl_msg.c:2296 in_left: 0, nb_want: 5
[0m
[0;32mI (37033) mbedtls: ssl_msg.c:2316 in_left: 0, nb_want: 5
[0m
[0;32mI (37033) mbedtls: ssl_msg.c:2319 ssl->f_recv(_timeout)() returned 5 (-0xfffffffb)
[0m
[0;32mI (37036) mbedtls: ssl_msg.c:2341 <= fetch input
[0m
D (37042) mbedtls: ssl_msg.c:3966 input record: msgtype = 22, version = [0x303], msglen = 202
[0m
[0;32mI (37050) mbedtls: ssl_msg.c:2156 => fetch input
[0m
[0;32mI (37056) mbedtls: ssl_msg.c:2296 in_left: 5, nb_want: 207
[0m
[0;32mI (37062) mbedtls: ssl_msg.c:2316 in_left: 5, nb_want: 207
[0m
[0;32mI (37069) mbedtls: ssl_msg.c:2319 ssl->f_recv(_timeout)() returned 202 (-0xffffff36)
[0m
[0;32mI (37077) mbedtls: ssl_msg.c:2341 <= fetch input
[0m
D (37084) mbedtls: ssl_msg.c:3239 handshake message: msglen = 202, type = 4, hslen = 202
[0m
D (37091) mbedtls: ssl_msg.c:3328 sole handshake fragment: 202, 0..202 of 202
[0m
[0;32mI (37100) mbedtls: ssl_msg.c:4371 <= read record
[0m
D (37104) mbedtls: ssl_tls12_client.c:3432 ticket length: 192
[0m
D (37110) mbedtls: ssl_misc.h:1353 handshake state: 16 (MBEDTLS_SSL_NEW_SESSION_TICKET) -> 12 (MBEDTLS_SSL_SERVER_CHANGE_CIPHER_SPEC)
[0m
D (37122) mbedtls: ssl_tls12_client.c:3476 ticket in use, discarding session id
[0m
[0;32mI (37130) mbedtls: ssl_tls12_client.c:3479 <= parse new session ticket
[0m
[0;32mI (37137) mbedtls: ssl_msg.c:2354 => flush output
[0m
[0;32mI (37143) mbedtls: ssl_msg.c:2363 <= flush output
[0m
[0;32mI (37148) mbedtls: ssl_tls.c:4592 client state: MBEDTLS_SSL_SERVER_CHANGE_CIPHER_SPEC
[0m
[0;32mI (37157) mbedtls: ssl_msg.c:5338 => parse change cipher spec
[0m
[0;32mI (37163) mbedtls: ssl_msg.c:4299 => read record
[0m
[0;32mI (37169) mbedtls: ssl_msg.c:2156 => fetch input
[0m
[0;32mI (37174) mbedtls: ssl_msg.c:2296 in_left: 0, nb_want: 5
[0m
[0;32mI (37181) mbedtls: ssl_msg.c:2316 in_left: 0, nb_want: 5
[0m
[0;32mI (37187) mbedtls: ssl_msg.c:2319 ssl->f_recv(_timeout)() returned 5 (-0xfffffffb)
[0m
[0;32mI (37195) mbedtls: ssl_msg.c:2341 <= fetch input
[0m
D (37201) mbedtls: ssl_msg.c:3966 input record: msgtype = 20, version = [0x303], msglen = 1
[0m
[0;32mI (37209) mbedtls: ssl_msg.c:2156 => fetch input
[0m
[0;32mI (37215) mbedtls: ssl_msg.c:2296 in_left: 5, nb_want: 6
[0m
[0;32mI (37221) mbedtls: ssl_msg.c:2316 in_left: 5, nb_want: 6
[0m
[0;32mI (37227) mbedtls: ssl_msg.c:2319 ssl->f_recv(_timeout)() returned 1 (-0xffffffff)
[0m
[0;32mI (37235) mbedtls: ssl_msg.c:2341 <= fetch input
[0m
[0;32mI (37241) mbedtls: ssl_msg.c:4371 <= read record
[0m
D (37246) mbedtls: ssl_msg.c:5359 switching to new transform spec for inbound data
[0m
D (37254) mbedtls: ssl_misc.h:1353 handshake state: 12 (MBEDTLS_SSL_SERVER_CHANGE_CIPHER_SPEC) -> 13 (MBEDTLS_SSL_SERVER_FINISHED)
[0m
[0;32mI (37266) mbedtls: ssl_msg.c:5386 <= parse change cipher spec
[0m
[0;32mI (37273) mbedtls: ssl_msg.c:2354 => flush output
[0m
[0;32mI (37278) mbedtls: ssl_msg.c:2363 <= flush output
[0m
[0;32mI (37284) mbedtls: ssl_tls.c:4592 client state: MBEDTLS_SSL_SERVER_FINISHED
[0m
[0;32mI (37292) mbedtls: ssl_tls.c:8488 => parse finished
[0m
[0;32mI (37297) mbedtls: ssl_tls.c:8206 => calc finished tls
[0m
D (37304) mbedtls: ssl_tls.c:8233 dumping 'calc finished result' (12 bytes)
[0m
D (37311) mbedtls: ssl_tls.c:8233 0000:  c7 15 77 5c 56 fe 18 b7 d5 4e a5 d6              ..w\V....N..
[0m
[0;32mI (37320) mbedtls: ssl_tls.c:8237 <= calc finished
[0m
[0;32mI (37326) mbedtls: ssl_msg.c:4299 => read record
[0m
[0;32mI (37331) mbedtls: ssl_msg.c:2156 => fetch input
[0m
[0;32mI (37337) mbedtls: ssl_msg.c:2296 in_left: 0, nb_want: 5
[0m
[0;32mI (37343) mbedtls: ssl_msg.c:2316 in_left: 0, nb_want: 5
[0m
[0;32mI (37349) mbedtls: ssl_msg.c:2319 ssl->f_recv(_timeout)() returned 5 (-0xfffffffb)
[0m
[0;32mI (37357) mbedtls: ssl_msg.c:2341 <= fetch input
[0m
D (37363) mbedtls: ssl_msg.c:3966 input record: msgtype = 22, version = [0x303], msglen = 40
[0m
[0;32mI (37371) mbedtls: ssl_msg.c:2156 => fetch input
[0m
[0;32mI (37377) mbedtls: ssl_msg.c:2296 in_left: 5, nb_want: 45
[0m
[0;32mI (37383) mbedtls: ssl_msg.c:2316 in_left: 5, nb_want: 45
[0m
[0;32mI (37389) mbedtls: ssl_msg.c:2319 ssl->f_recv(_timeout)() returned 40 (-0xffffffd8)
[0m
[0;32mI (37398) mbedtls: ssl_msg.c:2341 <= fetch input
[0m
[0;32mI (37404) mbedtls: ssl_msg.c:1511 => decrypt buf
[0m
[0;32mI (37410) mbedtls: ssl_msg.c:2122 <= decrypt buf
[0m
D (37415) mbedtls: ssl_msg.c:3239 handshake message: msglen = 16, type = 20, hslen = 16
[0m
D (37423) mbedtls: ssl_msg.c:3328 sole handshake fragment: 16, 0..16 of 16
[0m
[0;32mI (37430) mbedtls: ssl_msg.c:4371 <= read record
[0m
D (37435) mbedtls: ssl_misc.h:1353 handshake state: 13 (MBEDTLS_SSL_SERVER_FINISHED) -> 14 (MBEDTLS_SSL_FLUSH_BUFFERS)
[0m
[0;32mI (37446) mbedtls: ssl_tls.c:8559 <= parse finished
[0m
[0;32mI (37452) mbedtls: ssl_msg.c:2354 => flush output
[0m
[0;32mI (37457) mbedtls: ssl_msg.c:2363 <= flush output
[0m
[0;32mI (37463) mbedtls: ssl_tls.c:4592 client state: MBEDTLS_SSL_FLUSH_BUFFERS
[0m
[0;32mI (37471) mbedtls: ssl_tls12_client.c:3587 handshake: done
[0m
D (37477) mbedtls: ssl_misc.h:1353 handshake state: 14 (MBEDTLS_SSL_FLUSH_BUFFERS) -> 15 (MBEDTLS_SSL_HANDSHAKE_WRAPUP)
[0m
[0;32mI (37488) mbedtls: ssl_msg.c:2354 => flush output
[0m
[0;32mI (37494) mbedtls: ssl_msg.c:2363 <= flush output
[0m
[0;32mI (37499) mbedtls: ssl_tls.c:4592 client state: MBEDTLS_SSL_HANDSHAKE_WRAPUP
[0m
D (37507) mbedtls: ssl_tls.c:8310 => handshake wrapup
[0m
D (37512) mbedtls: ssl_tls.c:8284 => handshake wrapup: final free
[0m
D (37519) mbedtls: ssl_tls.c:8303 <= handshake wrapup: final free
[0m
D (37525) mbedtls: ssl_misc.h:1353 handshake state: 15 (MBEDTLS_SSL_HANDSHAKE_WRAPUP) -> 27 (MBEDTLS_SSL_HANDSHAKE_OVER)
[0m
D (37536) mbedtls: ssl_tls.c:8364 <= handshake wrapup
[0m
[0;32mI (37541) mbedtls: ssl_tls.c:4684 <= handshake
[0m
[0;32mI (37547) clare_c6: probe3 task-context esp-tls rc=1[0m
D (37554) event: created event loop 0x4084f368[0m
[0;32mI (37557) clare_net: WS pre-start heap free8=27228 largest8=14592[0m
D (37565) event: running post WEBSOCKET_EVENTS:6 with handler 0x4200f084 and context 0x408681a4 on loop 0x4084f368[0m
D (37574) event: running post WEBSOCKET_EVENTS:5 with handler 0x4200f084 and context 0x408681a4 on loop 0x4084f368[0m
D (37585) esp-tls: host:clare.vinex.top: strlen 15[0m
D (37590) esp-tls: [sock=54] Resolved IPv4 address: 172.67.178.147[0m
D (37596) esp-tls: [sock=54] Connecting to server. HOST: clare.vinex.top, Port: 443[0m
[0;32mI (37605) websocket_client: Started[0m
[0;33mW (37874) mbedtls: ssl_tls.c:1402 alloc(8525 bytes) failed
[0m
[0;31mE (37875) esp-tls-mbedtls: mbedtls_ssl_setup returned -0x7F00[0m
[0;32mI (37878) esp-tls-mbedtls: (FFFF8100): SSL - Memory allocation failed[0m
[0;31mE (37884) esp-tls: create_ssl_handle failed[0m
[0;31mE (37888) esp-tls: Failed to open new connection[0m
[0;31mE (37893) transport_base: Failed to open a new connection[0m
[0;31mE (37901) transport_ws: Error connecting to host clare.vinex.top:443[0m
[0;31mE (37907) websocket_client: esp_transport_connect() failed with -1, transport_error=ESP_ERR_MBEDTLS_SSL_SETUP_FAILED, tls_error_code=32512, tls_flags=0, esp_ws_handshake_status_code=0, errno=119[0m
D (37925) event: running post WEBSOCKET_EVENTS:0 with handler 0x4200f084 and context 0x408681a4 on loop 0x4084f368[0m
[0;33mW (37935) clare_net: WS ERR heap free8=25336 largest8=10240[0m
[0;33mW (37941) clare_net: WS ERR detail kind=0 stack_err=0x4206683e flags=0x4214da00 type=0 errno=37907[0m
[0;33mW (37951) clare_net: WebSocket error kind=0 err=1082456268 status=0[0m
[0;32mI (37958) clare_c6: Network error - check Wi-Fi/API[0m
D (37963) event: running post WEBSOCKET_EVENTS:2 with handler 0x4200f084 and context 0x408681a4 on loop 0x4084f368[0m
[0;32mI (37974) clare_net: WebSocket disconnected kind=0 event=2 close=0 type=1 errno=0[0m
D (37982) event: running post WEBSOCKET_EVENTS:7 with handler 0x4200f084 and context 0x408681a4 on loop 0x4084f368[0m
[0;33mW (37996) clare_net: WebSocket connect timeout kind=0 bits=0x2[0m
[0;33mW (37999) websocket_client: Client was not started[0m
D (38004) event: deleting loop 0x4084f368[0m
[0;32mI (38108) clare_c6: Boot network self-test transcribe err=-1[0m
D (38108) event: created event loop 0x4084ffd4[0m
[0;32mI (38109) clare_net: WS pre-start heap free8=37724 largest8=14592[0m
D (38115) event: running post WEBSOCKET_EVENTS:6 with handler 0x4200f084 and context 0x4084f140 on loop 0x4084ffd4[0m
D (38125) event: running post WEBSOCKET_EVENTS:5 with handler 0x4200f084 and context 0x4084f140 on loop 0x4084ffd4[0m
D (38135) esp-tls: host:clare.vinex.top: strlen 15[0m
D (38140) esp-tls: [sock=54] Resolved IPv4 address: 172.67.178.147[0m
D (38146) esp-tls: [sock=54] Connecting to server. HOST: clare.vinex.top, Port: 443[0m
[0;32mI (38155) websocket_client: Started[0m
D (38517) esp-tls: handshake in progress...[0m
[0;32mI (38517) mbedtls: ssl_tls.c:4673 => handshake
[0m
[0;32mI (38518) mbedtls: ssl_msg.c:2354 => flush output
[0m
[0;32mI (38521) mbedtls: ssl_msg.c:2363 <= flush output
[0m
[0;32mI (38527) mbedtls: ssl_tls.c:4592 client state: MBEDTLS_SSL_HELLO_REQUEST
[0m
D (38534) mbedtls: ssl_misc.h:1353 handshake state: 0 (MBEDTLS_SSL_HELLO_REQUEST) -> 1 (MBEDTLS_SSL_CLIENT_HELLO)
[0m
[0;32mI (38545) mbedtls: ssl_msg.c:2354 => flush output
[0m
[0;32mI (38550) mbedtls: ssl_msg.c:2363 <= flush output
[0m
[0;32mI (38556) mbedtls: ssl_tls.c:4592 client state: MBEDTLS_SSL_CLIENT_HELLO
[0m
[0;32mI (38564) mbedtls: ssl_client.c:921 => write client hello
[0m
D (38570) mbedtls: ssl_client.c:724 client hello, current time: 16589
[0m
D (38577) mbedtls: ssl_client.c:487 dumping 'client hello, random bytes' (32 bytes)
[0m
D (38584) mbedtls: ssl_client.c:487 0000:  00 00 40 cd d4 53 d3 47 4a a6 f1 d5 dd 25 04 f2  ..@..S.GJ....%..
[0m
D (38595) mbedtls: ssl_client.c:487 0010:  e6 13 1a 85 f0 6d 7f 45 24 e9 59 3e a0 81 35 a6  .....m.E$.Y>..5.
[0m
D (38605) mbedtls: ssl_client.c:512 dumping 'session id' (0 bytes)
[0m
D (38611) mbedtls: ssl_client.c:370 client hello, add ciphersuite: c02c, TLS-ECDHE-ECDSA-WITH-AES-256-GCM-SHA384
[0m
D (38621) mbedtls: ssl_client.c:370 client hello, add ciphersuite: c030, TLS-ECDHE-RSA-WITH-AES-256-GCM-SHA384
[0m
D (38632) mbedtls: ssl_client.c:370 client hello, add ciphersuite: c0ad, TLS-ECDHE-ECDSA-WITH-AES-256-CCM
[0m
D (38641) mbedtls: ssl_client.c:370 client hello, add ciphersuite: c024, TLS-ECDHE-ECDSA-WITH-AES-256-CBC-SHA384
[0m
D (38652) mbedtls: ssl_client.c:370 client hello, add ciphersuite: c028, TLS-ECDHE-RSA-WITH-AES-256-CBC-SHA384
[0m
D (38662) mbedtls: ssl_client.c:370 client hello, add ciphersuite: c00a, TLS-ECDHE-ECDSA-WITH-AES-256-CBC-SHA
[0m
D (38672) mbedtls: ssl_client.c:370 client hello, add ciphersuite: c014, TLS-ECDHE-RSA-WITH-AES-256-CBC-SHA
[0m
D (38682) mbedtls: ssl_client.c:370 client hello, add ciphersuite: c0af, TLS-ECDHE-ECDSA-WITH-AES-256-CCM-8
[0m
D (38692) mbedtls: ssl_client.c:370 client hello, add ciphersuite: c05d, TLS-ECDHE-ECDSA-WITH-ARIA-256-GCM-SHA384
[0m
D (38703) mbedtls: ssl_client.c:370 client hello, add ciphersuite: c061, TLS-ECDHE-RSA-WITH-ARIA-256-GCM-SHA384
[0m
D (38713) mbedtls: ssl_client.c:370 client hello, add ciphersuite: c049, TLS-ECDHE-ECDSA-WITH-ARIA-256-CBC-SHA384
[0m
D (38723) mbedtls: ssl_client.c:370 client hello, add ciphersuite: c04d, TLS-ECDHE-RSA-WITH-ARIA-256-CBC-SHA384
[0m
D (38734) mbedtls: ssl_client.c:370 client hello, add ciphersuite: c02b, TLS-ECDHE-ECDSA-WITH-AES-128-GCM-SHA256
[0m
D (38744) mbedtls: ssl_client.c:370 client hello, add ciphersuite: c02f, TLS-ECDHE-RSA-WITH-AES-128-GCM-SHA256
[0m
D (38754) mbedtls: ssl_client.c:370 client hello, add ciphersuite: c0ac, TLS-ECDHE-ECDSA-WITH-AES-128-CCM
[0m
D (38764) mbedtls: ssl_client.c:370 client hello, add ciphersuite: c023, TLS-ECDHE-ECDSA-WITH-AES-128-CBC-SHA256
[0m
D (38775) mbedtls: ssl_client.c:370 client hello, add ciphersuite: c027, TLS-ECDHE-RSA-WITH-AES-128-CBC-SHA256
[0m
D (38785) mbedtls: ssl_client.c:370 client hello, add ciphersuite: c009, TLS-ECDHE-ECDSA-WITH-AES-128-CBC-SHA
[0m
D (38795) mbedtls: ssl_client.c:370 client hello, add ciphersuite: c013, TLS-ECDHE-RSA-WITH-AES-128-CBC-SHA
[0m
D (38805) mbedtls: ssl_client.c:370 client hello, add ciphersuite: c0ae, TLS-ECDHE-ECDSA-WITH-AES-128-CCM-8
[0m
D (38815) mbedtls: ssl_client.c:370 client hello, add ciphersuite: c05c, TLS-ECDHE-ECDSA-WITH-ARIA-128-GCM-SHA256
[0m
D (38826) mbedtls: ssl_client.c:370 client hello, add ciphersuite: c060, TLS-ECDHE-RSA-WITH-ARIA-128-GCM-SHA256
[0m
D (38836) mbedtls: ssl_client.c:370 client hello, add ciphersuite: c048, TLS-ECDHE-ECDSA-WITH-ARIA-128-CBC-SHA256
[0m
D (38846) mbedtls: ssl_client.c:370 client hello, add ciphersuite: c04c, TLS-ECDHE-RSA-WITH-ARIA-128-CBC-SHA256
[0m
D (38857) mbedtls: ssl_client.c:370 client hello, add ciphersuite: 009d, TLS-RSA-WITH-AES-256-GCM-SHA384
[0m
D (38866) mbedtls: ssl_client.c:370 client hello, add ciphersuite: c09d, TLS-RSA-WITH-AES-256-CCM
[0m
D (38876) mbedtls: ssl_client.c:370 client hello, add ciphersuite: 003d, TLS-RSA-WITH-AES-256-CBC-SHA256
[0m
D (38885) mbedtls: ssl_client.c:370 client hello, add ciphersuite: 0035, TLS-RSA-WITH-AES-256-CBC-SHA
[0m
D (38895) mbedtls: ssl_client.c:370 client hello, add ciphersuite: c032, TLS-ECDH-RSA-WITH-AES-256-GCM-SHA384
[0m
D (38905) mbedtls: ssl_client.c:370 client hello, add ciphersuite: c02a, TLS-ECDH-RSA-WITH-AES-256-CBC-SHA384
[0m
D (38915) mbedtls: ssl_client.c:370 client hello, add ciphersuite: c00f, TLS-ECDH-RSA-WITH-AES-256-CBC-SHA
[0m
D (38925) mbedtls: ssl_client.c:370 client hello, add ciphersuite: c02e, TLS-ECDH-ECDSA-WITH-AES-256-GCM-SHA384
[0m
D (38935) mbedtls: ssl_client.c:370 client hello, add ciphersuite: c026, TLS-ECDH-ECDSA-WITH-AES-256-CBC-SHA384
[0m
D (38946) mbedtls: ssl_client.c:370 client hello, add ciphersuite: c005, TLS-ECDH-ECDSA-WITH-AES-256-CBC-SHA
[0m
D (38956) mbedtls: ssl_client.c:370 client hello, add ciphersuite: c0a1, TLS-RSA-WITH-AES-256-CCM-8
[0m
D (38965) mbedtls: ssl_client.c:370 client hello, add ciphersuite: c05f, TLS-ECDH-ECDSA-WITH-ARIA-256-GCM-SHA384
[0m
D (38975) mbedtls: ssl_client.c:370 client hello, add ciphersuite: c063, TLS-ECDH-RSA-WITH-ARIA-256-GCM-SHA384
[0m
D (38986) mbedtls: ssl_client.c:370 client hello, add ciphersuite: c051, TLS-RSA-WITH-ARIA-256-GCM-SHA384
[0m
D (38995) mbedtls: ssl_client.c:370 client hello, add ciphersuite: c04b, TLS-ECDH-ECDSA-WITH-ARIA-256-CBC-SHA384
[0m
D (39006) mbedtls: ssl_client.c:370 client hello, add ciphersuite: c04f, TLS-ECDH-RSA-WITH-ARIA-256-CBC-SHA384
[0m
D (39016) mbedtls: ssl_client.c:370 client hello, add ciphersuite: c03d, TLS-RSA-WITH-ARIA-256-CBC-SHA384
[0m
D (39026) mbedtls: ssl_client.c:370 client hello, add ciphersuite: 009c, TLS-RSA-WITH-AES-128-GCM-SHA256
[0m
D (39036) mbedtls: ssl_client.c:370 client hello, add ciphersuite: c09c, TLS-RSA-WITH-AES-128-CCM
[0m
D (39045) mbedtls: ssl_client.c:370 client hello, add ciphersuite: 003c, TLS-RSA-WITH-AES-128-CBC-SHA256
[0m
D (39054) mbedtls: ssl_client.c:370 client hello, add ciphersuite: 002f, TLS-RSA-WITH-AES-128-CBC-SHA
[0m
D (39064) mbedtls: ssl_client.c:370 client hello, add ciphersuite: c031, TLS-ECDH-RSA-WITH-AES-128-GCM-SHA256
[0m
D (39074) mbedtls: ssl_client.c:370 client hello, add ciphersuite: c029, TLS-ECDH-RSA-WITH-AES-128-CBC-SHA256
[0m
D (39084) mbedtls: ssl_client.c:370 client hello, add ciphersuite: c00e, TLS-ECDH-RSA-WITH-AES-128-CBC-SHA
[0m
D (39094) mbedtls: ssl_client.c:370 client hello, add ciphersuite: c02d, TLS-ECDH-ECDSA-WITH-AES-128-GCM-SHA256
[0m
D (39104) mbedtls: ssl_client.c:370 client hello, add ciphersuite: c025, TLS-ECDH-ECDSA-WITH-AES-128-CBC-SHA256
[0m
D (39115) mbedtls: ssl_client.c:370 client hello, add ciphersuite: c004, TLS-ECDH-ECDSA-WITH-AES-128-CBC-SHA
[0m
D (39125) mbedtls: ssl_client.c:370 client hello, add ciphersuite: c0a0, TLS-RSA-WITH-AES-128-CCM-8
[0m
D (39134) mbedtls: ssl_client.c:370 client hello, add ciphersuite: c05e, TLS-ECDH-ECDSA-WITH-ARIA-128-GCM-SHA256
[0m
D (39145) mbedtls: ssl_client.c:370 client hello, add ciphersuite: c062, TLS-ECDH-RSA-WITH-ARIA-128-GCM-SHA256
[0m
D (39155) mbedtls: ssl_client.c:370 client hello, add ciphersuite: c050, TLS-RSA-WITH-ARIA-128-GCM-SHA256
[0m
D (39165) mbedtls: ssl_client.c:370 client hello, add ciphersuite: c04a, TLS-ECDH-ECDSA-WITH-ARIA-128-CBC-SHA256
[0m
D (39175) mbedtls: ssl_client.c:370 client hello, add ciphersuite: c04e, TLS-ECDH-RSA-WITH-ARIA-128-CBC-SHA256
[0m
D (39185) mbedtls: ssl_client.c:370 client hello, add ciphersuite: c03c, TLS-RSA-WITH-ARIA-128-CBC-SHA256
[0m
D (39195) mbedtls: ssl_client.c:388 adding EMPTY_RENEGOTIATION_INFO_SCSV
[0m
D (39202) mbedtls: ssl_client.c:397 client hello, got 59 cipher suites
[0m
D (39209) mbedtls: ssl_client.c:41 client hello, adding server name extension: clare.vinex.top
[0m
D (39218) mbedtls: ssl_client.c:231 client hello, adding supported_groups extension
[0m
D (39226) mbedtls: ssl_client.c:250 got supported group(001d)
[0m
D (39232) mbedtls: ssl_client.c:282 NamedGroup: x25519 ( 1d )
[0m
D (39237) mbedtls: ssl_client.c:250 got supported group(0017)
[0m
D (39243) mbedtls: ssl_client.c:282 NamedGroup: secp256r1 ( 17 )
[0m
D (39250) mbedtls: ssl_client.c:250 got supported group(0018)
[0m
D (39256) mbedtls: ssl_client.c:282 NamedGroup: secp384r1 ( 18 )
[0m
D (39262) mbedtls: ssl_client.c:250 got supported group(0019)
[0m
D (39268) mbedtls: ssl_client.c:282 NamedGroup: secp521r1 ( 19 )
[0m
D (39274) mbedtls: ssl_client.c:250 got supported group(001a)
[0m
D (39280) mbedtls: ssl_client.c:282 NamedGroup: bp256r1 ( 1a )
[0m
D (39286) mbedtls: ssl_client.c:250 got supported group(001b)
[0m
D (39292) mbedtls: ssl_client.c:282 NamedGroup: bp384r1 ( 1b )
[0m
D (39298) mbedtls: ssl_client.c:250 got supported group(001c)
[0m
D (39304) mbedtls: ssl_client.c:282 NamedGroup: bp512r1 ( 1c )
[0m
D (39311) mbedtls: ssl_client.c:302 dumping 'Supported groups extension' (16 bytes)
[0m
D (39318) mbedtls: ssl_client.c:302 0000:  00 0e 00 1d 00 17 00 18 00 19 00 1a 00 1b 00 1c  ................
[0m
D (39328) mbedtls: ssl_tls.c:9437 adding signature_algorithms extension
[0m
D (39335) mbedtls: ssl_tls.c:9457 got signature scheme [603] ecdsa_secp521r1_sha512
[0m
D (39343) mbedtls: ssl_tls.c:9466 sent signature scheme [603] ecdsa_secp521r1_sha512
[0m
D (39351) mbedtls: ssl_tls.c:9457 got signature scheme [806] rsa_pss_rsae_sha512
[0m
D (39359) mbedtls: ssl_tls.c:9457 got signature scheme [601] rsa_pkcs1_sha512
[0m
D (39366) mbedtls: ssl_tls.c:9466 sent signature scheme [601] rsa_pkcs1_sha512
[0m
D (39374) mbedtls: ssl_tls.c:9457 got signature scheme [503] ecdsa_secp384r1_sha384
[0m
D (39381) mbedtls: ssl_tls.c:9466 sent signature scheme [503] ecdsa_secp384r1_sha384
[0m
D (39389) mbedtls: ssl_tls.c:9457 got signature scheme [805] rsa_pss_rsae_sha384
[0m
D (39397) mbedtls: ssl_tls.c:9457 got signature scheme [501] rsa_pkcs1_sha384
[0m
D (39404) mbedtls: ssl_tls.c:9466 sent signature scheme [501] rsa_pkcs1_sha384
[0m
D (39412) mbedtls: ssl_tls.c:9457 got signature scheme [403] ecdsa_secp256r1_sha256
[0m
D (39420) mbedtls: ssl_tls.c:9466 sent signature scheme [403] ecdsa_secp256r1_sha256
[0m
D (39428) mbedtls: ssl_tls.c:9457 got signature scheme [804] rsa_pss_rsae_sha256
[0m
D (39435) mbedtls: ssl_tls.c:9457 got signature scheme [401] rsa_pkcs1_sha256
[0m
D (39443) mbedtls: ssl_tls.c:9466 sent signature scheme [401] rsa_pkcs1_sha256
[0m
D (39450) mbedtls: ssl_tls12_client.c:105 client hello, adding supported_point_formats extension
[0m
D (39459) mbedtls: ssl_tls12_client.c:306 client hello, adding encrypt_then_mac extension
[0m
D (39468) mbedtls: ssl_tls12_client.c:338 client hello, adding extended_master_secret extension
[0m
D (39477) mbedtls: ssl_tls12_client.c:372 client hello, adding session ticket extension
[0m
D (39485) mbedtls: ssl_client.c:689 client hello, total extension length: 80
[0m
D (39492) mbedtls: ssl_client.c:691 dumping 'client hello extensions' (80 bytes)
[0m
D (39500) mbedtls: ssl_client.c:691 0000:  00 50 00 00 00 14 00 12 00 00 0f 63 6c 61 72 65  .P.........clare
[0m
D (39510) mbedtls: ssl_client.c:691 0010:  2e 76 69 6e 65 78 2e 74 6f 70 00 0a 00 10 00 0e  .vinex.top......
[0m
D (39520) mbedtls: ssl_client.c:691 0020:  00 1d 00 17 00 18 00 19 00 1a 00 1b 00 1c 00 0d  ................
[0m
D (39530) mbedtls: ssl_client.c:691 0030:  00 0e 00 0c 06 03 06 01 05 03 05 01 04 03 04 01  ................
[0m
D (39540) mbedtls: ssl_client.c:691 0040:  00 0b 00 02 01 00 00 16 00 00 00 17 00 00 00 23  ...............#
[0m
[0;32mI (39551) mbedtls: ssl_msg.c:2784 => write handshake message
[0m
[0;32mI (39557) mbedtls: ssl_msg.c:2944 => write record
[0m
D (39562) mbedtls: ssl_msg.c:3028 output record: msgtype = 22, version = [3:3], msglen = 243
[0m
[0;32mI (39573) mbedtls: ssl_msg.c:3081 <= write record
[0m
[0;32mI (39577) mbedtls: ssl_msg.c:2905 <= write handshake message
[0m
D (39583) mbedtls: ssl_misc.h:1353 handshake state: 1 (MBEDTLS_SSL_CLIENT_HELLO) -> 2 (MBEDTLS_SSL_SERVER_HELLO)
[0m
[0;32mI (39593) mbedtls: ssl_client.c:1014 <= write client hello
[0m
[0;32mI (39600) mbedtls: ssl_msg.c:2354 => flush output
[0m
[0;32mI (39605) mbedtls: ssl_msg.c:2368 message length: 248, out_left: 248
[0m
[0;32mI (39613) mbedtls: ssl_msg.c:2375 ssl->f_send() returned 248 (-0xffffff08)
[0m
[0;32mI (39620) mbedtls: ssl_msg.c:2402 <= flush output
[0m
[0;32mI (39626) mbedtls: ssl_tls.c:4592 client state: MBEDTLS_SSL_SERVER_HELLO
[0m
[0;32mI (39633) mbedtls: ssl_tls12_client.c:1195 => parse server hello
[0m
[0;32mI (39640) mbedtls: ssl_msg.c:4299 => read record
[0m
[0;32mI (39646) mbedtls: ssl_msg.c:2156 => fetch input
[0m
[0;32mI (39651) mbedtls: ssl_msg.c:2296 in_left: 0, nb_want: 5
[0m
