
I (78) boot: End of partition table
I (81) esp_image: segment 0: paddr=00010020 vaddr=42140020 size=94588h (607624) map
I (202) esp_image: segment 1: paddr=000a45b0 vaddr=40800000 size=0ba68h ( 47720) load
I (213) esp_image: segment 2: paddr=000b0020 vaddr=42000020 size=137c78h (1277048) map
I (453) esp_image: segment 3: paddr=001e7ca0 vaddr=4080ba68 size=31668h (202344) load
I (511) boot: Loaded app from partition at offset 0x10000
I (511) boot: Disabling RNG early entropy source...
[0;32mI (521) cpu_start: Unicore app[0m
D (521) cpu_start: Pro cpu up[0m
D (529) clk: RTC_SLOW_CLK calibration value: 3792307[0m
[0;32mI (535) cpu_start: GPIO 17 and 16 are used as console UART I/O pins[0m
D (535) cpu_start: calling init function: 0x420001f0 on core: 0[0m
D (536) cpu_start: calling init function: 0x42000868 on core: 0[0m
[0;32mI (542) cpu_start: Pro cpu start user code[0m
[0;32mI (547) cpu_start: cpu freq: 160000000 Hz[0m
D (552) cpu_start: calling init function: 0x42000076 on core: 0[0m
[0;32mI (558) app_init: Application information:[0m
[0;32mI (563) app_init: Project name:     Clare_C6[0m
[0;32mI (567) app_init: App version:      3e09a44-dirty[0m
[0;32mI (573) app_init: Compile time:     Aug 28 2026 15:48:08[0m
[0;32mI (579) app_init: ELF file SHA256:  bf80245b62380611...[0m
[0;32mI (585) app_init: ESP-IDF:          v5.5.3[0m
D (590) cpu_start: calling init function: 0x42000200 on core: 0[0m
[0;32mI (596) efuse_init: Min chip rev:     v0.0[0m
[0;32mI (600) efuse_init: Max chip rev:     v0.99 [0m
[0;32mI (605) efuse_init: Chip rev:         v0.2[0m
D (610) cpu_start: calling init function: 0x42002508 on core: 0[0m
D (616) memory_layout: Checking 5 reserved memory ranges:[0m
D (621) memory_layout: Reserved memory range 0x40800000 - 0x408390e0[0m
D (628) memory_layout: Reserved memory range 0x408390e0 - 0x4084ca30[0m
D (634) memory_layout: Reserved memory range 0x4087f564 - 0x40880000[0m
D (641) memory_layout: Reserved memory range 0x50000000 - 0x50000000[0m
D (647) memory_layout: Reserved memory range 0x50003fe8 - 0x50004000[0m
D (654) memory_layout: Building list of available memory regions:[0m
D (660) memory_layout: Available memory region 0x4084ca30 - 0x40860000[0m
D (666) memory_layout: Available memory region 0x40860000 - 0x4087c610[0m
D (673) memory_layout: Available memory region 0x4087c610 - 0x4087f564[0m
D (680) memory_layout: Available memory region 0x50000000 - 0x50003fe8[0m
[0;32mI (686) heap_init: Initializing. RAM available for dynamic allocation:[0m
D (693) heap_init: New heap initialised at 0x4084ca30[0m
[0;32mI (698) heap_init: At 4084CA30 len 0002FBE0 (190 KiB): RAM[0m
[0;32mI (705) heap_init: At 4087C610 len 00002F54 (11 KiB): RAM[0m
D (711) heap_init: New heap initialised at 0x50000000[0m
[0;32mI (716) heap_init: At 50000000 len 00003FE8 (15 KiB): RTCRAM[0m
D (722) cpu_start: calling init function: 0x42007234 on core: 0[0m
D (728) cpu_start: calling init function: 0x42006800 on core: 0[0m
D (734) cpu_start: calling init function: 0x420008fa on core: 0[0m
D (740) intr_alloc: Connected src 15 to int 2 (cpu 0)[0m
D (745) cpu_start: calling init function: 0x4200091c on core: 0[0m
D (751) cpu_start: calling init function: 0x42008174 on core: 0[0m
D (757) cpu_start: calling init function: 0x420097f2 on core: 0[0m
D (763) cpu_start: calling init function: 0x4200bd5e on core: 0[0m
D (769) cpu_start: calling init function: 0x42009f4e on core: 0[0m
D (775) cpu_start: calling init function: 0x4200680e on core: 0[0m
D (781) cpu_start: calling init function: 0x4200097a on core: 0[0m
D (787) spi_flash: trying chip: gd[0m
D (791) spi_flash: trying chip: generic[0m
[0;32mI (795) spi_flash: detected chip: generic[0m
[0;32mI (799) spi_flash: flash io: dio[0m
D (803) cpu_start: calling init function: 0x420001ec on core: 0[0m
D (844) intr_alloc: Connected src 50 to int 5 (cpu 0)[0m
D (859) cpu_start: calling init function: 0x4207b1d2 on core: 0[0m
D (865) intr_alloc: Connected src 59 to int 8 (cpu 0)[0m
D (870) cpu_start: calling init function: 0x420019c8 on core: 0[0m
D (876) cpu_start: calling init function: 0x4207a3b8 on core: 0[0m
D (882) cpu_start: calling init function: 0x420028f6 on core: 0[0m
D (888) cpu_start: calling init function: 0x420034aa on core: 0[0m
[0;32mI (894) sleep_gpio: Configure to isolate all GPIO pins in sleep state[0m
[0;32mI (902) sleep_gpio: Enable automatic switching of GPIO sleep configuration[0m
D (909) cpu_start: calling init function: 0x421359ce on core: 0[0m
D (915) cpu_start: calling init function: 0x4200092c on core: 0[0m
D (931) cpu_start: calling init function: 0x4200941a on core: 0[0m
D (937) cpu_start: calling init function: 0x42000944 on core: 0[0m
D (943) intr_alloc: Connected src 22 to int 9 (cpu 0)[0m
D (948) app_start: Starting scheduler on CPU0[0m
D (953) intr_alloc: Connected src 57 to int 10 (cpu 0)[0m
[0;32mI (953) main_task: Started on CPU0[0m
D (957) heap_init: New heap initialised at 0x4087c610[0m
D (962) intr_alloc: Connected src 53 to int 11 (cpu 0)[0m
[0;32mI (967) main_task: Calling app_main()[0m
[0;32mI (971) clare_c6: Clare C6 starting[0m
[0;32mI (987) axp2101: Init PMU SUCCESS![0m
[0;32mI (992) DisplayPort: SPI BUS init[0m
D (993) spi: SPI2 use gpio matrix.[0m
[0;32mI (993) DisplayPort: Install panel IO[0m
D (993) intr_alloc: Connected src 72 to int 12 (cpu 0)[0m
D (998) spi_hal: eff: 40000, limit: 80000k(/0), 0 dummy, -1 delay[0m
D (1004) spi_master: SPI2: New device added to CS0, effective clock: 40000000 Hz[0m
D (1012) lcd_panel.io.spi: new spi lcd panel io @0x4087d924, max_trans_bytes: 32768[0m
D (1020) sh8601: new sh8601 panel @0x4087dc38[0m
[0;32mI (1024) sh8601: LCD panel create success, version: 1.0.0[0m
D (1331) spi_master: device0 locked the bus[0m
D (1331) spi_master: device0 release bus[0m
D (1331) spi_master: device0 locked the bus[0m
D (1332) spi_master: device0 release bus[0m
D (1336) spi_master: device0 locked the bus[0m
D (1340) spi_master: device0 release bus[0m
D (1944) spi_master: device0 locked the bus[0m
D (1944) spi_master: device0 release bus[0m
D (1944) spi_master: device0 locked the bus[0m
D (1945) spi_master: device0 release bus[0m
D (1949) spi_master: device0 locked the bus[0m
D (1953) spi_master: device0 release bus[0m
D (1957) spi_master: device0 locked the bus[0m
D (1961) spi_master: device0 release bus[0m
D (1965) spi_master: device0 locked the bus[0m
D (1970) spi_master: device0 release bus[0m
[0;33mW (1974) sh8601: The 3Ah command has been used and will be overwritten by external initialization sequence[0m
D (1984) spi_master: device0 locked the bus[0m
D (1988) spi_master: device0 release bus[0m
D (1992) spi_master: device0 locked the bus[0m
D (1997) spi_master: device0 release bus[0m
[0;33mW (2001) sh8601: The 36h command has been used and will be overwritten by external initialization sequence[0m
D (2011) spi_master: device0 locked the bus[0m
D (2015) spi_master: device0 release bus[0m
D (2019) spi_master: device0 locked the bus[0m
D (2023) spi_master: device0 release bus[0m
D (2027) spi_master: device0 locked the bus[0m
D (2032) spi_master: device0 release bus[0m
D (2036) spi_master: device0 locked the bus[0m
D (2040) spi_master: device0 release bus[0m
D (2044) spi_master: device0 locked the bus[0m
D (2048) spi_master: device0 release bus[0m
D (2052) spi_master: device0 locked the bus[0m
D (2056) spi_master: device0 release bus[0m
D (2060) spi_master: device0 locked the bus[0m
D (2065) spi_master: device0 release bus[0m
D (2169) sh8601: send init commands success[0m
D (2169) lcd_panel.io.i2c: new i2c lcd panel io @0x4087dc88[0m
D (2169) gpio: GPIO[5]| InputEn: 1| OutputEn: 0| OpenDrain: 0| Pullup: 0| Pulldown: 0| Intr:2 [0m
D (2176) gpio: GPIO[11]| InputEn: 0| OutputEn: 1| OpenDrain: 0| Pullup: 0| Pulldown: 0| Intr:0 [0m
[0;32mI (2259) CST9217: Checkcode: 0x204ECACA[0m
[0;32mI (2261) CST9217: Resolution X: 480, Y: 480[0m
[0;32mI (2263) CST9217: Chip Type: 0x9220, ProjectID: 0x542F[0m
[0;32mI (2263) esp_lvgl:adapter: LVGL adapter initialized successfully[0m
D (2273) esp_lvgl:bridge: Calculated frame_buffer_size: 460800 bytes (230400x16 pixels, 18 bpp)[0m
D (2279) intr_alloc: Connected src 30 to int 13 (cpu 0)[0m
D (2284) esp_lvgl:touch: Touch interrupt mode enabled on GPIO 5[0m
D (2290) esp_lvgl:adapter: Input device registered (type=0)[0m
[0;32mI (2295) esp_lvgl:touch: Touch input device registered successfully (IRQ mode: enabled)[0m
D (2306) spi_master: device0 locked the bus[0m
D (2308) spi_master: device0 release bus[0m
D (2312) spi_master: device0 locked the bus[0m
D (2316) spi_master: device0 release bus[0m
D (2320) spi_master: device0 locked the bus[0m
[0;32mI (2325) esp_lvgl:adapter: LVGL task started successfully[0m
D (2326) spi_master: device0 release bus[0m
D (2336) spi_master: device0 locked the bus[0m
D (2339) spi_master: device0 release bus[0m
D (2343) spi_master: device0 locked the bus[0m
D (2347) spi_master: device0 release bus[0m
D (2351) spi_master: device0 locked the bus[0m
i2c: {sda: 8, scl: 7}
D (2357) spi_master: device0 release bus[0m
D (2363) spi_master: device0 locked the bus[0m
D (2366) spi_master: device0 release bus[0m
D (2370) spi_master: device0 locked the bus[0m
D (2374) spi_master: device0 release bus[0m
D (2378) spi_master: device0 locked the bus[0m
i2s: {mclk: 19, bclk: 20, ws: 22, din: 21, dout: 23}
D (2384) spi_master: device0 release bus[0m
D (2392) spi_master: device0 locked the bus[0m
D (2395) spi_master: device0 release bus[0m
D (2399) spi_master: device0 locked the bus[0m
D (2403) spi_master: device0 release bus[0m
D (2407) spi_master: device0 locked the bus[0m
out: {codec: ES8311, pa: -1, pa_gain: 6, use_mclk: 1, pa_gain: 6}
D (2413) spi_master: device0 release bus[0m
D (2423) spi_master: device0 locked the bus[0m
D (2426) spi_master: device0 release bus[0m
D (2430) spi_master: device0 locked the bus[0m
D (2434) spi_master: device0 release bus[0m
D (2438) spi_master: device0 locked the bus[0m
Codec 0 dir 2 type:1
D (2444) spi_master: device0 release bus[0m
D (2449) spi_master: device0 locked the bus[0m
D (2452) spi_master: device0 release bus[0m
D (2456) spi_master: device0 locked the bus[0m
D (2461) spi_master: device0 release bus[0m
D (2465) spi_master: device0 locked the bus[0m
in: {codec: ES7210}
D (2471) spi_master: device0 release bus[0m
D (2476) spi_master: device0 locked the bus[0m
D (2479) spi_master: device0 release bus[0m
D (2483) spi_master: device0 locked the bus[0m
D (2487) spi_master: device0 release bus[0m
D (2491) spi_master: device0 locked the bus[0m
Codec 1 dir 1 type:2
D (2497) spi_master: device0 release bus[0m
D (2502) spi_master: device0 locked the bus[0m
D (2506) spi_master: device0 release bus[0m
D (2510) spi_master: device0 locked the bus[0m
D (2514) spi_master: device0 release bus[0m
D (2518) spi_master: device0 locked the bus[0m
[0;32mI (2522) CODEC_INIT: in:1 out:1 port: 1[0m
D (2524) spi_master: device0 release bus[0m
D (2532) spi_master: device0 locked the bus[0m
D (2535) spi_master: device0 release bus[0m
D (2539) spi_master: device0 locked the bus[0m
D (2543) spi_master: device0 release bus[0m
D (2547) spi_master: device0 locked the bus[0m
[0;32mI (2551) CODEC_INIT: Success to int i2c: 0[0m
D (2553) spi_master: device0 release bus[0m
D (2561) spi_master: device0 locked the bus[0m
D (2564) spi_master: device0 release bus[0m
D (2568) spi_master: device0 locked the bus[0m
D (2573) spi_master: device0 release bus[0m
D (2577) spi_master: device0 locked the bus[0m
D (2581) spi_master: device0 release bus[0m
[0;32mI (2585) CODEC_INIT: Init i2s 0 type: 3 mclk:19 bclk:20 ws:22 din:21 dout:23[0m
D (2593) i2s_common: tx channel is registered on I2S0 successfully[0m
D (2599) i2s_common: rx channel is registered on I2S0 successfully[0m
[0;32mI (2605) CODEC_INIT: tx:0x4087e708 rx:0x4087e8c4[0m
D (2611) i2s_common: DMA malloc info: dma_desc_num = 6, dma_desc_buf_size = dma_frame_num * slot_num * data_bit_width = 3840[0m
[0;33mW (2622) i2s_tdm: the current mclk multiple is too small, adjust the mclk multiple to 384[0m
D (2631) i2s_tdm: Clock division info: [sclk] 160000000 Hz [mdiv] 26 1/24 [mclk] 6144000 Hz [bdiv] 3 [bclk] 2048000 Hz[0m
D (2642) i2s_common: MCLK is pinned to GPIO19 on I2S0[0m
D (2647) intr_alloc: Connected src 70 to int 14 (cpu 0)[0m
D (2652) i2s_tdm: The tx channel on I2S0 has been initialized to TDM mode successfully[0m
[0;32mI (2660) CODEC_INIT: output init tdm ret 0[0m
D (2665) i2s_common: DMA malloc info: dma_desc_num = 6, dma_desc_buf_size = dma_frame_num * slot_num * data_bit_width = 3840[0m
[0;33mW (2676) i2s_tdm: the current mclk multiple is too small, adjust the mclk multiple to 384[0m
D (2685) i2s_tdm: Clock division info: [sclk] 160000000 Hz [mdiv] 26 1/24 [mclk] 6144000 Hz [bdiv] 3 [bclk] 2048000 Hz[0m
D (2696) i2s_common: MCLK is pinned to GPIO19 on I2S0[0m
D (2701) intr_alloc: Connected src 67 to int 15 (cpu 0)[0m
D (2706) i2s_tdm: The rx channel on I2S0 has been initialized to TDM mode successfully[0m
[0;32mI (2714) CODEC_INIT: Input init tdm ret 0[0m
D (2718) i2s_common: i2s tx channel enabled[0m
D (2723) i2s_common: i2s rx channel enabled[0m
[0;32mI (2727) CODEC_INIT: Init i2s 0 ok[0m
[0;32mI (2731) CODEC_INIT: Success to init i2s: 0[0m
[0;32mI (2736) CODEC_INIT: Success to int i2c: 0[0m
[0;32mI (2741) CODEC_INIT: Success to init i2s: 0[0m
[0;32mI (2746) CODEC_INIT: Get out handle 0x4087e708 port 0[0m
[0;32mI (2756) ES8311: Work in Slave mode[0m
[0;32mI (2762) ES7210: Work in Slave mode[0m
[0;32mI (2768) ES7210: Enable ES7210_INPUT_MIC1[0m
[0;32mI (2771) ES7210: Enable ES7210_INPUT_MIC2[0m
[0;32mI (2774) ES7210: Enable ES7210_INPUT_MIC3[0m
[0;32mI (2777) ES7210: Enable ES7210_INPUT_MIC4[0m
[0;32mI (2781) ES7210: Enable TDM mode[0m
D (2786) ES8311: Set volume reg:92 db:-22[0m
D (2790) i2s_common: i2s tx channel disabled[0m
[0;32mI (2791) I2S_IF: channel mode 2 bits:16/16 channel:2 mask:3[0m
D (2797) i2s_common: DMA malloc info: dma_desc_num = 6, dma_desc_buf_size = dma_frame_num * slot_num * data_bit_width = 960[0m
D (2808) i2s_tdm: Clock division info: [sclk] 160000000 Hz [mdiv] 39 1/16 [mclk] 4096000 Hz [bdiv] 8 [bclk] 512000 Hz[0m
[0;32mI (2819) I2S_IF: TDM Mode 1 bits:16/16 channel:2 sample_rate:16000 mask:3[0m
D (2826) i2s_common: i2s tx channel enabled[0m
D (2833) ES8311: ES8311 in I2S Format[0m
D (2845) ES8311: Codec is enabled[0m
D (2845) ES8311: Set volume reg:92 db:-22[0m
[0;32mI (2846) Adev_Codec: Open codec device OK[0m
D (2846) i2s_common: i2s rx channel disabled[0m
[0;32mI (2851) I2S_IF: channel mode 2 bits:16/16 channel:2 mask:3[0m
D (2857) i2s_common: DMA malloc info: dma_desc_num = 6, dma_desc_buf_size = dma_frame_num * slot_num * data_bit_width = 960[0m
D (2868) i2s_tdm: Clock division info: [sclk] 160000000 Hz [mdiv] 39 1/16 [mclk] 4096000 Hz [bdiv] 8 [bclk] 512000 Hz[0m
[0;32mI (2879) I2S_IF: TDM Mode 0 bits:16/16 channel:2 sample_rate:16000 mask:3[0m
D (2886) i2s_common: i2s rx channel enabled[0m
[0;32mI (2891) ES7210: Bits 8[0m
D (2894) ES7210: ES7210 in I2S Format[0m
[0;32mI (2904) ES7210: Enable ES7210_INPUT_MIC1[0m
[0;32mI (2906) ES7210: Enable ES7210_INPUT_MIC2[0m
[0;32mI (2909) ES7210: Enable ES7210_INPUT_MIC3[0m
[0;32mI (2914) ES7210: Enable ES7210_INPUT_MIC4[0m
[0;32mI (2919) ES7210: Enable TDM mode[0m
D (2921) ES7210: Codec is enabled[0m
[0;32mI (2928) ES7210: Unmuted[0m
[0;32mI (2928) Adev_Codec: Open codec device OK[0m
[0;32mI (2931) Adev_Codec: Input already open[0m
[0;32mI (2936) Adev_Codec: Input already open[0m
D (2940) ES8311: Set volume reg:9c db:-17[0m
[0;32mI (2960) clare_audio: ALC ready: 16000 Hz mono PCM16, gain 6 dB[0m
D (3066) spi_master: device0 locked the bus[0m
D (3066) spi_master: device0 release bus[0m
D (3066) spi_master: device0 locked the bus[0m
D (3067) spi_master: device0 release bus[0m
D (3071) spi_master: device0 locked the bus[0m
D (3077) spi_master: device0 release bus[0m
D (3084) spi_master: device0 locked the bus[0m
D (3084) spi_master: device0 release bus[0m
D (3088) spi_master: device0 locked the bus[0m
D (3092) spi_master: device0 release bus[0m
D (3096) spi_master: device0 locked the bus[0m
D (3102) spi_master: device0 release bus[0m
D (3109) spi_master: device0 locked the bus[0m
D (3110) spi_master: device0 release bus[0m
D (3112) spi_master: device0 locked the bus[0m
D (3117) spi_master: device0 release bus[0m
D (3121) spi_master: device0 locked the bus[0m
D (3127) spi_master: device0 release bus[0m
D (3133) spi_master: device0 locked the bus[0m
D (3134) spi_master: device0 release bus[0m
D (3137) spi_master: device0 locked the bus[0m
D (3141) spi_master: device0 release bus[0m
D (3145) spi_master: device0 locked the bus[0m
D (3151) spi_master: device0 release bus[0m
D (3159) spi_master: device0 locked the bus[0m
D (3159) spi_master: device0 release bus[0m
D (3162) spi_master: device0 locked the bus[0m
D (3166) spi_master: device0 release bus[0m
D (3170) spi_master: device0 locked the bus[0m
D (3176) spi_master: device0 release bus[0m
D (3184) spi_master: device0 locked the bus[0m
D (3184) spi_master: device0 release bus[0m
D (3187) spi_master: device0 locked the bus[0m
D (3191) spi_master: device0 release bus[0m
D (3195) spi_master: device0 locked the bus[0m
D (3201) spi_master: device0 release bus[0m
D (3207) spi_master: device0 locked the bus[0m
D (3208) spi_master: device0 release bus[0m
D (3211) spi_master: device0 locked the bus[0m
D (3216) spi_master: device0 release bus[0m
D (3220) spi_master: device0 locked the bus[0m
D (3226) spi_master: device0 release bus[0m
D (3234) spi_master: device0 locked the bus[0m
D (3234) spi_master: device0 release bus[0m
D (3236) spi_master: device0 locked the bus[0m
D (3240) spi_master: device0 release bus[0m
D (3244) spi_master: device0 locked the bus[0m
D (3250) spi_master: device0 release bus[0m
D (3258) spi_master: device0 locked the bus[0m
D (3258) spi_master: device0 release bus[0m
D (3261) spi_master: device0 locked the bus[0m
D (3265) spi_master: device0 release bus[0m
D (3269) spi_master: device0 locked the bus[0m
D (3275) spi_master: device0 release bus[0m
D (3279) spi_master: device0 locked the bus[0m
D (3282) spi_master: device0 release bus[0m
D (3285) spi_master: device0 locked the bus[0m
D (3290) spi_master: device0 release bus[0m
D (3294) spi_master: device0 locked the bus[0m
D (3298) spi_master: device0 release bus[0m
D (3310) spi_master: device0 locked the bus[0m
D (3310) spi_master: device0 release bus[0m
D (3310) spi_master: device0 locked the bus[0m
D (3315) spi_master: device0 release bus[0m
D (3318) spi_master: device0 locked the bus[0m
D (3323) spi_master: device0 release bus[0m
D (3329) spi_master: device0 locked the bus[0m
D (3331) spi_master: device0 release bus[0m
D (3335) spi_master: device0 locked the bus[0m
D (3339) spi_master: device0 release bus[0m
D (3343) spi_master: device0 locked the bus[0m
D (3348) spi_master: device0 release bus[0m
D (3352) esp_netif_lwip: LwIP stack has been initialized[0m
D (3357) esp_netif_lwip: esp-netif has been successfully initialized[0m
D (3363) event: running task for loop 0x408646dc[0m
D (3368) event: created task for loop 0x408646dc[0m
D (3373) event: created event loop 0x408646dc[0m
D (3377) esp_netif_lwip: check: remote, if=0x4084fda8 fn=0x42092f7e[0m
D (3384) esp_netif_lwip: call api in lwip: ret=0x0, give sem[0m
D (3389) esp_netif_lwip: check: remote, if=0x4084fd88 fn=0x42093b18[0m
D (3396) esp_netif_objects: esp_netif_add_to_list_unsafe netif added successfully (total netifs: 1)[0m
D (3405) esp_netif_lwip: call api in lwip: ret=0x0, give sem[0m
[0;32mI (3411) pp: pp rom version: 5b8dcfa[0m
[0;32mI (3415) net80211: net80211 rom version: 5b8dcfa[0m
D (3420) nvs: nvs_open_from_partition misc 1[0m
I (3425) wifi:wifi driver task: 4086809c, prio:23, stack:6656, core=0
D (3431) efuse: BLK1 REG1 [8-15], len=8 bits[0m
D (3435) efuse: BLK1 REG1 [0-7], len=8 bits[0m
D (3439) efuse: BLK1 REG0 [24-31], len=8 bits[0m
D (3443) efuse: BLK1 REG0 [16-23], len=8 bits[0m
D (3448) efuse: BLK1 REG0 [8-15], len=8 bits[0m
D (3452) efuse: BLK1 REG0 [0-7], len=8 bits[0m
D (3457) nvs: nvs_open_from_partition nvs.net80211 1[0m
D (3461) nvs: nvs_get opmode 1[0m
D (3465) nvs: nvs_get_str_or_blob sta.ssid[0m
D (3469) nvs: nvs_get sta.authmode 1[0m
D (3472) nvs: nvs_get_str_or_blob sta.pswd[0m
D (3477) nvs: nvs_get_str_or_blob sta.pmk[0m
D (3481) nvs: nvs_get sta.chan 1[0m
D (3484) nvs: nvs_get auto.conn 1[0m
D (3487) nvs: nvs_get bssid.set 1[0m
D (3491) nvs: nvs_get_str_or_blob sta.bssid[0m
D (3495) nvs: nvs_get sta.lis_intval 2[0m
D (3499) nvs: nvs_get sta.phym 1[0m
D (3502) nvs: nvs_get sta.phybw 1[0m
D (3505) nvs: nvs_get_str_or_blob sta.apsw[0m
D (3510) nvs: nvs_get_str_or_blob sta.apinfo[0m
D (3515) nvs: nvs_get sta.scan_method 1[0m
D (3518) nvs: nvs_get sta.sort_method 1[0m
D (3522) nvs: nvs_get sta.minrssi 1[0m
D (3525) nvs: nvs_get sta.minauth 1[0m
D (3529) nvs: nvs_get sta.pmf_e 1[0m
D (3532) nvs: nvs_get sta.pmf_r 1[0m
D (3536) nvs: nvs_get sta.btm_e 1[0m
D (3539) nvs: nvs_get sta.rrm_e 1[0m
D (3542) nvs: nvs_get sta.mbo_e 1[0m
D (3546) nvs: nvs_get_str_or_blob ap.ssid[0m
D (3550) nvs: nvs_get_str_or_blob ap.passwd[0m
D (3554) nvs: nvs_get_str_or_blob ap.pmk[0m
D (3558) nvs: nvs_get ap.chan 1[0m
D (3561) nvs: nvs_get ap.authmode 1[0m
D (3565) nvs: nvs_get ap.hidden 1[0m
D (3568) nvs: nvs_get ap.max.conn 1[0m
D (3572) nvs: nvs_get bcn.interval 2[0m
D (3575) nvs: nvs_get ap.phym 1[0m
D (3579) nvs: nvs_get ap.phybw 1[0m
D (3582) nvs: nvs_get ap.sndchan 1[0m
D (3586) nvs: nvs_get ap.pmf_e 1[0m
D (3589) nvs: nvs_get ap.pmf_r 1[0m
D (3592) nvs: nvs_get ap.p_cipher 1[0m
D (3596) nvs: nvs_get lorate 1[0m
D (3599) nvs: nvs_get_str_or_blob country[0m
D (3603) nvs: nvs_get ap.ftm_r 1[0m
D (3606) nvs: nvs_get sta.ft 1[0m
D (3609) nvs: nvs_get sta.owe 1[0m
D (3613) nvs: nvs_get sta.trans_d 1[0m
D (3616) nvs: nvs_get sta.sae_h2e 1[0m
D (3620) nvs: nvs_get sta.sae_pk_mode 1[0m
D (3624) nvs: nvs_get sta.bss_retry 1[0m
D (3627) nvs: nvs_get_str_or_blob sta.owe_data[0m
D (3632) nvs: nvs_get sta.he_dcm 1[0m
D (3635) nvs: nvs_get sta.he_dcm_c_tx 1[0m
D (3639) nvs: nvs_get sta.he_dcm_c_rx 1[0m
D (3643) nvs: nvs_get sta.he_mcs9_d 1[0m
D (3647) nvs: nvs_get sta.he_su_b_d 1[0m
D (3651) nvs: nvs_get sta.he_su_b_f_d 1[0m
D (3654) nvs: nvs_get sta.he_mu_b_f_d 1[0m
D (3658) nvs: nvs_get sta.he_cqi_f_d 1[0m
D (3662) nvs: nvs_get_str_or_blob sta.sae_h2e_id[0m
D (3667) nvs: nvs_get ap.sae_h2e 1[0m
D (3670) nvs: nvs_get_str_or_blob ap.pmk_info[0m
D (3675) nvs: nvs_get nan.phym 1[0m
D (3678) nvs: nvs_get sta.pwr_reset 1[0m
D (3682) nvs: nvs_get band_mode 1[0m
D (3685) nvs: nvs_get sta.phym5g 1[0m
D (3689) nvs: nvs_get ap.phym5g 1[0m
D (3692) nvs: nvs_get sta.phybw5g 1[0m
D (3696) nvs: nvs_get ap.phybw5g 1[0m
D (3699) nvs: nvs_get ap.sndchan5g 1[0m
D (3703) nvs: nvs_get ap.chan5g 1[0m
D (3706) nvs: nvs_get ap.chanisset 1[0m
D (3710) nvs: nvs_get ap.chan5gisset 1[0m
D (3714) nvs: nvs_get sta.lowrate 1[0m
D (3717) nvs: nvs_get ap.lowrate 1[0m
D (3721) nvs: nvs_get sta.rssi_5g_adj 1[0m
D (3724) nvs: nvs_get ap.csa_count 1[0m
D (3728) nvs: nvs_get ap.dtim_period 1[0m
D (3732) nvs: nvs_get ap.trans_d 1[0m
D (3735) nvs: nvs_get ap.sae_ext 1[0m
D (3739) nvs: nvs_get ap.bssmaxidle 2[0m
D (3743) nvs: nvs_get ap.pro_keep_a 1[0m
D (3746) nvs: nvs_get ap.gtk_rekey 2[0m
D (3750) nvs: nvs_get sta.vht_su_b_d 1[0m
D (3754) nvs: nvs_get sta.vht_mu_b_d 1[0m
D (3758) nvs: nvs_get sta.vht_mcs8_e 1[0m
D (3761) nvs: nvs_get sta.ina_time 2[0m
D (3765) nvs: nvs_get ap.ina_time 2[0m
D (3769) nvs: nvs_set ap.sndchan 1 1[0m
I (3772) wifi:wifi firmware version: 4df78f2
I (3776) wifi:wifi certification version: v7.0
I (3780) wifi:config NVS flash: enabled
I (3784) wifi:config nano formatting: disabled
I (3788) wifi:mac_version:HAL_MAC_ESP32AX_761,ut_version:N, band mode:0x1
I (3795) wifi:Init data frame dynamic rx buffer num: 16
I (3800) wifi:Init static rx mgmt buffer num: 5
I (3804) wifi:Init management short buffer num: 32
I (3809) wifi:Init static tx buffer num: 16
I (3812) wifi:Init static tx FG buffer num: 2
I (3816) wifi:Init static rx buffer size: 1700 (rxctrl:92, csi:512)
I (3823) wifi:Init static rx buffer num: 10
I (3826) wifi:Init dynamic rx buffer num: 16
D (3830) wifi:mms: 3->2
D (3832) wifi:Reset scan defaults in ms : min,max,passive,chan_dwell :(0,120,360,30)
[0;32mI (3841) wifi_init: rx ba win: 6[0m
[0;32mI (3844) wifi_init: accept mbox: 6[0m
[0;32mI (3848) wifi_init: tcpip mbox: 32[0m
[0;32mI (3852) wifi_init: udp mbox: 6[0m
[0;32mI (3856) wifi_init: tcp mbox: 6[0m
[0;32mI (3860) wifi_init: tcp tx win: 5760[0m
[0;32mI (3864) wifi_init: tcp rx win: 5760[0m
[0;32mI (3868) wifi_init: tcp mss: 1240[0m
[0;32mI (3872) wifi_init: WiFi IRAM OP enabled[0m
[0;32mI (3877) wifi_init: WiFi RX IRAM OP enabled[0m
[0;32mI (3882) wifi_init: WiFi SLP IRAM OP enabled[0m
D (3887) nvs: nvs_get opmode 1[0m
D (3890) wifi:clear blacklist
W (3892) wifi:Password length matches WPA2 standards, authmode threshold changes from OPEN to WPA2
[0;32mI (3901) phy_init: phy_version 343,b513b46,Nov 14 2025,16:34:12[0m
D (3908) phy_init: loading PHY init data from application binary[0m
D (3914) nvs: nvs_open_from_partition phy 0[0m
D (3918) nvs: nvs_get cal_version 4[0m
D (3922) nvs: nvs_get_str_or_blob cal_mac[0m
D (3926) efuse: BLK1 REG1 [8-15], len=8 bits[0m
D (3930) efuse: BLK1 REG1 [0-7], len=8 bits[0m
D (3934) efuse: BLK1 REG0 [24-31], len=8 bits[0m
D (3938) efuse: BLK1 REG0 [16-23], len=8 bits[0m
D (3943) efuse: BLK1 REG0 [8-15], len=8 bits[0m
D (3947) efuse: BLK1 REG0 [0-7], len=8 bits[0m
D (3951) efuse: BLK1 REG1 [24-31], len=8 bits[0m
D (3956) efuse: BLK1 REG1 [16-23], len=8 bits[0m
D (3960) nvs: nvs_get_str_or_blob cal_data[0m
D (3967) nvs: nvs_close 3[0m
D (3967) efuse: BLK1 REG1 [8-15], len=8 bits[0m
D (3971) efuse: BLK1 REG1 [0-7], len=8 bits[0m
D (3976) efuse: BLK1 REG0 [24-31], len=8 bits[0m
D (3980) efuse: BLK1 REG0 [16-23], len=8 bits[0m
D (3985) efuse: BLK1 REG0 [8-15], len=8 bits[0m
D (3989) efuse: BLK1 REG0 [0-7], len=8 bits[0m
D (3993) efuse: BLK1 REG1 [24-31], len=8 bits[0m
D (3998) efuse: BLK1 REG1 [16-23], len=8 bits[0m
D (4007) temperature_sensor: range changed, change to index 2[0m
W (4066) wifi:ACK_TAB0   :0x   90a0b, QAM16:0x9 (24Mbps), QPSK:0xa (12Mbps), BPSK:0xb (6Mbps)
W (4067) wifi:CTS_TAB0   :0x   90a0b, QAM16:0x9 (24Mbps), QPSK:0xa (12Mbps), BPSK:0xb (6Mbps)
W (4072) wifi:(agc)0x600a7128:0xd2015a92, min.avgNF:0xce->0xd2(dB), RCalCount:0x15, min.RRssi:0xa92(-86.88)
I (4082) wifi:11ax coex: WDEVAX_PTI0(0x55777555), WDEVAX_PTI1(0x00003377).

D (4088) wifi:filter: set rx policy=0
I (4092) wifi:mode : sta (20:6e:f1:16:e0:a4)
I (4095) wifi:enable tsf
D (4098) wifi:filter: set rx policy=1
D (4101) wifi:connect status 0 -> 0
D (4105) event: running post WIFI_EVENT:43 with handler 0x4200e3d8 and context 0x40875bc4 on loop 0x408646dc[0m
D (4114) event: running post WIFI_EVENT:2 with handler 0x420974ee and context 0x40865750 on loop 0x408646dc[0m
D (4124) wifi_init_default: wifi_start esp-netif:0x40865600 event-id2[0m
D (4131) wifi_init_default: WIFI mac address: 20 6e f1 16 e0 a4[0m
D (4137) esp_netif_lwip: check: remote, if=0x40865600 fn=0x42092f9a[0m
D (4143) esp_netif_lwip: call api in lwip: ret=0x0, give sem[0m
D (4149) esp_netif_handlers: esp_netif action has started with netif0x40865600 from event_id=2[0m
D (4157) esp_netif_lwip: check: remote, if=0x40865600 fn=0x42094682[0m
D (4164) esp_netif_lwip: esp_netif_start_api 0x40865600[0m
D (4169) esp_netif_lwip: esp_netif_get_hostname esp_netif:0x40865600[0m
D (4175) esp_netif_lwip: call api in lwip: ret=0x0, give sem[0m
D (4181) event: running post WIFI_EVENT:2 with handler 0x4200e3d8 and context 0x40875bc4 on loop 0x408646dc[0m
D (4191) wifi:Start wifi connect
D (4194) wifi:connect status 0 -> 0
D (4197) wifi:connect chan=0
D (4200) wifi:first chan=11
D (4202) wifi:connect status 0 -> 1
D (4205) wifi:filter: set rx policy=3
D (4209) wifi:clear scan ap list
D (4212) wifi:start scan: type=0x50f, priority=2, cb=0x420ee1d2, arg=0x0, ss_state=0x1, time=381157, index=0
D (4221) wifi:perform scan: ss_state=0x9, chan<11,0>, dur<0,120>
D (4236) spi_master: device0 locked the bus[0m
D (4236) spi_master: device0 release bus[0m
D (4236) spi_master: device0 locked the bus[0m
D (4239) spi_master: device0 release bus[0m
D (4243) spi_master: device0 locked the bus[0m
D (4248) spi_master: device0 release bus[0m
D (4253) wifi:rsn valid: gcipher=3 ucipher=3 akm=5 mac=12:3d:46:d8:6d:be
D (4259) wifi:profile match: ss_state=0x7
D (4262) wifi:scan end: arg=0x4084b2c0, status=0, ss_state=0x7
D (4267) wifi:find first mathched ssid, scan done
D (4272) wifi:filter: set rx policy=4
D (4275) wifi:first chan=1
D (4278) wifi:handoff_cb: status=0
D (4281) wifi:ap found, mac=12:3d:46:d8:6d:be
D (4285) wifi:going for connection with bssid=12:3d:46:d8:6d:be
D (4290) wifi:new_bss=0x40849418, cur_bss=0x0, new_chan=<11,0>, cur_chan=1
D (4297) wifi:filter: set rx policy=5
I (4300) wifi:new:<11,0>, old:<1,0>, ap:<255,255>, sta:<11,0>, prof:1, snd_ch_cfg:0x0
D (4309) wifi:connect_op: status=0, auth=5, cipher=3 
I (4313) wifi:(connect)dot11_authmode:0x3, pairwise_cipher:0x3, group_cipher:0x3
D (4320) wifi:auth mode is not none
D (4323) wifi:connect_bss: auth=1, reconnect=0
I (4327) wifi:state: init -> auth (0xb0)
D (4331) nvs: nvs_get sta.pwr_reset 1[0m
D (4335) wifi:start 1000ms AUTH timer
D (4338) wifi:clear scan ap list
D (4342) event: running post WIFI_EVENT:43 with handler 0x4200e3d8 and context 0x40875bc4 on loop 0x408646dc[0m
D (4352) spi_master: device0 locked the bus[0m
D (4355) spi_master: device0 release bus[0m
D (4359) spi_master: device0 locked the bus[0m
D (4363) spi_master: device0 release bus[0m
D (4367) spi_master: device0 locked the bus[0m
D (4372) spi_master: device0 release bus[0m
D (4365) wifi:recv auth: seq=2, status=0, algo=0
I (4381) wifi:state: auth -> assoc (0x0)
D (4382) spi_master: device0 locked the bus[0m
D (4388) spi_master: device0 release bus[0m
D (4392) spi_master: device0 locked the bus[0m
D (4396) spi_master: device0 release bus[0m
D (4400) spi_master: device0 locked the bus[0m
D (4404) spi_master: device0 release bus[0m
D (4385) nvs: nvs_get sta.pwr_reset 1[0m
D (4413) wifi:restart connect 1000ms timer for assoc
D (4417) nvs: nvs_get sta.phym 1[0m
D (4420) nvs: nvs_get sta.lowrate 1[0m
[0;32mI (4424) clare_net: Wi-Fi protocols limited to 11b/g/n mask=0x07[0m
I (4430) wifi:Set ps type: 0, coexist: 0

[0;32mI (4435) clare_c6: Clare UI ready; touch the Clare tile[0m
[0;32mI (4440) main_task: Returned from app_main()[0m
D (4447) wifi:recv assoc: type=0x10
I (4448) wifi:(assoc)RESP, Extended Capabilities length:8, operating_mode_notification:0
I (4456) wifi:(assoc)RESP, Extended Capabilities, MBSSID:0, TWT Responder:0, OBSS Narrow Bandwidth RU In OFDMA Tolerance:0
I (4467) wifi:Extended Capabilities length:8, operating_mode_notification:1
D (4474) wifi:filter: set rx policy=6
I (4477) wifi:state: assoc -> run (0x10)
D (4480) nvs: nvs_get sta.pwr_reset 1[0m
I (4484) wifi:(trc)phytype:CBW20-SGI, snr:43, maxRate:144, highestRateIdx:0
W (4491) wifi:(trc)band:2G, phymode:3, highestRateIdx:0, lowestRateIdx:11, dataSchedTableSize:14
I (4499) wifi:(trc)band:2G, rate(S-MCS7, rateIdx:0), ampdu(rate:S-MCS7, schedIdx(0, stop:8)), snr:43, ampduState:wait operational
I (4511) wifi:ifidx:0, rssi:-43, nf:-86, phytype(0x3, CBW20-SGI), phymode(0x3, 11bgn), max_rate:144, he:0, vht:0, ht:1
I (4521) wifi:(ht)max.RxAMPDULenExponent:3(65535 bytes), MMSS:6(8 us)
D (4527) wifi:start 10s connect timer for 4 way handshake
D (4539) spi_master: device0 locked the bus[0m
D (4540) spi_master: device0 release bus[0m
D (4541) spi_master: device0 locked the bus[0m
D (4545) spi_master: device0 release bus[0m
D (4549) spi_master: device0 locked the bus[0m
D (4553) spi_master: device0 release bus[0m
I (4564) wifi:connected with oxygen‘s iPhone, aid = 20, channel 11, BW20, bssid = 12:3d:46:d8:6d:be
I (4566) wifi:security: WPA2-PSK, phy:bgn, rssi:-43, cipher(pairwise:0x3, group:0x3), pmf:0, 
D (4574) wifi:remove all except 12:3d:46:d8:6d:be from rc list
D (4580) wifi:clear blacklist
D (4583) nvs: nvs_set sta.chan 1 11[0m
D (4586) nvs: nvs_set_blob sta.apinfo 700[0m
D (4591) wifi:filter: set rx policy=7
I (4594) wifi:pm start, type: 0, twt_start:0

I (4598) wifi:pm start, type:0, aid:0x14, trans-BSSID:12:3d:46:d8:6d:be, BSSID[5]:0xbe, mbssid(max-indicator:0, index:0), he:0
I (4609) wifi:dp: 1, bi: 102400, li: 3, scale listen interval from 307200 us to 307200 us
I (4617) wifi:set rx beacon pti, rx_bcn_pti: 10, bcn_timeout: 25000, mt_pti: 10, mt_time: 10000
D (4625) wifi:Send sta connected event
D (4629) wifi:connect status 1 -> 5
I (4632) wifi:[ADDBA]TX addba request, tid:0, dialogtoken:1, bufsize:64, A-MSDU:0(not supported), policy:1(IMR), ssn:0(0x0)
I (4643) wifi:[ADDBA]TX addba request, tid:7, dialogtoken:2, bufsize:64, A-MSDU:0(not supported), policy:1(IMR), ssn:0(0x20)
I (4654) wifi:[ADDBA]TX addba request, tid:5, dialogtoken:3, bufsize:64, A-MSDU:0(not supported), policy:1(IMR), ssn:0(0x0)
D (4665) wifi:obss scan is disabled
D (4668) wifi:start obss scan: obss scan is stopped
D (4673) wifi:bcnd: 0 -> 2304
I (4675) wifi:AP's beacon interval = 102400 us, DTIM period = 1
W (4682) wifi:<ba-add>idx:0, ifx:0, tid:0, TAHI:0x100be6d, TALO:0xd8463d12, (ssn:1069, win:64, cur_ssn:1069), CONF:0xc0000005
W (4692) wifi:<ba-add>idx:1, ifx:0, tid:2, TAHI:0x100be6d, TALO:0xd8463d12, (ssn:3426, win:64, cur_ssn:3426), CONF:0xc0002005
W (4703) wifi:<ba-add>idx:2, ifx:0, tid:4, TAHI:0x100be6d, TALO:0xd8463d12, (ssn:3827, win:64, cur_ssn:3827), CONF:0xc0004005
W (4714) wifi:<ba-add>idx:3, ifx:0, tid:6, TAHI:0x100be6d, TALO:0xd8463d12, (ssn:1970, win:64, cur_ssn:1970), CONF:0xc0006005
I (4725) wifi:[ADDBA]RX addba response, status:0, tid:0/tb:1(0xa1), bufsize:64, batimeout:0, txa_wnd:8
D (4734) event: running post WIFI_EVENT:4 with handler 0x4209750e and context 0x408657b0 on loop 0x408646dc[0m
D (4744) esp_netif_handlers: esp_netif action connected with netif0x40865600 from event_id=4[0m
D (4752) esp_netif_lwip: check: remote, if=0x40865600 fn=0x42094266[0m
D (4759) esp_netif_lwip: esp_netif_up_api esp_netif:0x40865600[0m
D (4764) esp_netif_lwip: call api in lwip: ret=0x0, give sem[0m
D (4770) esp_netif_lwip: check: remote, if=0x40865600 fn=0x4209357e[0m
D (4776) esp_netif_lwip: esp_netif_dhcpc_start_api esp_netif:0x40865600[0m
D (4783) esp_netif_lwip: esp_netif_start_ip_lost_timer esp_netif:0x40865600[0m
D (4790) esp_netif_lwip: if0x40865600 start ip lost tmr: interval=120[0m
D (4797) esp_netif_lwip: starting dhcp client[0m
D (4801) wifi:eb is dhcp or dns sport = 68, dport = 67
D (4806) esp_netif_lwip: call api in lwip: ret=0x0, give sem[0m
I (4807) wifi:[ADDBA]RX addba response, status:0, tid:7/tb:1(0xa1), bufsize:64, batimeout:0, txa_wnd:8
I (4821) wifi:[ADDBA]RX addba response, status:0, tid:5/tb:1(0xa1), bufsize:64, batimeout:0, txa_wnd:8
D (4830) event: running post WIFI_EVENT:4 with handler 0x4200e3d8 and context 0x40875bc4 on loop 0x408646dc[0m
D (4924) wifi:eb is dhcp or dns sport = 68, dport = 67
I (5747) wifi:<ba-del>idx:0, tid:0
W (5747) wifi:<ba-add>idx:0, ifx:0, tid:0, TAHI:0x100be6d, TALO:0xd8463d12, (ssn:1069, win:64, cur_ssn:1069), CONF:0xc0000005
I (5750) wifi:<ba-del>idx:1, tid:2
W (5753) wifi:<ba-add>idx:1, ifx:0, tid:2, TAHI:0x100be6d, TALO:0xd8463d12, (ssn:3426, win:64, cur_ssn:3426), CONF:0xc0002005
I (5764) wifi:<ba-del>idx:2, tid:4
W (5767) wifi:<ba-add>idx:2, ifx:0, tid:4, TAHI:0x100be6d, TALO:0xd8463d12, (ssn:3827, win:64, cur_ssn:3827), CONF:0xc0004005
I (5779) wifi:<ba-del>idx:3, tid:6
W (5781) wifi:<ba-add>idx:3, ifx:0, tid:6, TAHI:0x100be6d, TALO:0xd8463d12, (ssn:1972, win:64, cur_ssn:1972), CONF:0xc0006005
D (5988) esp_netif_lwip: esp_netif_internal_dhcpc_cb lwip-netif:0x40865680[0m
D (5988) esp_netif_lwip: check: local, if=0x40865600 fn=0x42092d8a[0m
D (5990) esp_netif_lwip: esp_netif_update_default_netif_lwip 0x40865600[0m
D (5997) esp_netif_lwip: if0x40865600 ip changed=1[0m
D (6001) event: running post IP_EVENT:0 with handler 0x42097606 and context 0x40865884 on loop 0x408646dc[0m
D (6011) wifi_init_default: Got IP wifi default handler entered[0m
D (6017) esp_netif_handlers: esp_netif action got_ip with netif0x40865600 from event_id=0[0m
[0;32mI (6025) esp_netif_handlers: sta ip: 172.20.10.10, mask: 255.255.255.240, gw: 172.20.10.1[0m
D (6034) event: running post IP_EVENT:0 with handler 0x4200e3d8 and context 0x40875be4 on loop 0x408646dc[0m
D (6044) esp_netif_lwip: check: remote, if=0x40865600 fn=0x420933a8[0m
D (6050) esp_netif_lwip: esp_netif_get_dns_info: esp_netif=0x40865600 type=0[0m
D (6057) esp_netif_lwip: call api in lwip: ret=0x0, give sem[0m
[0;32mI (6063) clare_net: DHCP DNS main=172.20.10.1[0m
D (6068) esp_netif_lwip: check: remote, if=0x40865600 fn=0x420932d8[0m
D (6074) esp_netif_lwip: esp_netif_set_dns_info: if=0x40865600 type=1 dns=50505df[0m
D (6082) esp_netif_lwip: call api in lwip: ret=0x0, give sem[0m
D (6088) esp_netif_lwip: check: remote, if=0x40865600 fn=0x420932d8[0m
D (6094) esp_netif_lwip: esp_netif_set_dns_info: if=0x40865600 type=2 dns=1010101[0m
D (6102) esp_netif_lwip: call api in lwip: ret=0x0, give sem[0m
D (6117) spi_master: device0 locked the bus[0m
D (6118) spi_master: device0 release bus[0m
D (6118) spi_master: device0 locked the bus[0m
D (6120) spi_master: device0 release bus[0m
D (6124) spi_master: device0 locked the bus[0m
D (6130) spi_master: device0 release bus[0m
[0;32mI (12435) clare_c6: Boot network self-test begin[0m
D (12453) wifi:eb is dhcp or dns sport = 27584, dport = 53
[0;32mI (12460) clare_c6: probe dns ip=104.21.35.182[0m
[0;32mI (12461) clare_c6: probe dns rc=0[0m
[0;32mI (12461) clare_c6: probe socket fd=54 errno=0[0m
[0;32mI (13755) clare_c6: probe connect rc=0 errno=0[0m
D (13756) esp-tls: host:clare.vinex.top: strlen 15[0m
D (13756) esp-tls: [sock=54] Resolved IPv4 address: 104.21.35.182[0m
D (13760) esp-tls: [sock=54] Connecting to server. HOST: clare.vinex.top/voice-api/health, Port: 443[0m
[0;31mE (14019) esp-tls-mbedtls: No server verification option set in esp_tls_cfg_t structure. Check esp_tls API reference[0m
[0;31mE (14020) esp-tls-mbedtls: Failed to set client configurations, returned [0x8017] (ESP_ERR_MBEDTLS_SSL_SETUP_FAILED)[0m
[0;31mE (14031) esp-tls: create_ssl_handle failed[0m
[0;31mE (14035) esp-tls: Failed to open new connection[0m
[0;32mI (14041) clare_c6: probe esp-tls rc=-1 last=0x0 flags=0x0[0m
[0;32mI (14048) clare_net: Create session URL ready=1[0m
[0;32mI (14052) clare_net: HTTP before init free8=41564 largest8=24064 free_internal=41564 largest_internal=24064[0m
D (14063) HTTP_CLIENT: set post file length = 19[0m
D (14067) HTTP_CLIENT: Begin connect to: https://clare.vinex.top:443[0m
D (14074) esp-tls: host:clare.vinex.top: strlen 15[0m
D (14079) esp-tls: [sock=54] Resolved IPv4 address: 104.21.35.182[0m
D (14085) esp-tls: [sock=54] Connecting to server. HOST: clare.vinex.top, Port: 443[0m
D (14345) esp-tls: handshake in progress...[0m
[0;32mI (14346) mbedtls: ssl_tls.c:4673 => handshake
[0m
[0;32mI (14346) mbedtls: ssl_msg.c:2354 => flush output
[0m
[0;32mI (14350) mbedtls: ssl_msg.c:2363 <= flush output
[0m
[0;32mI (14355) mbedtls: ssl_tls.c:4592 client state: MBEDTLS_SSL_HELLO_REQUEST
[0m
D (14363) mbedtls: ssl_misc.h:1353 handshake state: 0 (MBEDTLS_SSL_HELLO_REQUEST) -> 1 (MBEDTLS_SSL_CLIENT_HELLO)
[0m
[0;32mI (14373) mbedtls: ssl_msg.c:2354 => flush output
[0m
[0;32mI (14379) mbedtls: ssl_msg.c:2363 <= flush output
[0m
[0;32mI (14384) mbedtls: ssl_tls.c:4592 client state: MBEDTLS_SSL_CLIENT_HELLO
[0m
[0;32mI (14392) mbedtls: ssl_client.c:921 => write client hello
[0m
D (14398) mbedtls: ssl_client.c:724 client hello, current time: 5086
[0m
D (14405) mbedtls: ssl_client.c:487 dumping 'client hello, random bytes' (32 bytes)
[0m
D (14413) mbedtls: ssl_client.c:487 0000:  00 00 13 de 55 58 3c 80 dc 81 e3 ab 25 a3 7a ee  ....UX<.....%.z.
[0m
D (14423) mbedtls: ssl_client.c:487 0010:  af 49 04 c6 dc 38 bc b2 d5 5a c2 0a 80 60 73 6b  .I...8...Z...`sk
[0m
D (14433) mbedtls: ssl_client.c:512 dumping 'session id' (0 bytes)
[0m
D (14439) mbedtls: ssl_client.c:370 client hello, add ciphersuite: c02c, TLS-ECDHE-ECDSA-WITH-AES-256-GCM-SHA384
[0m
D (14450) mbedtls: ssl_client.c:370 client hello, add ciphersuite: c030, TLS-ECDHE-RSA-WITH-AES-256-GCM-SHA384
[0m
D (14460) mbedtls: ssl_client.c:370 client hello, add ciphersuite: c0ad, TLS-ECDHE-ECDSA-WITH-AES-256-CCM
[0m
D (14470) mbedtls: ssl_client.c:370 client hello, add ciphersuite: c024, TLS-ECDHE-ECDSA-WITH-AES-256-CBC-SHA384
[0m
D (14480) mbedtls: ssl_client.c:370 client hello, add ciphersuite: c028, TLS-ECDHE-RSA-WITH-AES-256-CBC-SHA384
[0m
D (14490) mbedtls: ssl_client.c:370 client hello, add ciphersuite: c00a, TLS-ECDHE-ECDSA-WITH-AES-256-CBC-SHA
[0m
D (14500) mbedtls: ssl_client.c:370 client hello, add ciphersuite: c014, TLS-ECDHE-RSA-WITH-AES-256-CBC-SHA
[0m
D (14510) mbedtls: ssl_client.c:370 client hello, add ciphersuite: c0af, TLS-ECDHE-ECDSA-WITH-AES-256-CCM-8
[0m
D (14521) mbedtls: ssl_client.c:370 client hello, add ciphersuite: c05d, TLS-ECDHE-ECDSA-WITH-ARIA-256-GCM-SHA384
[0m
D (14531) mbedtls: ssl_client.c:370 client hello, add ciphersuite: c061, TLS-ECDHE-RSA-WITH-ARIA-256-GCM-SHA384
[0m
D (14541) mbedtls: ssl_client.c:370 client hello, add ciphersuite: c049, TLS-ECDHE-ECDSA-WITH-ARIA-256-CBC-SHA384
[0m
D (14552) mbedtls: ssl_client.c:370 client hello, add ciphersuite: c04d, TLS-ECDHE-RSA-WITH-ARIA-256-CBC-SHA384
[0m
D (14562) mbedtls: ssl_client.c:370 client hello, add ciphersuite: c02b, TLS-ECDHE-ECDSA-WITH-AES-128-GCM-SHA256
[0m
D (14573) mbedtls: ssl_client.c:370 client hello, add ciphersuite: c02f, TLS-ECDHE-RSA-WITH-AES-128-GCM-SHA256
[0m
D (14583) mbedtls: ssl_client.c:370 client hello, add ciphersuite: c0ac, TLS-ECDHE-ECDSA-WITH-AES-128-CCM
[0m
D (14593) mbedtls: ssl_client.c:370 client hello, add ciphersuite: c023, TLS-ECDHE-ECDSA-WITH-AES-128-CBC-SHA256
[0m
D (14603) mbedtls: ssl_client.c:370 client hello, add ciphersuite: c027, TLS-ECDHE-RSA-WITH-AES-128-CBC-SHA256
[0m
D (14613) mbedtls: ssl_client.c:370 client hello, add ciphersuite: c009, TLS-ECDHE-ECDSA-WITH-AES-128-CBC-SHA
[0m
D (14623) mbedtls: ssl_client.c:370 client hello, add ciphersuite: c013, TLS-ECDHE-RSA-WITH-AES-128-CBC-SHA
[0m
D (14633) mbedtls: ssl_client.c:370 client hello, add ciphersuite: c0ae, TLS-ECDHE-ECDSA-WITH-AES-128-CCM-8
[0m
D (14643) mbedtls: ssl_client.c:370 client hello, add ciphersuite: c05c, TLS-ECDHE-ECDSA-WITH-ARIA-128-GCM-SHA256
[0m
D (14654) mbedtls: ssl_client.c:370 client hello, add ciphersuite: c060, TLS-ECDHE-RSA-WITH-ARIA-128-GCM-SHA256
[0m
D (14664) mbedtls: ssl_client.c:370 client hello, add ciphersuite: c048, TLS-ECDHE-ECDSA-WITH-ARIA-128-CBC-SHA256
[0m
D (14675) mbedtls: ssl_client.c:370 client hello, add ciphersuite: c04c, TLS-ECDHE-RSA-WITH-ARIA-128-CBC-SHA256
[0m
D (14685) mbedtls: ssl_client.c:370 client hello, add ciphersuite: 009d, TLS-RSA-WITH-AES-256-GCM-SHA384
[0m
D (14695) mbedtls: ssl_client.c:370 client hello, add ciphersuite: c09d, TLS-RSA-WITH-AES-256-CCM
[0m
D (14704) mbedtls: ssl_client.c:370 client hello, add ciphersuite: 003d, TLS-RSA-WITH-AES-256-CBC-SHA256
[0m
D (14714) mbedtls: ssl_client.c:370 client hello, add ciphersuite: 0035, TLS-RSA-WITH-AES-256-CBC-SHA
[0m
D (14723) mbedtls: ssl_client.c:370 client hello, add ciphersuite: c032, TLS-ECDH-RSA-WITH-AES-256-GCM-SHA384
[0m
D (14733) mbedtls: ssl_client.c:370 client hello, add ciphersuite: c02a, TLS-ECDH-RSA-WITH-AES-256-CBC-SHA384
[0m
D (14743) mbedtls: ssl_client.c:370 client hello, add ciphersuite: c00f, TLS-ECDH-RSA-WITH-AES-256-CBC-SHA
[0m
D (14753) mbedtls: ssl_client.c:370 client hello, add ciphersuite: c02e, TLS-ECDH-ECDSA-WITH-AES-256-GCM-SHA384
[0m
D (14764) mbedtls: ssl_client.c:370 client hello, add ciphersuite: c026, TLS-ECDH-ECDSA-WITH-AES-256-CBC-SHA384
[0m
D (14774) mbedtls: ssl_client.c:370 client hello, add ciphersuite: c005, TLS-ECDH-ECDSA-WITH-AES-256-CBC-SHA
[0m
D (14784) mbedtls: ssl_client.c:370 client hello, add ciphersuite: c0a1, TLS-RSA-WITH-AES-256-CCM-8
[0m
D (14793) mbedtls: ssl_client.c:370 client hello, add ciphersuite: c05f, TLS-ECDH-ECDSA-WITH-ARIA-256-GCM-SHA384
[0m
D (14804) mbedtls: ssl_client.c:370 client hello, add ciphersuite: c063, TLS-ECDH-RSA-WITH-ARIA-256-GCM-SHA384
[0m
D (14814) mbedtls: ssl_client.c:370 client hello, add ciphersuite: c051, TLS-RSA-WITH-ARIA-256-GCM-SHA384
[0m
D (14824) mbedtls: ssl_client.c:370 client hello, add ciphersuite: c04b, TLS-ECDH-ECDSA-WITH-ARIA-256-CBC-SHA384
[0m
D (14834) mbedtls: ssl_client.c:370 client hello, add ciphersuite: c04f, TLS-ECDH-RSA-WITH-ARIA-256-CBC-SHA384
[0m
D (14844) mbedtls: ssl_client.c:370 client hello, add ciphersuite: c03d, TLS-RSA-WITH-ARIA-256-CBC-SHA384
[0m
D (14854) mbedtls: ssl_client.c:370 client hello, add ciphersuite: 009c, TLS-RSA-WITH-AES-128-GCM-SHA256
[0m
D (14864) mbedtls: ssl_client.c:370 client hello, add ciphersuite: c09c, TLS-RSA-WITH-AES-128-CCM
[0m
D (14873) mbedtls: ssl_client.c:370 client hello, add ciphersuite: 003c, TLS-RSA-WITH-AES-128-CBC-SHA256
[0m
D (14883) mbedtls: ssl_client.c:370 client hello, add ciphersuite: 002f, TLS-RSA-WITH-AES-128-CBC-SHA
[0m
D (14892) mbedtls: ssl_client.c:370 client hello, add ciphersuite: c031, TLS-ECDH-RSA-WITH-AES-128-GCM-SHA256
[0m
D (14902) mbedtls: ssl_client.c:370 client hello, add ciphersuite: c029, TLS-ECDH-RSA-WITH-AES-128-CBC-SHA256
[0m
D (14913) mbedtls: ssl_client.c:370 client hello, add ciphersuite: c00e, TLS-ECDH-RSA-WITH-AES-128-CBC-SHA
[0m
D (14922) mbedtls: ssl_client.c:370 client hello, add ciphersuite: c02d, TLS-ECDH-ECDSA-WITH-AES-128-GCM-SHA256
[0m
D (14933) mbedtls: ssl_client.c:370 client hello, add ciphersuite: c025, TLS-ECDH-ECDSA-WITH-AES-128-CBC-SHA256
[0m
D (14943) mbedtls: ssl_client.c:370 client hello, add ciphersuite: c004, TLS-ECDH-ECDSA-WITH-AES-128-CBC-SHA
[0m
D (14953) mbedtls: ssl_client.c:370 client hello, add ciphersuite: c0a0, TLS-RSA-WITH-AES-128-CCM-8
[0m
D (14962) mbedtls: ssl_client.c:370 client hello, add ciphersuite: c05e, TLS-ECDH-ECDSA-WITH-ARIA-128-GCM-SHA256
[0m
D (14973) mbedtls: ssl_client.c:370 client hello, add ciphersuite: c062, TLS-ECDH-RSA-WITH-ARIA-128-GCM-SHA256
[0m
D (14983) mbedtls: ssl_client.c:370 client hello, add ciphersuite: c050, TLS-RSA-WITH-ARIA-128-GCM-SHA256
[0m
D (14993) mbedtls: ssl_client.c:370 client hello, add ciphersuite: c04a, TLS-ECDH-ECDSA-WITH-ARIA-128-CBC-SHA256
[0m
D (15003) mbedtls: ssl_client.c:370 client hello, add ciphersuite: c04e, TLS-ECDH-RSA-WITH-ARIA-128-CBC-SHA256
[0m
D (15014) mbedtls: ssl_client.c:370 client hello, add ciphersuite: c03c, TLS-RSA-WITH-ARIA-128-CBC-SHA256
[0m
D (15023) mbedtls: ssl_client.c:388 adding EMPTY_RENEGOTIATION_INFO_SCSV
[0m
D (15030) mbedtls: ssl_client.c:397 client hello, got 59 cipher suites
[0m
D (15037) mbedtls: ssl_client.c:41 client hello, adding server name extension: clare.vinex.top
[0m
D (15046) mbedtls: ssl_client.c:231 client hello, adding supported_groups extension
[0m
D (15054) mbedtls: ssl_client.c:250 got supported group(001d)
[0m
D (15060) mbedtls: ssl_client.c:282 NamedGroup: x25519 ( 1d )
[0m
D (15066) mbedtls: ssl_client.c:250 got supported group(0017)
[0m
D (15072) mbedtls: ssl_client.c:282 NamedGroup: secp256r1 ( 17 )
[0m
D (15078) mbedtls: ssl_client.c:250 got supported group(0018)
[0m
D (15084) mbedtls: ssl_client.c:282 NamedGroup: secp384r1 ( 18 )
[0m
D (15090) mbedtls: ssl_client.c:250 got supported group(0019)
[0m
D (15096) mbedtls: ssl_client.c:282 NamedGroup: secp521r1 ( 19 )
[0m
D (15103) mbedtls: ssl_client.c:250 got supported group(001a)
[0m
D (15109) mbedtls: ssl_client.c:282 NamedGroup: bp256r1 ( 1a )
[0m
D (15115) mbedtls: ssl_client.c:250 got supported group(001b)
[0m
D (15121) mbedtls: ssl_client.c:282 NamedGroup: bp384r1 ( 1b )
[0m
D (15127) mbedtls: ssl_client.c:250 got supported group(001c)
[0m
D (15133) mbedtls: ssl_client.c:282 NamedGroup: bp512r1 ( 1c )
[0m
D (15139) mbedtls: ssl_client.c:302 dumping 'Supported groups extension' (16 bytes)
[0m
D (15147) mbedtls: ssl_client.c:302 0000:  00 0e 00 1d 00 17 00 18 00 19 00 1a 00 1b 00 1c  ................
[0m
D (15157) mbedtls: ssl_tls.c:9437 adding signature_algorithms extension
[0m
D (15164) mbedtls: ssl_tls.c:9457 got signature scheme [603] ecdsa_secp521r1_sha512
[0m
D (15171) mbedtls: ssl_tls.c:9466 sent signature scheme [603] ecdsa_secp521r1_sha512
[0m
D (15179) mbedtls: ssl_tls.c:9457 got signature scheme [806] rsa_pss_rsae_sha512
[0m
D (15187) mbedtls: ssl_tls.c:9457 got signature scheme [601] rsa_pkcs1_sha512
[0m
D (15194) mbedtls: ssl_tls.c:9466 sent signature scheme [601] rsa_pkcs1_sha512
[0m
D (15202) mbedtls: ssl_tls.c:9457 got signature scheme [503] ecdsa_secp384r1_sha384
[0m
D (15210) mbedtls: ssl_tls.c:9466 sent signature scheme [503] ecdsa_secp384r1_sha384
[0m
D (15218) mbedtls: ssl_tls.c:9457 got signature scheme [805] rsa_pss_rsae_sha384
[0m
D (15225) mbedtls: ssl_tls.c:9457 got signature scheme [501] rsa_pkcs1_sha384
[0m
D (15233) mbedtls: ssl_tls.c:9466 sent signature scheme [501] rsa_pkcs1_sha384
[0m
D (15240) mbedtls: ssl_tls.c:9457 got signature scheme [403] ecdsa_secp256r1_sha256
[0m
D (15248) mbedtls: ssl_tls.c:9466 sent signature scheme [403] ecdsa_secp256r1_sha256
[0m
D (15256) mbedtls: ssl_tls.c:9457 got signature scheme [804] rsa_pss_rsae_sha256
[0m
D (15264) mbedtls: ssl_tls.c:9457 got signature scheme [401] rsa_pkcs1_sha256
[0m
D (15271) mbedtls: ssl_tls.c:9466 sent signature scheme [401] rsa_pkcs1_sha256
[0m
D (15279) mbedtls: ssl_tls12_client.c:105 client hello, adding supported_point_formats extension
[0m
D (15288) mbedtls: ssl_tls12_client.c:306 client hello, adding encrypt_then_mac extension
[0m
D (15296) mbedtls: ssl_tls12_client.c:338 client hello, adding extended_master_secret extension
[0m
D (15305) mbedtls: ssl_tls12_client.c:372 client hello, adding session ticket extension
[0m
D (15313) mbedtls: ssl_client.c:689 client hello, total extension length: 80
[0m
D (15321) mbedtls: ssl_client.c:691 dumping 'client hello extensions' (80 bytes)
[0m
D (15328) mbedtls: ssl_client.c:691 0000:  00 50 00 00 00 14 00 12 00 00 0f 63 6c 61 72 65  .P.........clare
[0m
D (15338) mbedtls: ssl_client.c:691 0010:  2e 76 69 6e 65 78 2e 74 6f 70 00 0a 00 10 00 0e  .vinex.top......
[0m
D (15348) mbedtls: ssl_client.c:691 0020:  00 1d 00 17 00 18 00 19 00 1a 00 1b 00 1c 00 0d  ................
[0m
D (15358) mbedtls: ssl_client.c:691 0030:  00 0e 00 0c 06 03 06 01 05 03 05 01 04 03 04 01  ................
[0m
D (15369) mbedtls: ssl_client.c:691 0040:  00 0b 00 02 01 00 00 16 00 00 00 17 00 00 00 23  ...............#
[0m
[0;32mI (15379) mbedtls: ssl_msg.c:2784 => write handshake message
[0m
[0;32mI (15385) mbedtls: ssl_msg.c:2944 => write record
[0m
D (15391) mbedtls: ssl_msg.c:3028 output record: msgtype = 22, version = [3:3], msglen = 243
[0m
[0;32mI (15401) mbedtls: ssl_msg.c:3081 <= write record
[0m
[0;32mI (15405) mbedtls: ssl_msg.c:2905 <= write handshake message
[0m
D (15411) mbedtls: ssl_misc.h:1353 handshake state: 1 (MBEDTLS_SSL_CLIENT_HELLO) -> 2 (MBEDTLS_SSL_SERVER_HELLO)
[0m
[0;32mI (15422) mbedtls: ssl_client.c:1014 <= write client hello
[0m
[0;32mI (15428) mbedtls: ssl_msg.c:2354 => flush output
[0m
[0;32mI (15434) mbedtls: ssl_msg.c:2368 message length: 248, out_left: 248
[0m
[0;32mI (15442) mbedtls: ssl_msg.c:2375 ssl->f_send() returned 248 (-0xffffff08)
[0m
[0;32mI (15449) mbedtls: ssl_msg.c:2402 <= flush output
[0m
[0;32mI (15454) mbedtls: ssl_tls.c:4592 client state: MBEDTLS_SSL_SERVER_HELLO
[0m
[0;32mI (15462) mbedtls: ssl_tls12_client.c:1195 => parse server hello
[0m
[0;32mI (15469) mbedtls: ssl_msg.c:4299 => read record
[0m
[0;32mI (15474) mbedtls: ssl_msg.c:2156 => fetch input
[0m
[0;32mI (15479) mbedtls: ssl_msg.c:2296 in_left: 0, nb_want: 5
[0m
[0;32mI (15747) mbedtls: ssl_msg.c:2316 in_left: 0, nb_want: 5
[0m
[0;32mI (15748) mbedtls: ssl_msg.c:2319 ssl->f_recv(_timeout)() returned 5 (-0xfffffffb)
[0m
[0;32mI (15751) mbedtls: ssl_msg.c:2341 <= fetch input
[0m
D (15756) mbedtls: ssl_msg.c:3966 input record: msgtype = 22, version = [0x303], msglen = 67
[0m
[0;32mI (15765) mbedtls: ssl_msg.c:2156 => fetch input
[0m
[0;32mI (15770) mbedtls: ssl_msg.c:2296 in_left: 5, nb_want: 72
[0m
[0;32mI (15777) mbedtls: ssl_msg.c:2316 in_left: 5, nb_want: 72
[0m
[0;32mI (15783) mbedtls: ssl_msg.c:2319 ssl->f_recv(_timeout)() returned 67 (-0xffffffbd)
[0m
[0;32mI (15791) mbedtls: ssl_msg.c:2341 <= fetch input
[0m
D (15797) mbedtls: ssl_msg.c:3239 handshake message: msglen = 67, type = 2, hslen = 67
[0m
D (15805) mbedtls: ssl_msg.c:3328 sole handshake fragment: 67, 0..67 of 67
[0m
[0;32mI (15813) mbedtls: ssl_msg.c:4371 <= read record
[0m
D (15818) mbedtls: ssl_tls12_client.c:1269 dumping 'server hello, version' (2 bytes)
[0m
D (15826) mbedtls: ssl_tls12_client.c:1269 0000:  03 03                                            ..
[0m
D (15835) mbedtls: ssl_tls12_client.c:1290 server hello, current time: 1787904005
[0m
D (15843) mbedtls: ssl_tls12_client.c:1300 dumping 'server hello, random bytes' (32 bytes)
[0m
D (15851) mbedtls: ssl_tls12_client.c:1300 0000:  6a 91 40 05 8b ea 0b ab f1 25 b4 13 49 ce 1a 24  j.@......%..I..$
[0m
D (15862) mbedtls: ssl_tls12_client.c:1300 0010:  e0 a9 ab 60 cb 22 74 7a 44 4f 57 4e 47 52 44 01  ...`."tzDOWNGRD.
[0m
D (15873) mbedtls: ssl_tls12_client.c:1362 server hello, session id len.: 0
[0m
D (15880) mbedtls: ssl_tls12_client.c:1363 dumping 'server hello, session id' (0 bytes)
[0m
D (15888) mbedtls: ssl_misc.h:1353 handshake state: 2 (MBEDTLS_SSL_SERVER_HELLO) -> 3 (MBEDTLS_SSL_SERVER_CERTIFICATE)
[0m
D (15899) mbedtls: ssl_tls12_client.c:1387 no session has been resumed
[0m
D (15906) mbedtls: ssl_tls12_client.c:1390 server hello, chosen ciphersuite: c02b
[0m
D (15914) mbedtls: ssl_tls12_client.c:1391 server hello, compress alg.: 0
[0m
D (15921) mbedtls: ssl_tls12_client.c:1426 server hello, chosen ciphersuite: TLS-ECDHE-ECDSA-WITH-AES-128-GCM-SHA256
[0m
[0;32mI (15931) mbedtls: ssl_tls12_client.c:1447 server hello, total extension length: 23
[0m
D (15940) mbedtls: ssl_tls12_client.c:1592 unknown extension found: 0 (ignoring)
[0m
D (15948) mbedtls: ssl_tls12_client.c:1517 found extended_master_secret extension
[0m
D (15955) mbedtls: ssl_tls12_client.c:1465 found renegotiation extension
[0m
D (15962) mbedtls: ssl_tls12_client.c:1544 found supported_point_formats extension
[0m
D (15970) mbedtls: ssl_tls12_client.c:1530 found session_ticket extension
[0m
[0;32mI (15977) mbedtls: ssl_tls12_client.c:1661 <= parse server hello
[0m
[0;32mI (15984) mbedtls: ssl_msg.c:2354 => flush output
[0m
[0;32mI (15989) mbedtls: ssl_msg.c:2363 <= flush output
[0m
[0;32mI (15995) mbedtls: ssl_tls.c:4592 client state: MBEDTLS_SSL_SERVER_CERTIFICATE
[0m
[0;32mI (16003) mbedtls: ssl_tls.c:8027 => parse certificate
[0m
[0;32mI (16009) mbedtls: ssl_msg.c:4299 => read record
[0m
[0;32mI (16015) mbedtls: ssl_msg.c:2156 => fetch input
[0m
[0;32mI (16020) mbedtls: ssl_msg.c:2296 in_left: 0, nb_want: 5
[0m
[0;32mI (16026) mbedtls: ssl_msg.c:2316 in_left: 0, nb_want: 5
[0m
[0;32mI (16032) mbedtls: ssl_msg.c:2319 ssl->f_recv(_timeout)() returned 5 (-0xfffffffb)
[0m
[0;32mI (16041) mbedtls: ssl_msg.c:2341 <= fetch input
[0m
D (16046) mbedtls: ssl_msg.c:3966 input record: msgtype = 22, version = [0x303], msglen = 3409
[0m
[0;32mI (16055) mbedtls: ssl_msg.c:2156 => fetch input
[0m
[0;32mI (16061) mbedtls: ssl_msg.c:2296 in_left: 5, nb_want: 3414
[0m
[0;32mI (16068) mbedtls: ssl_msg.c:2316 in_left: 5, nb_want: 3414
[0m
[0;32mI (16073) mbedtls: ssl_msg.c:2319 ssl->f_recv(_timeout)() returned 3409 (-0xfffff2af)
[0m
[0;32mI (16082) mbedtls: ssl_msg.c:2341 <= fetch input
[0m
D (16108) mbedtls: ssl_msg.c:3239 handshake message: msglen = 3409, type = 11, hslen = 3409
[0m
D (16109) mbedtls: ssl_msg.c:3328 sole handshake fragment: 3409, 0..3409 of 3409
[0m
[0;32mI (16135) mbedtls: ssl_msg.c:4371 <= read record
[0m
D (16138) mbedtls: ssl_tls.c:7899 peer certificate #1:
[0m
D (16139) mbedtls: ssl_tls.c:7899 cert. version     : 3
[0m
D (16140) mbedtls: ssl_tls.c:7899 serial number     : 05:D0:99:8E:FA:9A:21:07:1C:62:38:22:5A:B0:C8:72:AA:10
[0m
D (16150) mbedtls: ssl_tls.c:7899 issuer name       : C=US, O=Let's Encrypt, CN=YE1
[0m
D (16158) mbedtls: ssl_tls.c:7899 subject name      : CN=vinex.top
[0m
D (16165) mbedtls: ssl_tls.c:7899 issued  on        : 2026-08-23 05:15:56
[0m
D (16172) mbedtls: ssl_tls.c:7899 expires on        : 2026-11-21 05:15:55
[0m
D (16179) mbedtls: ssl_tls.c:7899 signed using      : ECDSA with SHA384
[0m
D (16186) mbedtls: ssl_tls.c:7899 EC key size       : 256 bits
[0m
D (16192) mbedtls: ssl_tls.c:7899 basic constraints : CA=false
[0m
D (16198) mbedtls: ssl_tls.c:7899 subject alt name  :
[0m
D (16203) mbedtls: ssl_tls.c:7899     dNSName : *.vinex.top
[0m
D (16209) mbedtls: ssl_tls.c:7899     dNSName : vinex.top
[0m
D (16215) mbedtls: ssl_tls.c:7899 key usage         : Digital Signature
[0m
D (16221) mbedtls: ssl_tls.c:7899 ext key usage     : TLS Web Server Authentication
[0m
D (16229) mbedtls: ssl_tls.c:7899 certificate policies : ???
[0m
D (16235) mbedtls: ssl_tls.c:7899 value of 'crt->eckey.Q(X)' (254 bits) is:
[0m
D (16243) mbedtls: ssl_tls.c:7899  37 19 c6 d2 33 70 72 15 58 54 3e 17 79 7f b3 5e
[0m
D (16250) mbedtls: ssl_tls.c:7899  3c f3 0f 8c 42 a5 6e ad d6 ff f5 4e e0 ab c4 f9
[0m
D (16258) mbedtls: ssl_tls.c:7899 value of 'crt->eckey.Q(Y)' (256 bits) is:
[0m
D (16265) mbedtls: ssl_tls.c:7899  ff 61 8c eb 61 4f 3e e2 cb fd 34 f3 b9 7e 90 26
[0m
D (16273) mbedtls: ssl_tls.c:7899  cd 0f ee b1 e0 9a 9b 44 3e 6d 38 0b 34 5d ce 08
[0m
D (16281) mbedtls: ssl_tls.c:7899 peer certificate #2:
[0m
D (16287) mbedtls: ssl_tls.c:7899 cert. version     : 3
[0m
D (16292) mbedtls: ssl_tls.c:7899 serial number     : 5D:DD:70:DD:31:F8:01:C8:5C:18:6A:7A:04:B8:0A:FE
[0m
D (16301) mbedtls: ssl_tls.c:7899 issuer name       : C=US, O=ISRG, CN=Root YE
[0m
D (16309) mbedtls: ssl_tls.c:7899 subject name      : C=US, O=Let's Encrypt, CN=YE1
[0m
D (16317) mbedtls: ssl_tls.c:7899 issued  on        : 2025-09-03 00:00:00
[0m
D (16324) mbedtls: ssl_tls.c:7899 expires on        : 2028-09-02 23:59:59
[0m
D (16331) mbedtls: ssl_tls.c:7899 signed using      : ECDSA with SHA384
[0m
D (16338) mbedtls: ssl_tls.c:7899 EC key size       : 384 bits
[0m
D (16344) mbedtls: ssl_tls.c:7899 basic constraints : CA=true, max_pathlen=0
[0m
D (16351) mbedtls: ssl_tls.c:7899 key usage         : Digital Signature, Key Cert Sign, CRL Sign
[0m
D (16360) mbedtls: ssl_tls.c:7899 ext key usage     : TLS Web Server Authentication
[0m
D (16368) mbedtls: ssl_tls.c:7899 certificate policies : ???
[0m
D (16374) mbedtls: ssl_tls.c:7899 value of 'crt->eckey.Q(X)' (379 bits) is:
[0m
D (16381) mbedtls: ssl_tls.c:7899  07 65 50 75 fe 68 a6 95 ad a1 7d 2b ab ca 54 9c
[0m
D (16389) mbedtls: ssl_tls.c:7899  8c f3 19 68 e2 57 2f 3f cd 9c 07 36 b3 29 66 f1
[0m
D (16397) mbedtls: ssl_tls.c:7899  60 f2 85 4f 42 72 9f b3 01 24 22 e6 f4 b0 18 62
[0m
D (16404) mbedtls: ssl_tls.c:7899 value of 'crt->eckey.Q(Y)' (383 bits) is:
[0m
D (16412) mbedtls: ssl_tls.c:7899  63 48 69 25 90 3f 5f 74 f4 7c 1a 9c 83 20 e2 23
[0m
D (16419) mbedtls: ssl_tls.c:7899  08 47 eb 9d bb 7f bf e6 52 10 f2 cb 10 66 da 33
[0m
D (16427) mbedtls: ssl_tls.c:7899  a1 1c 70 36 cd ee 9f 71 b5 e2 26 d8 0b df fa bc
[0m
D (16435) mbedtls: ssl_tls.c:7899 peer certificate #3:
[0m
D (16441) mbedtls: ssl_tls.c:7899 cert. version     : 3
[0m
D (16446) mbedtls: ssl_tls.c:7899 serial number     : 87:21:65:FC:34:B6:E5:FB:A8:AD:D5:B3:70:5F:B5:3A
[0m
D (16455) mbedtls: ssl_tls.c:7899 issuer name       : C=US, O=Internet Security Research Group, CN=ISRG Root X2
[0m
D (16466) mbedtls: ssl_tls.c:7899 subject name      : C=US, O=ISRG, CN=Root YE
[0m
D (16473) mbedtls: ssl_tls.c:7899 issued  on        : 2026-05-13 00:00:00
[0m
D (16480) mbedtls: ssl_tls.c:7899 expires on        : 2032-09-02 23:59:59
[0m
D (16487) mbedtls: ssl_tls.c:7899 signed using      : ECDSA with SHA384
[0m
D (16494) mbedtls: ssl_tls.c:7899 EC key size       : 384 bits
[0m
D (16500) mbedtls: ssl_tls.c:7899 basic constraints : CA=true
[0m
D (16506) mbedtls: ssl_tls.c:7899 key usage         : Key Cert Sign, CRL Sign
[0m
D (16513) mbedtls: ssl_tls.c:7899 ext key usage     : TLS Web Server Authentication
[0m
D (16521) mbedtls: ssl_tls.c:7899 certificate policies : ???
[0m
D (16527) mbedtls: ssl_tls.c:7899 value of 'crt->eckey.Q(X)' (382 bits) is:
[0m
D (16535) mbedtls: ssl_tls.c:7899  3c 12 ff ab e1 ad c5 6a 71 b0 68 fb 08 1d 23 77
[0m
D (16542) mbedtls: ssl_tls.c:7899  f0 9f dc 7b 0c d2 49 39 8f e5 4c eb 62 d2 f9 30
[0m
D (16550) mbedtls: ssl_tls.c:7899  b9 13 7c ed 18 44 85 31 f5 ec 4e d7 c8 58 d6 b0
[0m
D (16558) mbedtls: ssl_tls.c:7899 value of 'crt->eckey.Q(Y)' (384 bits) is:
[0m
D (16565) mbedtls: ssl_tls.c:7899  f6 21 20 fb 7f c3 33 aa c5 37 76 6f ee 19 24 dc
[0m
D (16573) mbedtls: ssl_tls.c:7899  bd 20 3d 38 63 2c 05 f5 4e 73 6a c0 d5 c8 64 8d
[0m
D (16581) mbedtls: ssl_tls.c:7899  12 b5 4d b7 3f 2e 48 68 79 8b 35 bc ee 3e fb 19
[0m
D (16589) mbedtls: ssl_tls.c:7899 peer certificate #4:
[0m
D (16594) mbedtls: ssl_tls.c:7899 cert. version     : 3
[0m
D (16599) mbedtls: ssl_tls.c:7899 serial number     : 6C:8F:1D:C7:27:C7:11:7F:7B:AF:85:3A:C9:80:F9:CD
[0m
D (16609) mbedtls: ssl_tls.c:7899 issuer name       : C=US, O=Internet Security Research Group, CN=ISRG Root X1
[0m
D (16619) mbedtls: ssl_tls.c:7899 subject name      : C=US, O=Internet Security Research Group, CN=ISRG Root X2
[0m
D (16629) mbedtls: ssl_tls.c:7899 issued  on        : 2026-05-13 00:00:00
[0m
D (16637) mbedtls: ssl_tls.c:7899 expires on        : 2032-09-02 23:59:59
[0m
D (16644) mbedtls: ssl_tls.c:7899 signed using      : RSA with SHA-256
[0m
D (16650) mbedtls: ssl_tls.c:7899 EC key size       : 384 bits
[0m
D (16656) mbedtls: ssl_tls.c:7899 basic constraints : CA=true
[0m
D (16662) mbedtls: ssl_tls.c:7899 key usage         : Key Cert Sign, CRL Sign
[0m
D (16670) mbedtls: ssl_tls.c:7899 ext key usage     : TLS Web Server Authentication, TLS Web Client Authentication
[0m
D (16680) mbedtls: ssl_tls.c:7899 certificate policies : ???
[0m
D (16686) mbedtls: ssl_tls.c:7899 value of 'crt->eckey.Q(X)' (384 bits) is:
[0m
D (16694) mbedtls: ssl_tls.c:7899  cd 9b d5 9f 80 83 0a ec 09 4a f3 16 4a 3e 5c cf
[0m
D (16701) mbedtls: ssl_tls.c:7899  77 ac de 67 05 0d 1d 07 b6 dc 16 fb 5a 8b 14 db
[0m
D (16709) mbedtls: ssl_tls.c:7899  e2 71 60 c4 ba 45 95 11 89 8e ea 06 df f7 2a 16
[0m
D (16717) mbedtls: ssl_tls.c:7899 value of 'crt->eckey.Q(Y)' (381 bits) is:
[0m
D (16724) mbedtls: ssl_tls.c:7899  1c a4 b9 c5 c5 32 e0 03 e0 1e 82 18 38 8b d7 45
[0m
D (16732) mbedtls: ssl_tls.c:7899  d8 0a 6a 6e e6 00 77 fb 02 51 7d 22 d8 0a 6e 9a
[0m
D (16740) mbedtls: ssl_tls.c:7899  5b 77 df f0 fa 41 ec 39 dc 75 ca 68 07 0c 1f ea
[0m
D (16748) mbedtls: ssl_tls.c:9895 Use configuration-specific verification callback
[0m
D (17144) mbedtls: ssl_tls.c:10055 Certificate verification flags clear
[0m
[0;32mI (17145) mbedtls: ssl_tls.c:8141 <= parse certificate
[0m
D (17146) mbedtls: ssl_misc.h:1353 handshake state: 3 (MBEDTLS_SSL_SERVER_CERTIFICATE) -> 4 (MBEDTLS_SSL_SERVER_KEY_EXCHANGE)
[0m
[0;32mI (17157) mbedtls: ssl_msg.c:2354 => flush output
[0m
[0;32mI (17163) mbedtls: ssl_msg.c:2363 <= flush output
[0m
[0;32mI (17169) mbedtls: ssl_tls.c:4592 client state: MBEDTLS_SSL_SERVER_KEY_EXCHANGE
[0m
[0;32mI (17177) mbedtls: ssl_tls12_client.c:2089 => parse server key exchange
[0m
[0;32mI (17184) mbedtls: ssl_msg.c:4299 => read record
[0m
[0;32mI (17190) mbedtls: ssl_msg.c:2156 => fetch input
[0m
[0;32mI (17195) mbedtls: ssl_msg.c:2296 in_left: 0, nb_want: 5
[0m
[0;32mI (17201) mbedtls: ssl_msg.c:2316 in_left: 0, nb_want: 5
[0m
[0;32mI (17207) mbedtls: ssl_msg.c:2319 ssl->f_recv(_timeout)() returned 5 (-0xfffffffb)
[0m
[0;32mI (17216) mbedtls: ssl_msg.c:2341 <= fetch input
[0m
D (17221) mbedtls: ssl_msg.c:3966 input record: msgtype = 22, version = [0x303], msglen = 115
[0m
[0;32mI (17230) mbedtls: ssl_msg.c:2156 => fetch input
[0m
[0;32mI (17235) mbedtls: ssl_msg.c:2296 in_left: 5, nb_want: 120
[0m
[0;32mI (17242) mbedtls: ssl_msg.c:2316 in_left: 5, nb_want: 120
[0m
[0;32mI (17248) mbedtls: ssl_msg.c:2319 ssl->f_recv(_timeout)() returned 115 (-0xffffff8d)
[0m
[0;32mI (17257) mbedtls: ssl_msg.c:2341 <= fetch input
[0m
D (17263) mbedtls: ssl_msg.c:3239 handshake message: msglen = 115, type = 12, hslen = 115
[0m
D (17271) mbedtls: ssl_msg.c:3328 sole handshake fragment: 115, 0..115 of 115
[0m
[0;32mI (17279) mbedtls: ssl_msg.c:4371 <= read record
[0m
D (17283) mbedtls: ssl_tls12_client.c:2176 dumping 'server key exchange' (111 bytes)
[0m
D (17292) mbedtls: ssl_tls12_client.c:2176 0000:  03 00 1d 20 37 05 85 06 67 56 55 57 72 c3 18 cd  ... 7...gVUWr...
[0m
D (17302) mbedtls: ssl_tls12_client.c:2176 0010:  d9 6a d3 91 cf b5 d7 05 25 8b e7 37 0e b6 8c 67  .j......%..7...g
[0m
D (17313) mbedtls: ssl_tls12_client.c:2176 0020:  a8 b6 7a 16 04 03 00 47 30 45 02 20 22 38 0c 23  ..z....G0E. "8.#
[0m
D (17324) mbedtls: ssl_tls12_client.c:2176 0030:  fe ac 5f 59 48 3f 04 08 f8 e2 c1 d8 a1 11 b8 92  .._YH?..........
[0m
D (17334) mbedtls: ssl_tls12_client.c:2176 0040:  91 fe ed f7 aa 6a 5a 1a 2b a6 41 95 02 21 00 fc  .....jZ.+.A..!..
[0m
D (17345) mbedtls: ssl_tls12_client.c:2176 0050:  48 80 1e 25 c4 c2 e0 22 95 4f 97 c7 07 c1 87 00  H..%...".O......
[0m
D (17356) mbedtls: ssl_tls12_client.c:2176 0060:  15 e2 20 29 94 6b 10 72 ec 7e 05 d7 bc 53 c4     .. ).k.r.~...S.
[0m
[0;32mI (17366) mbedtls: ssl_tls12_client.c:1805 ECDH curve: x25519
[0m
D (17373) mbedtls: ssl_tls12_client.c:1812 value of 'ECDH: Qp(X)' (253 bits) is:
[0m
D (17380) mbedtls: ssl_tls12_client.c:1812  16 7a b6 a8 67 8c b6 0e 37 e7 8b 25 05 d7 b5 cf
[0m
D (17389) mbedtls: ssl_tls12_client.c:1812  91 d3 6a d9 cd 18 c3 72 57 55 56 67 06 85 05 37
[0m
D (17398) mbedtls: ssl_tls12_client.c:1812 value of 'ECDH: Qp(Y)' (0 bits) is:
[0m
D (17405) mbedtls: ssl_tls12_client.c:1812  00
[0m
D (17410) mbedtls: ssl_tls12_client.c:2371 dumping 'signature' (71 bytes)
[0m
D (17417) mbedtls: ssl_tls12_client.c:2371 0000:  30 45 02 20 22 38 0c 23 fe ac 5f 59 48 3f 04 08  0E. "8.#.._YH?..
[0m
D (17427) mbedtls: ssl_tls12_client.c:2371 0010:  f8 e2 c1 d8 a1 11 b8 92 91 fe ed f7 aa 6a 5a 1a  .............jZ.
[0m
D (17438) mbedtls: ssl_tls12_client.c:2371 0020:  2b a6 41 95 02 21 00 fc 48 80 1e 25 c4 c2 e0 22  +.A..!..H..%..."
[0m
D (17449) mbedtls: ssl_tls12_client.c:2371 0030:  95 4f 97 c7 07 c1 87 00 15 e2 20 29 94 6b 10 72  .O........ ).k.r
[0m
D (17459) mbedtls: ssl_tls12_client.c:2371 0040:  ec 7e 05 d7 bc 53 c4                             .~...S.
[0m
D (17469) mbedtls: ssl_tls.c:9237 Perform mbedtls-based computation of digest of ServerKeyExchange
[0m
D (17479) mbedtls: ssl_tls12_client.c:2388 dumping 'parameters hash' (32 bytes)
[0m
D (17486) mbedtls: ssl_tls12_client.c:2388 0000:  f6 4e 2f c2 75 c0 1b af 5a ce 1c 97 c5 57 85 53  .N/.u...Z....W.S
[0m
D (17497) mbedtls: ssl_tls12_client.c:2388 0010:  c3 85 a5 83 a7 3a 7a f7 dc f5 14 6a 7b 5c be d5  .....:z....j{\..
[0m
D (17546) mbedtls: ssl_misc.h:1353 handshake state: 4 (MBEDTLS_SSL_SERVER_KEY_EXCHANGE) -> 5 (MBEDTLS_SSL_CERTIFICATE_REQUEST)
[0m
[0;32mI (17547) mbedtls: ssl_tls12_client.c:2459 <= parse server key exchange
[0m
[0;32mI (17555) mbedtls: ssl_msg.c:2354 => flush output
[0m
[0;32mI (17560) mbedtls: ssl_msg.c:2363 <= flush output
[0m
[0;32mI (17566) mbedtls: ssl_tls.c:4592 client state: MBEDTLS_SSL_CERTIFICATE_REQUEST
[0m
[0;32mI (17574) mbedtls: ssl_tls12_client.c:2498 => parse certificate request
[0m
[0;32mI (17581) mbedtls: ssl_msg.c:4299 => read record
[0m
[0;32mI (17587) mbedtls: ssl_msg.c:2156 => fetch input
[0m
[0;32mI (17592) mbedtls: ssl_msg.c:2296 in_left: 0, nb_want: 5
[0m
[0;32mI (17599) mbedtls: ssl_msg.c:2316 in_left: 0, nb_want: 5
[0m
[0;32mI (17605) mbedtls: ssl_msg.c:2319 ssl->f_recv(_timeout)() returned 5 (-0xfffffffb)
[0m
[0;32mI (17613) mbedtls: ssl_msg.c:2341 <= fetch input
[0m
D (17619) mbedtls: ssl_msg.c:3966 input record: msgtype = 22, version = [0x303], msglen = 4
[0m
[0;32mI (17627) mbedtls: ssl_msg.c:2156 => fetch input
[0m
[0;32mI (17632) mbedtls: ssl_msg.c:2296 in_left: 5, nb_want: 9
[0m
[0;32mI (17639) mbedtls: ssl_msg.c:2316 in_left: 5, nb_want: 9
[0m
[0;32mI (17645) mbedtls: ssl_msg.c:2319 ssl->f_recv(_timeout)() returned 4 (-0xfffffffc)
[0m
[0;32mI (17653) mbedtls: ssl_msg.c:2341 <= fetch input
[0m
D (17659) mbedtls: ssl_msg.c:3239 handshake message: msglen = 4, type = 14, hslen = 4
[0m
D (17667) mbedtls: ssl_msg.c:3328 sole handshake fragment: 4, 0..4 of 4
[0m
[0;32mI (17674) mbedtls: ssl_msg.c:4371 <= read record
[0m
D (17679) mbedtls: ssl_misc.h:1353 handshake state: 5 (MBEDTLS_SSL_CERTIFICATE_REQUEST) -> 6 (MBEDTLS_SSL_SERVER_HELLO_DONE)
[0m
D (17691) mbedtls: ssl_tls12_client.c:2524 got no certificate request
[0m
[0;32mI (17697) mbedtls: ssl_tls12_client.c:2660 <= parse certificate request
[0m
[0;32mI (17705) mbedtls: ssl_msg.c:2354 => flush output
[0m
[0;32mI (17710) mbedtls: ssl_msg.c:2363 <= flush output
[0m
[0;32mI (17716) mbedtls: ssl_tls.c:4592 client state: MBEDTLS_SSL_SERVER_HELLO_DONE
[0m
[0;32mI (17724) mbedtls: ssl_tls12_client.c:2671 => parse server hello done
[0m
[0;32mI (17731) mbedtls: ssl_msg.c:4299 => read record
[0m
[0;32mI (17737) mbedtls: ssl_msg.c:4367 reuse previously read message
[0m
[0;32mI (17743) mbedtls: ssl_msg.c:4371 <= read record
[0m
D (17749) mbedtls: ssl_misc.h:1353 handshake state: 6 (MBEDTLS_SSL_SERVER_HELLO_DONE) -> 7 (MBEDTLS_SSL_CLIENT_CERTIFICATE)
[0m
[0;32mI (17760) mbedtls: ssl_tls12_client.c:2699 <= parse server hello done
[0m
[0;32mI (17767) mbedtls: ssl_msg.c:2354 => flush output
[0m
[0;32mI (17773) mbedtls: ssl_msg.c:2363 <= flush output
[0m
[0;32mI (17779) mbedtls: ssl_tls.c:4592 client state: MBEDTLS_SSL_CLIENT_CERTIFICATE
[0m
[0;32mI (17787) mbedtls: ssl_tls.c:7622 => write certificate
[0m
[0;32mI (17793) mbedtls: ssl_tls.c:7633 <= skip write certificate
[0m
D (17799) mbedtls: ssl_misc.h:1353 handshake state: 7 (MBEDTLS_SSL_CLIENT_CERTIFICATE) -> 8 (MBEDTLS_SSL_CLIENT_KEY_EXCHANGE)
[0m
[0;32mI (17811) mbedtls: ssl_msg.c:2354 => flush output
[0m
[0;32mI (17816) mbedtls: ssl_msg.c:2363 <= flush output
[0m
[0;32mI (17822) mbedtls: ssl_tls.c:4592 client state: MBEDTLS_SSL_CLIENT_KEY_EXCHANGE
[0m
[0;32mI (17830) mbedtls: ssl_tls12_client.c:2714 => write client key exchange
[0m
D (17961) mbedtls: ssl_tls12_client.c:2860 value of 'ECDH: Q(X)' (254 bits) is:
[0m
D (17961) mbedtls: ssl_tls12_client.c:2860  38 31 8d fd bb 34 e2 b3 14 f1 98 97 d2 08 89 04
[0m
D (17966) mbedtls: ssl_tls12_client.c:2860  2f b7 3f 2a 1b 2d da 78 d7 bc e0 21 33 0f e5 22
[0m
D (17975) mbedtls: ssl_tls12_client.c:2860 value of 'ECDH: Q(Y)' (0 bits) is:
[0m
D (17982) mbedtls: ssl_tls12_client.c:2860  00
[0m
D (18113) mbedtls: ssl_tls12_client.c:2888 value of 'ECDH: z' (255 bits) is:
[0m
D (18113) mbedtls: ssl_tls12_client.c:2888  71 41 cf 1c ca 3f a2 2f 57 a0 17 52 d8 2e 55 b5
[0m
D (18118) mbedtls: ssl_tls12_client.c:2888  a1 19 02 8b 8a d0 0e 31 b2 26 87 a9 d4 ac 79 c9
[0m
D (18126) mbedtls: ssl_misc.h:1353 handshake state: 8 (MBEDTLS_SSL_CLIENT_KEY_EXCHANGE) -> 9 (MBEDTLS_SSL_CERTIFICATE_VERIFY)
[0m
[0;32mI (18138) mbedtls: ssl_msg.c:2784 => write handshake message
[0m
[0;32mI (18145) mbedtls: ssl_msg.c:2944 => write record
[0m
D (18150) mbedtls: ssl_msg.c:3028 output record: msgtype = 22, version = [3:3], msglen = 37
[0m
[0;32mI (18159) mbedtls: ssl_msg.c:2354 => flush output
[0m
[0;32mI (18164) mbedtls: ssl_msg.c:2368 message length: 42, out_left: 42
[0m
[0;32mI (18172) mbedtls: ssl_msg.c:2375 ssl->f_send() returned 42 (-0xffffffd6)
[0m
[0;32mI (18179) mbedtls: ssl_msg.c:2402 <= flush output
[0m
[0;32mI (18184) mbedtls: ssl_msg.c:3081 <= write record
[0m
[0;32mI (18190) mbedtls: ssl_msg.c:2905 <= write handshake message
[0m
[0;32mI (18196) mbedtls: ssl_tls12_client.c:3209 <= write client key exchange
[0m
[0;32mI (18204) mbedtls: ssl_msg.c:2354 => flush output
[0m
[0;32mI (18209) mbedtls: ssl_msg.c:2363 <= flush output
[0m
[0;32mI (18215) mbedtls: ssl_tls.c:4592 client state: MBEDTLS_SSL_CERTIFICATE_VERIFY
[0m
[0;32mI (18223) mbedtls: ssl_tls12_client.c:3257 => write certificate verify
[0m
[0;32mI (18230) mbedtls: ssl_tls.c:7236 => derive keys
[0m
[0;32mI (18236) mbedtls: ssl_tls.c:7360 => calc verify
[0m
D (18242) mbedtls: ssl_tls.c:7378 dumping 'calculated verify result' (32 bytes)
[0m
D (18249) mbedtls: ssl_tls.c:7378 0000:  f5 59 c4 4c eb 13 dc 49 e3 5c ed 68 34 bd 6c 4a  .Y.L...I.\.h4.lJ
[0m
D (18259) mbedtls: ssl_tls.c:7378 0010:  b8 c4 ad 61 c0 11 30 4d c7 7d a9 dd be b1 6b d3  ...a..0M.}....k.
[0m
[0;32mI (18269) mbedtls: ssl_tls.c:7379 <= calc verify
[0m
D (18274) mbedtls: ssl_tls.c:7090 dumping 'session hash for extended master secret' (32 bytes)
[0m
D (18283) mbedtls: ssl_tls.c:7090 0000:  f5 59 c4 4c eb 13 dc 49 e3 5c ed 68 34 bd 6c 4a  .Y.L...I.\.h4.lJ
[0m
D (18293) mbedtls: ssl_tls.c:7090 0010:  b8 c4 ad 61 c0 11 30 4d c7 7d a9 dd be b1 6b d3  ...a..0M.}....k.
[0m
D (18303) mbedtls: ssl_tls.c:7219 dumping 'premaster secret' (32 bytes)
[0m
D (18310) mbedtls: ssl_tls.c:7219 0000:  c9 79 ac d4 a9 87 26 b2 31 0e d0 8a 8b 02 19 a1  .y....&.1.......
[0m
D (18320) mbedtls: ssl_tls.c:7219 0010:  b5 55 2e d8 52 17 a0 57 2f a2 3f ca 1c cf 41 71  .U..R..W/.?...Aq
[0m
D (18331) mbedtls: ssl_tls.c:8774 ciphersuite = TLS-ECDHE-ECDSA-WITH-AES-128-GCM-SHA256
[0m
D (18338) mbedtls: ssl_tls.c:8776 dumping 'master secret' (48 bytes)
[0m
D (18344) mbedtls: ssl_tls.c:8776 0000:  79 e5 d2 86 07 a2 bf da d9 17 d4 03 96 9c ae 30  y..............0
[0m
D (18354) mbedtls: ssl_tls.c:8776 0010:  a9 20 a3 92 d2 38 d5 c6 f1 51 29 27 5d b3 19 ac  . ...8...Q)']...
[0m
D (18364) mbedtls: ssl_tls.c:8776 0020:  0e e7 12 6a c0 c0 eb df ed 78 f5 70 62 94 ef 77  ...j.....x.pb..w
[0m
D (18376) mbedtls: ssl_tls.c:8896 keylen: 16, minlen: 24, ivlen: 12, maclen: 0
[0m
[0;32mI (18382) mbedtls: ssl_tls.c:7287 <= derive keys
[0m
[0;32mI (18387) mbedtls: ssl_tls12_client.c:3279 <= skip write certificate verify
[0m
D (18395) mbedtls: ssl_misc.h:1353 handshake state: 9 (MBEDTLS_SSL_CERTIFICATE_VERIFY) -> 10 (MBEDTLS_SSL_CLIENT_CHANGE_CIPHER_SPEC)
[0m
[0;32mI (18407) mbedtls: ssl_msg.c:2354 => flush output
[0m
[0;32mI (18412) mbedtls: ssl_msg.c:2363 <= flush output
[0m
[0;32mI (18418) mbedtls: ssl_tls.c:4592 client state: MBEDTLS_SSL_CLIENT_CHANGE_CIPHER_SPEC
[0m
[0;32mI (18427) mbedtls: ssl_msg.c:5316 => write change cipher spec
[0m
D (18433) mbedtls: ssl_misc.h:1353 handshake state: 10 (MBEDTLS_SSL_CLIENT_CHANGE_CIPHER_SPEC) -> 11 (MBEDTLS_SSL_CLIENT_FINISHED)
[0m
[0;32mI (18445) mbedtls: ssl_msg.c:2784 => write handshake message
[0m
[0;32mI (18452) mbedtls: ssl_msg.c:2944 => write record
[0m
D (18457) mbedtls: ssl_msg.c:3028 output record: msgtype = 20, version = [3:3], msglen = 1
[0m
[0;32mI (18466) mbedtls: ssl_msg.c:2354 => flush output
[0m
[0;32mI (18471) mbedtls: ssl_msg.c:2368 message length: 6, out_left: 6
[0m
[0;32mI (18479) mbedtls: ssl_msg.c:2375 ssl->f_send() returned 6 (-0xfffffffa)
[0m
[0;32mI (18486) mbedtls: ssl_msg.c:2402 <= flush output
[0m
[0;32mI (18491) mbedtls: ssl_msg.c:3081 <= write record
[0m
[0;32mI (18497) mbedtls: ssl_msg.c:2905 <= write handshake message
[0m
[0;32mI (18503) mbedtls: ssl_msg.c:5329 <= write change cipher spec
[0m
[0;32mI (18510) mbedtls: ssl_msg.c:2354 => flush output
[0m
[0;32mI (18516) mbedtls: ssl_msg.c:2363 <= flush output
[0m
[0;32mI (18521) mbedtls: ssl_tls.c:4592 client state: MBEDTLS_SSL_CLIENT_FINISHED
[0m
[0;32mI (18529) mbedtls: ssl_tls.c:8372 => write finished
[0m
[0;32mI (18535) mbedtls: ssl_tls.c:8206 => calc finished tls
[0m
D (18541) mbedtls: ssl_tls.c:8233 dumping 'calc finished result' (12 bytes)
[0m
D (18548) mbedtls: ssl_tls.c:8233 0000:  67 5a 7f 0f 5e d4 67 98 f3 02 bc 31              gZ..^.g....1
[0m
[0;32mI (18557) mbedtls: ssl_tls.c:8237 <= calc finished
[0m
D (18563) mbedtls: ssl_misc.h:1353 handshake state: 11 (MBEDTLS_SSL_CLIENT_FINISHED) -> 12 (MBEDTLS_SSL_SERVER_CHANGE_CIPHER_SPEC)
[0m
D (18575) mbedtls: ssl_tls.c:8422 switching to new transform spec for outbound data
[0m
[0;32mI (18583) mbedtls: ssl_msg.c:2784 => write handshake message
[0m
[0;32mI (18589) mbedtls: ssl_msg.c:2944 => write record
[0m
[0;32mI (18595) mbedtls: ssl_msg.c:936 => encrypt buf
[0m
D (18601) mbedtls: ssl_msg.c:1190 before encrypt: msglen = 16, including 0 bytes of padding
[0m
[0;32mI (18610) mbedtls: ssl_msg.c:1475 <= encrypt buf
[0m
D (18615) mbedtls: ssl_msg.c:3028 output record: msgtype = 22, version = [3:3], msglen = 40
[0m
[0;32mI (18623) mbedtls: ssl_msg.c:2354 => flush output
[0m
[0;32mI (18629) mbedtls: ssl_msg.c:2368 message length: 45, out_left: 45
[0m
[0;32mI (18636) mbedtls: ssl_msg.c:2375 ssl->f_send() returned 45 (-0xffffffd3)
[0m
[0;32mI (18643) mbedtls: ssl_msg.c:2402 <= flush output
[0m
[0;32mI (18649) mbedtls: ssl_msg.c:3081 <= write record
[0m
[0;32mI (18654) mbedtls: ssl_msg.c:2905 <= write handshake message
[0m
[0;32mI (18661) mbedtls: ssl_tls.c:8475 <= write finished
[0m
[0;32mI (18667) mbedtls: ssl_msg.c:2354 => flush output
[0m
[0;32mI (18672) mbedtls: ssl_msg.c:2363 <= flush output
[0m
[0;32mI (18678) mbedtls: ssl_tls.c:4592 client state: MBEDTLS_SSL_SERVER_CHANGE_CIPHER_SPEC
[0m
D (18686) mbedtls: ssl_misc.h:1353 handshake state: 12 (MBEDTLS_SSL_SERVER_CHANGE_CIPHER_SPEC) -> 16 (MBEDTLS_SSL_NEW_SESSION_TICKET)
[0m
[0;32mI (18699) mbedtls: ssl_tls12_client.c:3385 => parse new session ticket
[0m
[0;32mI (18706) mbedtls: ssl_msg.c:4299 => read record
[0m
[0;32mI (18712) mbedtls: ssl_msg.c:2156 => fetch input
[0m
[0;32mI (18717) mbedtls: ssl_msg.c:2296 in_left: 0, nb_want: 5
[0m
[0;32mI (19116) mbedtls: ssl_msg.c:2316 in_left: 0, nb_want: 5
[0m
[0;32mI (19117) mbedtls: ssl_msg.c:2319 ssl->f_recv(_timeout)() returned 5 (-0xfffffffb)
[0m
[0;32mI (19120) mbedtls: ssl_msg.c:2341 <= fetch input
[0m
D (19126) mbedtls: ssl_msg.c:3966 input record: msgtype = 22, version = [0x303], msglen = 202
[0m
[0;32mI (19134) mbedtls: ssl_msg.c:2156 => fetch input
[0m
[0;32mI (19140) mbedtls: ssl_msg.c:2296 in_left: 5, nb_want: 207
[0m
[0;32mI (19146) mbedtls: ssl_msg.c:2316 in_left: 5, nb_want: 207
[0m
[0;32mI (19152) mbedtls: ssl_msg.c:2319 ssl->f_recv(_timeout)() returned 202 (-0xffffff36)
[0m
[0;32mI (19161) mbedtls: ssl_msg.c:2341 <= fetch input
[0m
D (19168) mbedtls: ssl_msg.c:3239 handshake message: msglen = 202, type = 4, hslen = 202
[0m
D (19175) mbedtls: ssl_msg.c:3328 sole handshake fragment: 202, 0..202 of 202
[0m
[0;32mI (19184) mbedtls: ssl_msg.c:4371 <= read record
[0m
D (19188) mbedtls: ssl_tls12_client.c:3432 ticket length: 192
[0m
D (19194) mbedtls: ssl_misc.h:1353 handshake state: 16 (MBEDTLS_SSL_NEW_SESSION_TICKET) -> 12 (MBEDTLS_SSL_SERVER_CHANGE_CIPHER_SPEC)
[0m
D (19206) mbedtls: ssl_tls12_client.c:3476 ticket in use, discarding session id
[0m
[0;32mI (19213) mbedtls: ssl_tls12_client.c:3479 <= parse new session ticket
[0m
[0;32mI (19221) mbedtls: ssl_msg.c:2354 => flush output
[0m
[0;32mI (19226) mbedtls: ssl_msg.c:2363 <= flush output
[0m
[0;32mI (19232) mbedtls: ssl_tls.c:4592 client state: MBEDTLS_SSL_SERVER_CHANGE_CIPHER_SPEC
[0m
[0;32mI (19241) mbedtls: ssl_msg.c:5338 => parse change cipher spec
[0m
[0;32mI (19247) mbedtls: ssl_msg.c:4299 => read record
[0m
[0;32mI (19253) mbedtls: ssl_msg.c:2156 => fetch input
[0m
[0;32mI (19258) mbedtls: ssl_msg.c:2296 in_left: 0, nb_want: 5
[0m
[0;32mI (19264) mbedtls: ssl_msg.c:2316 in_left: 0, nb_want: 5
[0m
[0;32mI (19270) mbedtls: ssl_msg.c:2319 ssl->f_recv(_timeout)() returned 5 (-0xfffffffb)
[0m
[0;32mI (19279) mbedtls: ssl_msg.c:2341 <= fetch input
[0m
D (19284) mbedtls: ssl_msg.c:3966 input record: msgtype = 20, version = [0x303], msglen = 1
[0m
[0;32mI (19293) mbedtls: ssl_msg.c:2156 => fetch input
[0m
[0;32mI (19298) mbedtls: ssl_msg.c:2296 in_left: 5, nb_want: 6
[0m
[0;32mI (19305) mbedtls: ssl_msg.c:2316 in_left: 5, nb_want: 6
[0m
[0;32mI (19311) mbedtls: ssl_msg.c:2319 ssl->f_recv(_timeout)() returned 1 (-0xffffffff)
[0m
[0;32mI (19319) mbedtls: ssl_msg.c:2341 <= fetch input
[0m
[0;32mI (19325) mbedtls: ssl_msg.c:4371 <= read record
[0m
D (19330) mbedtls: ssl_msg.c:5359 switching to new transform spec for inbound data
[0m
D (19338) mbedtls: ssl_misc.h:1353 handshake state: 12 (MBEDTLS_SSL_SERVER_CHANGE_CIPHER_SPEC) -> 13 (MBEDTLS_SSL_SERVER_FINISHED)
[0m
[0;32mI (19350) mbedtls: ssl_msg.c:5386 <= parse change cipher spec
[0m
[0;32mI (19356) mbedtls: ssl_msg.c:2354 => flush output
[0m
[0;32mI (19362) mbedtls: ssl_msg.c:2363 <= flush output
[0m
[0;32mI (19367) mbedtls: ssl_tls.c:4592 client state: MBEDTLS_SSL_SERVER_FINISHED
[0m
[0;32mI (19375) mbedtls: ssl_tls.c:8488 => parse finished
[0m
[0;32mI (19381) mbedtls: ssl_tls.c:8206 => calc finished tls
[0m
D (19388) mbedtls: ssl_tls.c:8233 dumping 'calc finished result' (12 bytes)
[0m
D (19394) mbedtls: ssl_tls.c:8233 0000:  db 49 a8 af 27 d2 c2 d9 68 c7 09 cf              .I..'...h...
[0m
[0;32mI (19404) mbedtls: ssl_tls.c:8237 <= calc finished
[0m
[0;32mI (19409) mbedtls: ssl_msg.c:4299 => read record
[0m
[0;32mI (19415) mbedtls: ssl_msg.c:2156 => fetch input
[0m
[0;32mI (19421) mbedtls: ssl_msg.c:2296 in_left: 0, nb_want: 5
[0m
[0;32mI (19427) mbedtls: ssl_msg.c:2316 in_left: 0, nb_want: 5
[0m
[0;32mI (19433) mbedtls: ssl_msg.c:2319 ssl->f_recv(_timeout)() returned 5 (-0xfffffffb)
[0m
[0;32mI (19441) mbedtls: ssl_msg.c:2341 <= fetch input
[0m
D (19447) mbedtls: ssl_msg.c:3966 input record: msgtype = 22, version = [0x303], msglen = 40
[0m
[0;32mI (19455) mbedtls: ssl_msg.c:2156 => fetch input
[0m
[0;32mI (19461) mbedtls: ssl_msg.c:2296 in_left: 5, nb_want: 45
[0m
[0;32mI (19467) mbedtls: ssl_msg.c:2316 in_left: 5, nb_want: 45
[0m
[0;32mI (19473) mbedtls: ssl_msg.c:2319 ssl->f_recv(_timeout)() returned 40 (-0xffffffd8)
[0m
[0;32mI (19482) mbedtls: ssl_msg.c:2341 <= fetch input
[0m
[0;32mI (19487) mbedtls: ssl_msg.c:1511 => decrypt buf
[0m
[0;32mI (19494) mbedtls: ssl_msg.c:2122 <= decrypt buf
[0m
D (19498) mbedtls: ssl_msg.c:3239 handshake message: msglen = 16, type = 20, hslen = 16
[0m
D (19506) mbedtls: ssl_msg.c:3328 sole handshake fragment: 16, 0..16 of 16
[0m
[0;32mI (19514) mbedtls: ssl_msg.c:4371 <= read record
[0m
D (19519) mbedtls: ssl_misc.h:1353 handshake state: 13 (MBEDTLS_SSL_SERVER_FINISHED) -> 14 (MBEDTLS_SSL_FLUSH_BUFFERS)
[0m
[0;32mI (19530) mbedtls: ssl_tls.c:8559 <= parse finished
[0m
[0;32mI (19536) mbedtls: ssl_msg.c:2354 => flush output
[0m
[0;32mI (19541) mbedtls: ssl_msg.c:2363 <= flush output
[0m
[0;32mI (19547) mbedtls: ssl_tls.c:4592 client state: MBEDTLS_SSL_FLUSH_BUFFERS
[0m
[0;32mI (19554) mbedtls: ssl_tls12_client.c:3587 handshake: done
[0m
D (19561) mbedtls: ssl_misc.h:1353 handshake state: 14 (MBEDTLS_SSL_FLUSH_BUFFERS) -> 15 (MBEDTLS_SSL_HANDSHAKE_WRAPUP)
[0m
[0;32mI (19572) mbedtls: ssl_msg.c:2354 => flush output
[0m
[0;32mI (19577) mbedtls: ssl_msg.c:2363 <= flush output
[0m
[0;32mI (19583) mbedtls: ssl_tls.c:4592 client state: MBEDTLS_SSL_HANDSHAKE_WRAPUP
[0m
D (19591) mbedtls: ssl_tls.c:8310 => handshake wrapup
[0m
D (19596) mbedtls: ssl_tls.c:8284 => handshake wrapup: final free
[0m
D (19603) mbedtls: ssl_tls.c:8303 <= handshake wrapup: final free
[0m
D (19609) mbedtls: ssl_misc.h:1353 handshake state: 15 (MBEDTLS_SSL_HANDSHAKE_WRAPUP) -> 27 (MBEDTLS_SSL_HANDSHAKE_OVER)
[0m
D (19620) mbedtls: ssl_tls.c:8364 <= handshake wrapup
[0m
[0;32mI (19625) mbedtls: ssl_tls.c:4684 <= handshake
[0m
D (19630) event: no handlers have been registered for event ESP_HTTP_CLIENT_EVENT:1 posted to loop 0x408646dc[0m
D (19641) HTTP_CLIENT: Write header[4]: POST /voice-api/api/session HTTP/1.1
User-Agent: ESP32 HTTP Client/1.0
Host: clare.vinex.top
Content-Type: application/json
Content-Length: 19

[0m
[0;32mI (19658) mbedtls: ssl_msg.c:6191 => write
[0m
[0;32mI (19663) mbedtls: ssl_msg.c:2944 => write record
[0m
[0;32mI (19668) mbedtls: ssl_msg.c:936 => encrypt buf
[0m
D (19675) mbedtls: ssl_msg.c:1190 before encrypt: msglen = 150, including 0 bytes of padding
[0m
[0;32mI (19684) mbedtls: ssl_msg.c:1475 <= encrypt buf
[0m
D (19688) mbedtls: ssl_msg.c:3028 output record: msgtype = 23, version = [3:3], msglen = 174
[0m
[0;32mI (19698) mbedtls: ssl_msg.c:2354 => flush output
[0m
[0;32mI (19702) mbedtls: ssl_msg.c:2368 message length: 179, out_left: 179
[0m
[0;32mI (19710) mbedtls: ssl_msg.c:2375 ssl->f_send() returned 179 (-0xffffff4d)
[0m
[0;32mI (19717) mbedtls: ssl_msg.c:2402 <= flush output
[0m
[0;32mI (19723) mbedtls: ssl_msg.c:3081 <= write record
[0m
[0;32mI (19729) mbedtls: ssl_msg.c:6213 <= write
[0m
D (19733) event: no handlers have been registered for event ESP_HTTP_CLIENT_EVENT:2 posted to loop 0x408646dc[0m
[0;32mI (19744) mbedtls: ssl_msg.c:6191 => write
[0m
[0;32mI (19748) mbedtls: ssl_msg.c:2944 => write record
[0m
[0;32mI (19754) mbedtls: ssl_msg.c:936 => encrypt buf
[0m
D (19760) mbedtls: ssl_msg.c:1190 before encrypt: msglen = 19, including 0 bytes of padding
[0m
[0;32mI (19768) mbedtls: ssl_msg.c:1475 <= encrypt buf
[0m
D (19773) mbedtls: ssl_msg.c:3028 output record: msgtype = 23, version = [3:3], msglen = 43
[0m
[0;32mI (19782) mbedtls: ssl_msg.c:2354 => flush output
[0m
[0;32mI (19787) mbedtls: ssl_msg.c:2368 message length: 48, out_left: 48
[0m
[0;32mI (19795) mbedtls: ssl_msg.c:2375 ssl->f_send() returned 48 (-0xffffffd0)
[0m
[0;32mI (19802) mbedtls: ssl_msg.c:2402 <= flush output
[0m
[0;32mI (19807) mbedtls: ssl_msg.c:3081 <= write record
[0m
[0;32mI (19813) mbedtls: ssl_msg.c:6213 <= write
[0m
[0;32mI (21768) mbedtls: ssl_msg.c:5929 => read
[0m
[0;32mI (21768) mbedtls: ssl_msg.c:4299 => read record
[0m
[0;32mI (21768) mbedtls: ssl_msg.c:2156 => fetch input
[0m
[0;32mI (21773) mbedtls: ssl_msg.c:2296 in_left: 0, nb_want: 5
[0m
[0;32mI (21779) mbedtls: ssl_msg.c:2316 in_left: 0, nb_want: 5
[0m
[0;32mI (21785) mbedtls: ssl_msg.c:2319 ssl->f_recv(_timeout)() returned 5 (-0xfffffffb)
[0m
[0;32mI (21793) mbedtls: ssl_msg.c:2341 <= fetch input
[0m
D (21799) mbedtls: ssl_msg.c:3966 input record: msgtype = 23, version = [0x303], msglen = 801
[0m
[0;32mI (21808) mbedtls: ssl_msg.c:2156 => fetch input
[0m
[0;32mI (21813) mbedtls: ssl_msg.c:2296 in_left: 5, nb_want: 806
[0m
[0;32mI (21819) mbedtls: ssl_msg.c:2316 in_left: 5, nb_want: 806
[0m
[0;32mI (21826) mbedtls: ssl_msg.c:2319 ssl->f_recv(_timeout)() returned 801 (-0xfffffcdf)
[0m
[0;32mI (21834) mbedtls: ssl_msg.c:2341 <= fetch input
[0m
[0;32mI (21845) mbedtls: ssl_msg.c:1511 => decrypt buf
[0m
[0;32mI (21849) mbedtls: ssl_msg.c:2122 <= decrypt buf
[0m
[0;32mI (21856) mbedtls: ssl_msg.c:4371 <= read record
[0m
[0;32mI (21856) mbedtls: ssl_msg.c:6089 <= read
[0m
D (21861) HTTP_CLIENT: on_message_begin[0m
D (21865) HTTP_CLIENT: HEADER=Date:Fri, 28 Aug 2026 08:00:10 GMT[0m
D (21871) event: no handlers have been registered for event ESP_HTTP_CLIENT_EVENT:3 posted to loop 0x408646dc[0m
D (21881) HTTP_CLIENT: HEADER=Content-Type:application/json[0m
D (21887) event: no handlers have been registered for event ESP_HTTP_CLIENT_EVENT:3 posted to loop 0x408646dc[0m
D (21897) HTTP_CLIENT: HEADER=Content-Length:82[0m
D (21901) event: no handlers have been registered for event ESP_HTTP_CLIENT_EVENT:3 posted to loop 0x408646dc[0m
D (21911) HTTP_CLIENT: HEADER=Connection:keep-alive[0m
D (21916) event: no handlers have been registered for event ESP_HTTP_CLIENT_EVENT:3 posted to loop 0x408646dc[0m
D (21926) HTTP_CLIENT: HEADER=Server:cloudflare[0m
D (21931) event: no handlers have been registered for event ESP_HTTP_CLIENT_EVENT:3 posted to loop 0x408646dc[0m
D (21941) HTTP_CLIENT: HEADER=x-content-type-options:nosniff[0m
D (21947) event: no handlers have been registered for event ESP_HTTP_CLIENT_EVENT:3 posted to loop 0x408646dc[0m
D (21957) HTTP_CLIENT: HEADER=x-frame-options:SAMEORIGIN[0m
D (21962) event: no handlers have been registered for event ESP_HTTP_CLIENT_EVENT:3 posted to loop 0x408646dc[0m
D (21973) HTTP_CLIENT: HEADER=strict-transport-security:max-age=31536000; includeSubDomains[0m
D (21981) event: no handlers have been registered for event ESP_HTTP_CLIENT_EVENT:3 posted to loop 0x408646dc[0m
D (21991) HTTP_CLIENT: HEADER=cf-cache-status:DYNAMIC[0m
D (21995) event: no handlers have been registered for event ESP_HTTP_CLIENT_EVENT:3 posted to loop 0x408646dc[0m
D (22006) HTTP_CLIENT: HEADER=Report-To:{"group":"cf-nel","max_age":604800,"endpoints":[{"url":"https://a.nel.cloudflare.com/report/v4?s=XF3D56vc%2BQJB%2BUXjZ%2Bm8eeKe4JpUlbQlXx6HsCFEkf%2FBxIvfYZrc7y%2BxDyHCq1i0k99x9Y9AiwZMrRbBrjaUcZ5bb8o6ZPtoRghp2JB%2BG09HBU1ckSaG4gxpshbqzG8%2FjHM%3D"}]}[0m
D (22031) event: no handlers have been registered for event ESP_HTTP_CLIENT_EVENT:3 posted to loop 0x408646dc[0m
D (22041) HTTP_CLIENT: HEADER=Nel:{"report_to":"cf-nel","success_fraction":0.0,"max_age":604800}[0m
D (22050) event: no handlers have been registered for event ESP_HTTP_CLIENT_EVENT:3 posted to loop 0x408646dc[0m
D (22060) HTTP_CLIENT: HEADER=CF-RAY:a321c7da2c03ebeb-SJC[0m
D (22065) event: no handlers have been registered for event ESP_HTTP_CLIENT_EVENT:3 posted to loop 0x408646dc[0m
D (22075) HTTP_CLIENT: HEADER=alt-svc:h3=":443"; ma=86400[0m
D (22081) event: no handlers have been registered for event ESP_HTTP_CLIENT_EVENT:3 posted to loop 0x408646dc[0m
D (22091) HTTP_CLIENT: http_on_headers_complete, status=200, offset=695, nread=695[0m
D (22098) HTTP_CLIENT: http_on_body 82[0m
D (22102) event: no handlers have been registered for event ESP_HTTP_CLIENT_EVENT:4 posted to loop 0x408646dc[0m
D (22112) HTTP_CLIENT: http_on_message_complete, parser=0x40850078[0m
D (22118) HTTP_CLIENT: content_length = 82[0m
D (22123) event: no handlers have been registered for event ESP_HTTP_CLIENT_EVENT:5 posted to loop 0x408646dc[0m
[0;32mI (22133) clare_net: HTTP response status=200 bytes=82 truncated=0[0m
D (22139) event: no handlers have been registered for event ESP_HTTP_CLIENT_EVENT:6 posted to loop 0x408646dc[0m
[0;32mI (22151) clare_net: HTTP after cleanup free8=40960 largest8=14592[0m
[0;32mI (22157) clare_c6: Boot network self-test session err=0 (attempt 1/4)[0m
D (22164) event: created event loop 0x4084f4b8[0m
[0;32mI (22168) clare_net: WS pre-start heap free8=37780 largest8=14592[0m
D (22176) event: running post WEBSOCKET_EVENTS:6 with handler 0x4200ef1a and context 0x4085008c on loop 0x4084f4b8[0m
D (22185) event: running post WEBSOCKET_EVENTS:5 with handler 0x4200ef1a and context 0x4085008c on loop 0x4084f4b8[0m
D (22196) esp-tls: host:clare.vinex.top: strlen 15[0m
[0;32mI (22176) websocket_client: Started[0m
D (22203) esp-tls: [sock=54] Resolved IPv4 address: 104.21.35.182[0m
D (22211) esp-tls: [sock=54] Connecting to server. HOST: clare.vinex.top, Port: 443[0m
D (22491) esp-tls: handshake in progress...[0m
[0;32mI (22491) mbedtls: ssl_tls.c:4673 => handshake
[0m
[0;32mI (22492) mbedtls: ssl_msg.c:2354 => flush output
[0m
[0;32mI (22495) mbedtls: ssl_msg.c:2363 <= flush output
[0m
[0;32mI (22501) mbedtls: ssl_tls.c:4592 client state: MBEDTLS_SSL_HELLO_REQUEST
[0m
D (22509) mbedtls: ssl_misc.h:1353 handshake state: 0 (MBEDTLS_SSL_HELLO_REQUEST) -> 1 (MBEDTLS_SSL_CLIENT_HELLO)
[0m
[0;32mI (22519) mbedtls: ssl_msg.c:2354 => flush output
[0m
[0;32mI (22525) mbedtls: ssl_msg.c:2363 <= flush output
[0m
[0;32mI (22530) mbedtls: ssl_tls.c:4592 client state: MBEDTLS_SSL_CLIENT_HELLO
[0m
[0;32mI (22538) mbedtls: ssl_client.c:921 => write client hello
[0m
D (22544) mbedtls: ssl_client.c:724 client hello, current time: 5094
[0m
D (22551) mbedtls: ssl_client.c:487 dumping 'client hello, random bytes' (32 bytes)
[0m
D (22559) mbedtls: ssl_client.c:487 0000:  00 00 13 e6 cf 40 5e 97 60 50 73 54 d9 bb db 8a  .....@^.`PsT....
[0m
D (22569) mbedtls: ssl_client.c:487 0010:  cf 8c 89 17 4f c1 ab d2 b2 b2 db 1b ee 94 ab f7  ....O...........
[0m
D (22579) mbedtls: ssl_client.c:512 dumping 'session id' (0 bytes)
[0m
D (22585) mbedtls: ssl_client.c:370 client hello, add ciphersuite: c02c, TLS-ECDHE-ECDSA-WITH-AES-256-GCM-SHA384
[0m
D (22596) mbedtls: ssl_client.c:370 client hello, add ciphersuite: c030, TLS-ECDHE-RSA-WITH-AES-256-GCM-SHA384
[0m
D (22606) mbedtls: ssl_client.c:370 client hello, add ciphersuite: c0ad, TLS-ECDHE-ECDSA-WITH-AES-256-CCM
[0m
D (22615) mbedtls: ssl_client.c:370 client hello, add ciphersuite: c024, TLS-ECDHE-ECDSA-WITH-AES-256-CBC-SHA384
[0m
D (22626) mbedtls: ssl_client.c:370 client hello, add ciphersuite: c028, TLS-ECDHE-RSA-WITH-AES-256-CBC-SHA384
[0m
D (22636) mbedtls: ssl_client.c:370 client hello, add ciphersuite: c00a, TLS-ECDHE-ECDSA-WITH-AES-256-CBC-SHA
[0m
D (22646) mbedtls: ssl_client.c:370 client hello, add ciphersuite: c014, TLS-ECDHE-RSA-WITH-AES-256-CBC-SHA
[0m
D (22656) mbedtls: ssl_client.c:370 client hello, add ciphersuite: c0af, TLS-ECDHE-ECDSA-WITH-AES-256-CCM-8
[0m
D (22666) mbedtls: ssl_client.c:370 client hello, add ciphersuite: c05d, TLS-ECDHE-ECDSA-WITH-ARIA-256-GCM-SHA384
[0m
D (22677) mbedtls: ssl_client.c:370 client hello, add ciphersuite: c061, TLS-ECDHE-RSA-WITH-ARIA-256-GCM-SHA384
[0m
D (22687) mbedtls: ssl_client.c:370 client hello, add ciphersuite: c049, TLS-ECDHE-ECDSA-WITH-ARIA-256-CBC-SHA384
[0m
D (22698) mbedtls: ssl_client.c:370 client hello, add ciphersuite: c04d, TLS-ECDHE-RSA-WITH-ARIA-256-CBC-SHA384
[0m
D (22708) mbedtls: ssl_client.c:370 client hello, add ciphersuite: c02b, TLS-ECDHE-ECDSA-WITH-AES-128-GCM-SHA256
[0m
D (22718) mbedtls: ssl_client.c:370 client hello, add ciphersuite: c02f, TLS-ECDHE-RSA-WITH-AES-128-GCM-SHA256
[0m
D (22729) mbedtls: ssl_client.c:370 client hello, add ciphersuite: c0ac, TLS-ECDHE-ECDSA-WITH-AES-128-CCM
[0m
D (22738) mbedtls: ssl_client.c:370 client hello, add ciphersuite: c023, TLS-ECDHE-ECDSA-WITH-AES-128-CBC-SHA256
[0m
D (22749) mbedtls: ssl_client.c:370 client hello, add ciphersuite: c027, TLS-ECDHE-RSA-WITH-AES-128-CBC-SHA256
[0m
D (22759) mbedtls: ssl_client.c:370 client hello, add ciphersuite: c009, TLS-ECDHE-ECDSA-WITH-AES-128-CBC-SHA
[0m
D (22769) mbedtls: ssl_client.c:370 client hello, add ciphersuite: c013, TLS-ECDHE-RSA-WITH-AES-128-CBC-SHA
[0m
D (22779) mbedtls: ssl_client.c:370 client hello, add ciphersuite: c0ae, TLS-ECDHE-ECDSA-WITH-AES-128-CCM-8
[0m
D (22789) mbedtls: ssl_client.c:370 client hello, add ciphersuite: c05c, TLS-ECDHE-ECDSA-WITH-ARIA-128-GCM-SHA256
[0m
D (22800) mbedtls: ssl_client.c:370 client hello, add ciphersuite: c060, TLS-ECDHE-RSA-WITH-ARIA-128-GCM-SHA256
[0m
D (22810) mbedtls: ssl_client.c:370 client hello, add ciphersuite: c048, TLS-ECDHE-ECDSA-WITH-ARIA-128-CBC-SHA256
[0m
D (22820) mbedtls: ssl_client.c:370 client hello, add ciphersuite: c04c, TLS-ECDHE-RSA-WITH-ARIA-128-CBC-SHA256
[0m
D (22831) mbedtls: ssl_client.c:370 client hello, add ciphersuite: 009d, TLS-RSA-WITH-AES-256-GCM-SHA384
[0m
D (22840) mbedtls: ssl_client.c:370 client hello, add ciphersuite: c09d, TLS-RSA-WITH-AES-256-CCM
[0m
D (22850) mbedtls: ssl_client.c:370 client hello, add ciphersuite: 003d, TLS-RSA-WITH-AES-256-CBC-SHA256
[0m
D (22859) mbedtls: ssl_client.c:370 client hello, add ciphersuite: 0035, TLS-RSA-WITH-AES-256-CBC-SHA
[0m
D (22869) mbedtls: ssl_client.c:370 client hello, add ciphersuite: c032, TLS-ECDH-RSA-WITH-AES-256-GCM-SHA384
[0m
D (22879) mbedtls: ssl_client.c:370 client hello, add ciphersuite: c02a, TLS-ECDH-RSA-WITH-AES-256-CBC-SHA384
[0m
D (22889) mbedtls: ssl_client.c:370 client hello, add ciphersuite: c00f, TLS-ECDH-RSA-WITH-AES-256-CBC-SHA
[0m
D (22899) mbedtls: ssl_client.c:370 client hello, add ciphersuite: c02e, TLS-ECDH-ECDSA-WITH-AES-256-GCM-SHA384
[0m
D (22909) mbedtls: ssl_client.c:370 client hello, add ciphersuite: c026, TLS-ECDH-ECDSA-WITH-AES-256-CBC-SHA384
[0m
D (22920) mbedtls: ssl_client.c:370 client hello, add ciphersuite: c005, TLS-ECDH-ECDSA-WITH-AES-256-CBC-SHA
[0m
D (22930) mbedtls: ssl_client.c:370 client hello, add ciphersuite: c0a1, TLS-RSA-WITH-AES-256-CCM-8
[0m
D (22939) mbedtls: ssl_client.c:370 client hello, add ciphersuite: c05f, TLS-ECDH-ECDSA-WITH-ARIA-256-GCM-SHA384
[0m
D (22949) mbedtls: ssl_client.c:370 client hello, add ciphersuite: c063, TLS-ECDH-RSA-WITH-ARIA-256-GCM-SHA384
[0m
D (22960) mbedtls: ssl_client.c:370 client hello, add ciphersuite: c051, TLS-RSA-WITH-ARIA-256-GCM-SHA384
[0m
D (22969) mbedtls: ssl_client.c:370 client hello, add ciphersuite: c04b, TLS-ECDH-ECDSA-WITH-ARIA-256-CBC-SHA384
[0m
D (22980) mbedtls: ssl_client.c:370 client hello, add ciphersuite: c04f, TLS-ECDH-RSA-WITH-ARIA-256-CBC-SHA384
[0m
D (22990) mbedtls: ssl_client.c:370 client hello, add ciphersuite: c03d, TLS-RSA-WITH-ARIA-256-CBC-SHA384
[0m
D (23000) mbedtls: ssl_client.c:370 client hello, add ciphersuite: 009c, TLS-RSA-WITH-AES-128-GCM-SHA256
[0m
D (23010) mbedtls: ssl_client.c:370 client hello, add ciphersuite: c09c, TLS-RSA-WITH-AES-128-CCM
[0m
D (23019) mbedtls: ssl_client.c:370 client hello, add ciphersuite: 003c, TLS-RSA-WITH-AES-128-CBC-SHA256
[0m
D (23028) mbedtls: ssl_client.c:370 client hello, add ciphersuite: 002f, TLS-RSA-WITH-AES-128-CBC-SHA
[0m
D (23038) mbedtls: ssl_client.c:370 client hello, add ciphersuite: c031, TLS-ECDH-RSA-WITH-AES-128-GCM-SHA256
[0m
D (23048) mbedtls: ssl_client.c:370 client hello, add ciphersuite: c029, TLS-ECDH-RSA-WITH-AES-128-CBC-SHA256
[0m
D (23058) mbedtls: ssl_client.c:370 client hello, add ciphersuite: c00e, TLS-ECDH-RSA-WITH-AES-128-CBC-SHA
[0m
D (23068) mbedtls: ssl_client.c:370 client hello, add ciphersuite: c02d, TLS-ECDH-ECDSA-WITH-AES-128-GCM-SHA256
[0m
D (23078) mbedtls: ssl_client.c:370 client hello, add ciphersuite: c025, TLS-ECDH-ECDSA-WITH-AES-128-CBC-SHA256
[0m
D (23089) mbedtls: ssl_client.c:370 client hello, add ciphersuite: c004, TLS-ECDH-ECDSA-WITH-AES-128-CBC-SHA
[0m
D (23099) mbedtls: ssl_client.c:370 client hello, add ciphersuite: c0a0, TLS-RSA-WITH-AES-128-CCM-8
[0m
D (23108) mbedtls: ssl_client.c:370 client hello, add ciphersuite: c05e, TLS-ECDH-ECDSA-WITH-ARIA-128-GCM-SHA256
[0m
D (23119) mbedtls: ssl_client.c:370 client hello, add ciphersuite: c062, TLS-ECDH-RSA-WITH-ARIA-128-GCM-SHA256
[0m
D (23129) mbedtls: ssl_client.c:370 client hello, add ciphersuite: c050, TLS-RSA-WITH-ARIA-128-GCM-SHA256
[0m
D (23139) mbedtls: ssl_client.c:370 client hello, add ciphersuite: c04a, TLS-ECDH-ECDSA-WITH-ARIA-128-CBC-SHA256
[0m
D (23149) mbedtls: ssl_client.c:370 client hello, add ciphersuite: c04e, TLS-ECDH-RSA-WITH-ARIA-128-CBC-SHA256
[0m
D (23159) mbedtls: ssl_client.c:370 client hello, add ciphersuite: c03c, TLS-RSA-WITH-ARIA-128-CBC-SHA256
[0m
D (23169) mbedtls: ssl_client.c:388 adding EMPTY_RENEGOTIATION_INFO_SCSV
[0m
D (23176) mbedtls: ssl_client.c:397 client hello, got 59 cipher suites
[0m
D (23183) mbedtls: ssl_client.c:41 client hello, adding server name extension: clare.vinex.top
[0m
D (23192) mbedtls: ssl_client.c:231 client hello, adding supported_groups extension
[0m
D (23200) mbedtls: ssl_client.c:250 got supported group(001d)
[0m
D (23206) mbedtls: ssl_client.c:282 NamedGroup: x25519 ( 1d )
[0m
D (23212) mbedtls: ssl_client.c:250 got supported group(0017)
[0m
D (23218) mbedtls: ssl_client.c:282 NamedGroup: secp256r1 ( 17 )
[0m
D (23224) mbedtls: ssl_client.c:250 got supported group(0018)
[0m
D (23230) mbedtls: ssl_client.c:282 NamedGroup: secp384r1 ( 18 )
[0m
D (23236) mbedtls: ssl_client.c:250 got supported group(0019)
[0m
D (23242) mbedtls: ssl_client.c:282 NamedGroup: secp521r1 ( 19 )
[0m
D (23248) mbedtls: ssl_client.c:250 got supported group(001a)
[0m
D (23254) mbedtls: ssl_client.c:282 NamedGroup: bp256r1 ( 1a )
[0m
D (23260) mbedtls: ssl_client.c:250 got supported group(001b)
[0m
D (23266) mbedtls: ssl_client.c:282 NamedGroup: bp384r1 ( 1b )
[0m
D (23272) mbedtls: ssl_client.c:250 got supported group(001c)
[0m
D (23278) mbedtls: ssl_client.c:282 NamedGroup: bp512r1 ( 1c )
[0m
D (23284) mbedtls: ssl_client.c:302 dumping 'Supported groups extension' (16 bytes)
[0m
D (23292) mbedtls: ssl_client.c:302 0000:  00 0e 00 1d 00 17 00 18 00 19 00 1a 00 1b 00 1c  ................
[0m
D (23302) mbedtls: ssl_tls.c:9437 adding signature_algorithms extension
[0m
D (23309) mbedtls: ssl_tls.c:9457 got signature scheme [603] ecdsa_secp521r1_sha512
[0m
D (23317) mbedtls: ssl_tls.c:9466 sent signature scheme [603] ecdsa_secp521r1_sha512
[0m
D (23325) mbedtls: ssl_tls.c:9457 got signature scheme [806] rsa_pss_rsae_sha512
[0m
D (23333) mbedtls: ssl_tls.c:9457 got signature scheme [601] rsa_pkcs1_sha512
[0m
D (23340) mbedtls: ssl_tls.c:9466 sent signature scheme [601] rsa_pkcs1_sha512
[0m
D (23348) mbedtls: ssl_tls.c:9457 got signature scheme [503] ecdsa_secp384r1_sha384
[0m
D (23356) mbedtls: ssl_tls.c:9466 sent signature scheme [503] ecdsa_secp384r1_sha384
[0m
D (23364) mbedtls: ssl_tls.c:9457 got signature scheme [805] rsa_pss_rsae_sha384
[0m
D (23371) mbedtls: ssl_tls.c:9457 got signature scheme [501] rsa_pkcs1_sha384
[0m
D (23379) mbedtls: ssl_tls.c:9466 sent signature scheme [501] rsa_pkcs1_sha384
[0m
D (23386) mbedtls: ssl_tls.c:9457 got signature scheme [403] ecdsa_secp256r1_sha256
[0m
D (23394) mbedtls: ssl_tls.c:9466 sent signature scheme [403] ecdsa_secp256r1_sha256
[0m
D (23402) mbedtls: ssl_tls.c:9457 got signature scheme [804] rsa_pss_rsae_sha256
[0m
D (23410) mbedtls: ssl_tls.c:9457 got signature scheme [401] rsa_pkcs1_sha256
[0m
D (23417) mbedtls: ssl_tls.c:9466 sent signature scheme [401] rsa_pkcs1_sha256
[0m
D (23424) mbedtls: ssl_tls12_client.c:105 client hello, adding supported_point_formats extension
[0m
D (23433) mbedtls: ssl_tls12_client.c:306 client hello, adding encrypt_then_mac extension
[0m
D (23442) mbedtls: ssl_tls12_client.c:338 client hello, adding extended_master_secret extension
[0m
D (23451) mbedtls: ssl_tls12_client.c:372 client hello, adding session ticket extension
[0m
D (23459) mbedtls: ssl_client.c:689 client hello, total extension length: 80
[0m
D (23466) mbedtls: ssl_client.c:691 dumping 'client hello extensions' (80 bytes)
[0m
D (23474) mbedtls: ssl_client.c:691 0000:  00 50 00 00 00 14 00 12 00 00 0f 63 6c 61 72 65  .P.........clare
[0m
D (23484) mbedtls: ssl_client.c:691 0010:  2e 76 69 6e 65 78 2e 74 6f 70 00 0a 00 10 00 0e  .vinex.top......
[0m
D (23494) mbedtls: ssl_client.c:691 0020:  00 1d 00 17 00 18 00 19 00 1a 00 1b 00 1c 00 0d  ................
[0m
D (23504) mbedtls: ssl_client.c:691 0030:  00 0e 00 0c 06 03 06 01 05 03 05 01 04 03 04 01  ................
[0m
D (23514) mbedtls: ssl_client.c:691 0040:  00 0b 00 02 01 00 00 16 00 00 00 17 00 00 00 23  ...............#
[0m
[0;32mI (23525) mbedtls: ssl_msg.c:2784 => write handshake message
[0m
[0;32mI (23531) mbedtls: ssl_msg.c:2944 => write record
[0m
D (23536) mbedtls: ssl_msg.c:3028 output record: msgtype = 22, version = [3:3], msglen = 243
[0m
[0;32mI (23547) mbedtls: ssl_msg.c:3081 <= write record
[0m
[0;32mI (23551) mbedtls: ssl_msg.c:2905 <= write handshake message
[0m
D (23557) mbedtls: ssl_misc.h:1353 handshake state: 1 (MBEDTLS_SSL_CLIENT_HELLO) -> 2 (MBEDTLS_SSL_SERVER_HELLO)
[0m
[0;32mI (23567) mbedtls: ssl_client.c:1014 <= write client hello
[0m
[0;32mI (23574) mbedtls: ssl_msg.c:2354 => flush output
[0m
[0;32mI (23579) mbedtls: ssl_msg.c:2368 message length: 248, out_left: 248
[0m
[0;32mI (23587) mbedtls: ssl_msg.c:2375 ssl->f_send() returned 248 (-0xffffff08)
[0m
[0;32mI (23594) mbedtls: ssl_msg.c:2402 <= flush output
[0m
[0;32mI (23600) mbedtls: ssl_tls.c:4592 client state: MBEDTLS_SSL_SERVER_HELLO
[0m
[0;32mI (23607) mbedtls: ssl_tls12_client.c:1195 => parse server hello
[0m
[0;32mI (23614) mbedtls: ssl_msg.c:4299 => read record
[0m
[0;32mI (23620) mbedtls: ssl_msg.c:2156 => fetch input
[0m
[0;32mI (23625) mbedtls: ssl_msg.c:2296 in_left: 0, nb_want: 5
[0m
[0;32mI (23838) mbedtls: ssl_msg.c:2316 in_left: 0, nb_want: 5
[0m
[0;32mI (23838) mbedtls: ssl_msg.c:2319 ssl->f_recv(_timeout)() returned 5 (-0xfffffffb)
[0m
[0;32mI (23841) mbedtls: ssl_msg.c:2341 <= fetch input
[0m
D (23847) mbedtls: ssl_msg.c:3966 input record: msgtype = 22, version = [0x303], msglen = 67
[0m
[0;32mI (23855) mbedtls: ssl_msg.c:2156 => fetch input
[0m
[0;32mI (23861) mbedtls: ssl_msg.c:2296 in_left: 5, nb_want: 72
[0m
[0;32mI (23867) mbedtls: ssl_msg.c:2316 in_left: 5, nb_want: 72
[0m
[0;32mI (23873) mbedtls: ssl_msg.c:2319 ssl->f_recv(_timeout)() returned 67 (-0xffffffbd)
[0m
[0;32mI (23882) mbedtls: ssl_msg.c:2341 <= fetch input
[0m
D (23888) mbedtls: ssl_msg.c:3239 handshake message: msglen = 67, type = 2, hslen = 67
[0m
D (23895) mbedtls: ssl_msg.c:3328 sole handshake fragment: 67, 0..67 of 67
[0m
[0;32mI (23903) mbedtls: ssl_msg.c:4371 <= read record
[0m
D (23908) mbedtls: ssl_tls12_client.c:1269 dumping 'server hello, version' (2 bytes)
[0m
D (23916) mbedtls: ssl_tls12_client.c:1269 0000:  03 03                                            ..
[0m
D (23925) mbedtls: ssl_tls12_client.c:1290 server hello, current time: 1787904013
[0m
D (23933) mbedtls: ssl_tls12_client.c:1300 dumping 'server hello, random bytes' (32 bytes)
[0m
D (23942) mbedtls: ssl_tls12_client.c:1300 0000:  6a 91 40 0d b6 13 47 bf 8e 91 4a ec ad 30 c9 ca  j.@...G...J..0..
[0m
D (23952) mbedtls: ssl_tls12_client.c:1300 0010:  5d 77 5e f5 1c f1 c3 d3 44 4f 57 4e 47 52 44 01  ]w^.....DOWNGRD.
[0m
D (23963) mbedtls: ssl_tls12_client.c:1362 server hello, session id len.: 0
[0m
D (23970) mbedtls: ssl_tls12_client.c:1363 dumping 'server hello, session id' (0 bytes)
[0m
D (23979) mbedtls: ssl_misc.h:1353 handshake state: 2 (MBEDTLS_SSL_SERVER_HELLO) -> 3 (MBEDTLS_SSL_SERVER_CERTIFICATE)
[0m
D (23989) mbedtls: ssl_tls12_client.c:1387 no session has been resumed
[0m
D (23996) mbedtls: ssl_tls12_client.c:1390 server hello, chosen ciphersuite: c02b
[0m
D (24004) mbedtls: ssl_tls12_client.c:1391 server hello, compress alg.: 0
[0m
D (24011) mbedtls: ssl_tls12_client.c:1426 server hello, chosen ciphersuite: TLS-ECDHE-ECDSA-WITH-AES-128-GCM-SHA256
[0m
[0;32mI (24022) mbedtls: ssl_tls12_client.c:1447 server hello, total extension length: 23
[0m
D (24030) mbedtls: ssl_tls12_client.c:1592 unknown extension found: 0 (ignoring)
[0m
D (24038) mbedtls: ssl_tls12_client.c:1517 found extended_master_secret extension
[0m
D (24046) mbedtls: ssl_tls12_client.c:1465 found renegotiation extension
[0m
D (24053) mbedtls: ssl_tls12_client.c:1544 found supported_point_formats extension
[0m
D (24060) mbedtls: ssl_tls12_client.c:1530 found session_ticket extension
[0m
[0;32mI (24067) mbedtls: ssl_tls12_client.c:1661 <= parse server hello
[0m
[0;32mI (24074) mbedtls: ssl_msg.c:2354 => flush output
[0m
[0;32mI (24080) mbedtls: ssl_msg.c:2363 <= flush output
[0m
[0;32mI (24085) mbedtls: ssl_tls.c:4592 client state: MBEDTLS_SSL_SERVER_CERTIFICATE
[0m
[0;32mI (24093) mbedtls: ssl_tls.c:8027 => parse certificate
[0m
[0;32mI (24099) mbedtls: ssl_msg.c:4299 => read record
[0m
[0;32mI (24105) mbedtls: ssl_msg.c:2156 => fetch input
[0m
[0;32mI (24110) mbedtls: ssl_msg.c:2296 in_left: 0, nb_want: 5
[0m
[0;32mI (24117) mbedtls: ssl_msg.c:2316 in_left: 0, nb_want: 5
[0m
[0;32mI (24123) mbedtls: ssl_msg.c:2319 ssl->f_recv(_timeout)() returned 5 (-0xfffffffb)
[0m
[0;32mI (24131) mbedtls: ssl_msg.c:2341 <= fetch input
[0m
D (24137) mbedtls: ssl_msg.c:3966 input record: msgtype = 22, version = [0x303], msglen = 3409
[0m
[0;32mI (24145) mbedtls: ssl_msg.c:2156 => fetch input
[0m
[0;32mI (24151) mbedtls: ssl_msg.c:2296 in_left: 5, nb_want: 3414
[0m
[0;32mI (24158) mbedtls: ssl_msg.c:2316 in_left: 5, nb_want: 3414
[0m
[0;32mI (24164) mbedtls: ssl_msg.c:2319 ssl->f_recv(_timeout)() returned 1163 (-0xfffffb75)
[0m
[0;32mI (25067) mbedtls: ssl_msg.c:2316 in_left: 1168, nb_want: 3414
[0m
[0;32mI (25068) mbedtls: ssl_msg.c:2319 ssl->f_recv(_timeout)() returned 1240 (-0xfffffb28)
[0m
[0;32mI (25648) mbedtls: ssl_msg.c:2316 in_left: 2408, nb_want: 3414
[0m
[0;32mI (25649) mbedtls: ssl_msg.c:2319 ssl->f_recv(_timeout)() returned 1006 (-0xfffffc12)
[0m
[0;32mI (25653) mbedtls: ssl_msg.c:2341 <= fetch input
[0m
D (25680) mbedtls: ssl_msg.c:3239 handshake message: msglen = 3409, type = 11, hslen = 3409
[0m
D (25680) mbedtls: ssl_msg.c:3328 sole handshake fragment: 3409, 0..3409 of 3409
[0m
[0;32mI (25707) mbedtls: ssl_msg.c:4371 <= read record
[0m
[0;32mI (25709) mbedtls: ssl_msg.c:5295 => send alert message
[0m
D (25709) mbedtls: ssl_msg.c:5296 send alert level=2 message=80
[0m
[0;32mI (25713) mbedtls: ssl_msg.c:2944 => write record
[0m
D (25719) mbedtls: ssl_msg.c:3028 output record: msgtype = 21, version = [3:3], msglen = 2
[0m
[0;32mI (25728) mbedtls: ssl_msg.c:2354 => flush output
[0m
[0;32mI (25733) mbedtls: ssl_msg.c:2368 message length: 7, out_left: 7
[0m
W (35724) wifi:m f null

W (45724) wifi:m f null

[0;33mW (52205) clare_net: WebSocket connect timeout kind=0 bits=0x0[0m
W (55725) wifi:m f null

[0;32mI (56722) mbedtls: ssl_msg.c:2375 ssl->f_send() returned -26752 (-0x6880)
[0m
[0;33mW (56722) mbedtls: ssl_msg.c:3077 mbedtls_ssl_flush_output() returned -26752 (-0x6880)
[0m
[0;33mW (56727) mbedtls: ssl_msg.c:5304 mbedtls_ssl_write_record() returned -26752 (-0x6880)
[0m
[0;33mW (56736) mbedtls: ssl_tls.c:7892  mbedtls_x509_crt_parse_der() returned -10368 (-0x2880)
[0m
[0;32mI (56745) mbedtls: ssl_tls.c:4684 <= handshake
[0m
[0;31mE (56750) esp-tls-mbedtls: mbedtls_ssl_handshake returned -0x2880[0m
[0;32mI (56757) esp-tls-mbedtls: (FFFFD780): X509 - Allocation of memory failed[0m
D (56765) esp-tls-mbedtls: Skipping certificate verification - no peer certificate received[0m
[0;31mE (56773) esp-tls: Failed to open new connection[0m
[0;31mE (56778) transport_base: Failed to open a new connection[0m
[0;31mE (56786) transport_ws: Error connecting to host clare.vinex.top:443[0m
[0;31mE (56792) websocket_client: esp_transport_connect() failed with -1, transport_error=ESP_ERR_MBEDTLS_SSL_HANDSHAKE_FAILED, tls_error_code=10368, tls_flags=0, esp_ws_handshake_status_code=0, errno=11[0m
D (56810) event: running post WEBSOCKET_EVENTS:0 with handler 0x4200ef1a and context 0x4085008c on loop 0x4084f4b8[0m
[0;33mW (56820) clare_net: WS ERR heap free8=27472 largest8=14592[0m
[0;33mW (56826) clare_net: WebSocket error kind=0 err=1082455304 status=0[0m
[0;32mI (56834) clare_c6: Network error - check Wi-Fi/API[0m
D (56839) event: running post WEBSOCKET_EVENTS:2 with handler 0x4200ef1a and context 0x4085008c on loop 0x4084f4b8[0m
[0;32mI (56851) clare_net: WebSocket disconnected kind=0 event=2 close=0 type=1 errno=0[0m
D (56857) websocket_client: Freeing error buffer (170 bytes) - Free heap before: 27536 bytes[0m
D (56866) event: running post WEBSOCKET_EVENTS:7 with handler 0x4200ef1a and context 0x4085008c on loop 0x4084f4b8[0m
D (56876) event: deleting loop 0x4084f4b8[0m
[0;32mI (56980) clare_c6: Boot network self-test transcribe err=263[0m
D (56980) event: created event loop 0x40850078[0m
[0;32mI (56981) clare_net: WS pre-start heap free8=37844 largest8=14592[0m
D (56987) event: running post WEBSOCKET_EVENTS:6 with handler 0x4200ef1a and context 0x4084f758 on loop 0x40850078[0m
D (56997) event: running post WEBSOCKET_EVENTS:5 with handler 0x4200ef1a and context 0x4084f758 on loop 0x40850078[0m
[0;32mI (56987) websocket_client: Started[0m
D (57007) esp-tls: host:clare.vinex.top: strlen 15[0m
D (57017) esp-tls: [sock=54] Resolved IPv4 address: 104.21.35.182[0m
D (57023) esp-tls: [sock=54] Connecting to server. HOST: clare.vinex.top, Port: 443[0m
D (57689) esp-tls: handshake in progress...[0m
[0;32mI (57690) mbedtls: ssl_tls.c:4673 => handshake
[0m
[0;32mI (57690) mbedtls: ssl_msg.c:2354 => flush output
[0m
[0;32mI (57693) mbedtls: ssl_msg.c:2363 <= flush output
[0m
[0;32mI (57699) mbedtls: ssl_tls.c:4592 client state: MBEDTLS_SSL_HELLO_REQUEST
[0m
D (57707) mbedtls: ssl_misc.h:1353 handshake state: 0 (MBEDTLS_SSL_HELLO_REQUEST) -> 1 (MBEDTLS_SSL_CLIENT_HELLO)
[0m
[0;32mI (57717) mbedtls: ssl_msg.c:2354 => flush output
[0m
[0;32mI (57723) mbedtls: ssl_msg.c:2363 <= flush output
[0m
[0;32mI (57728) mbedtls: ssl_tls.c:4592 client state: MBEDTLS_SSL_CLIENT_HELLO
[0m
[0;32mI (57736) mbedtls: ssl_client.c:921 => write client hello
[0m
D (57742) mbedtls: ssl_client.c:724 client hello, current time: 5130
[0m
D (57749) mbedtls: ssl_client.c:487 dumping 'client hello, random bytes' (32 bytes)
[0m
D (57757) mbedtls: ssl_client.c:487 0000:  00 00 14 0a 9c fe 4a f9 9c 59 26 2f a0 f6 c9 aa  ......J..Y&/....
[0m
D (57767) mbedtls: ssl_client.c:487 0010:  a9 47 50 c2 75 10 e2 fb 27 77 52 44 18 4c 33 cc  .GP.u...'wRD.L3.
[0m
D (57777) mbedtls: ssl_client.c:512 dumping 'session id' (0 bytes)
[0m
D (57783) mbedtls: ssl_client.c:370 client hello, add ciphersuite: c02c, TLS-ECDHE-ECDSA-WITH-AES-256-GCM-SHA384
[0m
D (57793) mbedtls: ssl_client.c:370 client hello, add ciphersuite: c030, TLS-ECDHE-RSA-WITH-AES-256-GCM-SHA384
[0m
D (57804) mbedtls: ssl_client.c:370 client hello, add ciphersuite: c0ad, TLS-ECDHE-ECDSA-WITH-AES-256-CCM
[0m
D (57813) mbedtls: ssl_client.c:370 client hello, add ciphersuite: c024, TLS-ECDHE-ECDSA-WITH-AES-256-CBC-SHA384
[0m
D (57824) mbedtls: ssl_client.c:370 client hello, add ciphersuite: c028, TLS-ECDHE-RSA-WITH-AES-256-CBC-SHA384
[0m
D (57834) mbedtls: ssl_client.c:370 client hello, add ciphersuite: c00a, TLS-ECDHE-ECDSA-WITH-AES-256-CBC-SHA
[0m
D (57844) mbedtls: ssl_client.c:370 client hello, add ciphersuite: c014, TLS-ECDHE-RSA-WITH-AES-256-CBC-SHA
[0m
D (57854) mbedtls: ssl_client.c:370 client hello, add ciphersuite: c0af, TLS-ECDHE-ECDSA-WITH-AES-256-CCM-8
[0m
D (57864) mbedtls: ssl_client.c:370 client hello, add ciphersuite: c05d, TLS-ECDHE-ECDSA-WITH-ARIA-256-GCM-SHA384
[0m
D (57875) mbedtls: ssl_client.c:370 client hello, add ciphersuite: c061, TLS-ECDHE-RSA-WITH-ARIA-256-GCM-SHA384
[0m
D (57885) mbedtls: ssl_client.c:370 client hello, add ciphersuite: c049, TLS-ECDHE-ECDSA-WITH-ARIA-256-CBC-SHA384
[0m
D (57896) mbedtls: ssl_client.c:370 client hello, add ciphersuite: c04d, TLS-ECDHE-RSA-WITH-ARIA-256-CBC-SHA384
[0m
D (57906) mbedtls: ssl_client.c:370 client hello, add ciphersuite: c02b, TLS-ECDHE-ECDSA-WITH-AES-128-GCM-SHA256
[0m
D (57916) mbedtls: ssl_client.c:370 client hello, add ciphersuite: c02f, TLS-ECDHE-RSA-WITH-AES-128-GCM-SHA256
[0m
D (57927) mbedtls: ssl_client.c:370 client hello, add ciphersuite: c0ac, TLS-ECDHE-ECDSA-WITH-AES-128-CCM
[0m
D (57936) mbedtls: ssl_client.c:370 client hello, add ciphersuite: c023, TLS-ECDHE-ECDSA-WITH-AES-128-CBC-SHA256
[0m
D (57947) mbedtls: ssl_client.c:370 client hello, add ciphersuite: c027, TLS-ECDHE-RSA-WITH-AES-128-CBC-SHA256
[0m
D (57957) mbedtls: ssl_client.c:370 client hello, add ciphersuite: c009, TLS-ECDHE-ECDSA-WITH-AES-128-CBC-SHA
[0m
D (57967) mbedtls: ssl_client.c:370 client hello, add ciphersuite: c013, TLS-ECDHE-RSA-WITH-AES-128-CBC-SHA
[0m
D (57977) mbedtls: ssl_client.c:370 client hello, add ciphersuite: c0ae, TLS-ECDHE-ECDSA-WITH-AES-128-CCM-8
[0m
D (57987) mbedtls: ssl_client.c:370 client hello, add ciphersuite: c05c, TLS-ECDHE-ECDSA-WITH-ARIA-128-GCM-SHA256
[0m
D (57998) mbedtls: ssl_client.c:370 client hello, add ciphersuite: c060, TLS-ECDHE-RSA-WITH-ARIA-128-GCM-SHA256
[0m
D (58008) mbedtls: ssl_client.c:370 client hello, add ciphersuite: c048, TLS-ECDHE-ECDSA-WITH-ARIA-128-CBC-SHA256
[0m
D (58018) mbedtls: ssl_client.c:370 client hello, add ciphersuite: c04c, TLS-ECDHE-RSA-WITH-ARIA-128-CBC-SHA256
[0m
D (58029) mbedtls: ssl_client.c:370 client hello, add ciphersuite: 009d, TLS-RSA-WITH-AES-256-GCM-SHA384
[0m
D (58039) mbedtls: ssl_client.c:370 client hello, add ciphersuite: c09d, TLS-RSA-WITH-AES-256-CCM
[0m
D (58048) mbedtls: ssl_client.c:370 client hello, add ciphersuite: 003d, TLS-RSA-WITH-AES-256-CBC-SHA256
[0m
D (58057) mbedtls: ssl_client.c:370 client hello, add ciphersuite: 0035, TLS-RSA-WITH-AES-256-CBC-SHA
[0m
D (58067) mbedtls: ssl_client.c:370 client hello, add ciphersuite: c032, TLS-ECDH-RSA-WITH-AES-256-GCM-SHA384
[0m
D (58077) mbedtls: ssl_client.c:370 client hello, add ciphersuite: c02a, TLS-ECDH-RSA-WITH-AES-256-CBC-SHA384
[0m
D (58087) mbedtls: ssl_client.c:370 client hello, add ciphersuite: c00f, TLS-ECDH-RSA-WITH-AES-256-CBC-SHA
[0m
D (58097) mbedtls: ssl_client.c:370 client hello, add ciphersuite: c02e, TLS-ECDH-ECDSA-WITH-AES-256-GCM-SHA384
[0m
D (58107) mbedtls: ssl_client.c:370 client hello, add ciphersuite: c026, TLS-ECDH-ECDSA-WITH-AES-256-CBC-SHA384
[0m
D (58118) mbedtls: ssl_client.c:370 client hello, add ciphersuite: c005, TLS-ECDH-ECDSA-WITH-AES-256-CBC-SHA
[0m
D (58128) mbedtls: ssl_client.c:370 client hello, add ciphersuite: c0a1, TLS-RSA-WITH-AES-256-CCM-8
[0m
D (58137) mbedtls: ssl_client.c:370 client hello, add ciphersuite: c05f, TLS-ECDH-ECDSA-WITH-ARIA-256-GCM-SHA384
[0m
D (58147) mbedtls: ssl_client.c:370 client hello, add ciphersuite: c063, TLS-ECDH-RSA-WITH-ARIA-256-GCM-SHA384
[0m
D (58158) mbedtls: ssl_client.c:370 client hello, add ciphersuite: c051, TLS-RSA-WITH-ARIA-256-GCM-SHA384
[0m
D (58167) mbedtls: ssl_client.c:370 client hello, add ciphersuite: c04b, TLS-ECDH-ECDSA-WITH-ARIA-256-CBC-SHA384
[0m
D (58178) mbedtls: ssl_client.c:370 client hello, add ciphersuite: c04f, TLS-ECDH-RSA-WITH-ARIA-256-CBC-SHA384
[0m
D (58188) mbedtls: ssl_client.c:370 client hello, add ciphersuite: c03d, TLS-RSA-WITH-ARIA-256-CBC-SHA384
[0m
D (58198) mbedtls: ssl_client.c:370 client hello, add ciphersuite: 009c, TLS-RSA-WITH-AES-128-GCM-SHA256
[0m
D (58208) mbedtls: ssl_client.c:370 client hello, add ciphersuite: c09c, TLS-RSA-WITH-AES-128-CCM
[0m
D (58217) mbedtls: ssl_client.c:370 client hello, add ciphersuite: 003c, TLS-RSA-WITH-AES-128-CBC-SHA256
[0m
D (58227) mbedtls: ssl_client.c:370 client hello, add ciphersuite: 002f, TLS-RSA-WITH-AES-128-CBC-SHA
[0m
D (58236) mbedtls: ssl_client.c:370 client hello, add ciphersuite: c031, TLS-ECDH-RSA-WITH-AES-128-GCM-SHA256
[0m
D (58246) mbedtls: ssl_client.c:370 client hello, add ciphersuite: c029, TLS-ECDH-RSA-WITH-AES-128-CBC-SHA256
[0m
D (58256) mbedtls: ssl_client.c:370 client hello, add ciphersuite: c00e, TLS-ECDH-RSA-WITH-AES-128-CBC-SHA
[0m
D (58266) mbedtls: ssl_client.c:370 client hello, add ciphersuite: c02d, TLS-ECDH-ECDSA-WITH-AES-128-GCM-SHA256
[0m
D (58277) mbedtls: ssl_client.c:370 client hello, add ciphersuite: c025, TLS-ECDH-ECDSA-WITH-AES-128-CBC-SHA256
[0m
D (58287) mbedtls: ssl_client.c:370 client hello, add ciphersuite: c004, TLS-ECDH-ECDSA-WITH-AES-128-CBC-SHA
[0m
D (58297) mbedtls: ssl_client.c:370 client hello, add ciphersuite: c0a0, TLS-RSA-WITH-AES-128-CCM-8
[0m
D (58306) mbedtls: ssl_client.c:370 client hello, add ciphersuite: c05e, TLS-ECDH-ECDSA-WITH-ARIA-128-GCM-SHA256
[0m
D (58317) mbedtls: ssl_client.c:370 client hello, add ciphersuite: c062, TLS-ECDH-RSA-WITH-ARIA-128-GCM-SHA256
[0m
D (58327) mbedtls: ssl_client.c:370 client hello, add ciphersuite: c050, TLS-RSA-WITH-ARIA-128-GCM-SHA256
[0m
D (58337) mbedtls: ssl_client.c:370 client hello, add ciphersuite: c04a, TLS-ECDH-ECDSA-WITH-ARIA-128-CBC-SHA256
[0m
D (58347) mbedtls: ssl_client.c:370 client hello, add ciphersuite: c04e, TLS-ECDH-RSA-WITH-ARIA-128-CBC-SHA256
[0m
D (58357) mbedtls: ssl_client.c:370 client hello, add ciphersuite: c03c, TLS-RSA-WITH-ARIA-128-CBC-SHA256
[0m
D (58367) mbedtls: ssl_client.c:388 adding EMPTY_RENEGOTIATION_INFO_SCSV
[0m
D (58374) mbedtls: ssl_client.c:397 client hello, got 59 cipher suites
[0m
D (58381) mbedtls: ssl_client.c:41 client hello, adding server name extension: clare.vinex.top
[0m
D (58390) mbedtls: ssl_client.c:231 client hello, adding supported_groups extension
[0m
D (58398) mbedtls: ssl_client.c:250 got supported group(001d)
[0m
D (58404) mbedtls: ssl_client.c:282 NamedGroup: x25519 ( 1d )
[0m
D (58410) mbedtls: ssl_client.c:250 got supported group(0017)
[0m
D (58416) mbedtls: ssl_client.c:282 NamedGroup: secp256r1 ( 17 )
[0m
D (58422) mbedtls: ssl_client.c:250 got supported group(0018)
[0m
D (58428) mbedtls: ssl_client.c:282 NamedGroup: secp384r1 ( 18 )
[0m
D (58434) mbedtls: ssl_client.c:250 got supported group(0019)
[0m
D (58440) mbedtls: ssl_client.c:282 NamedGroup: secp521r1 ( 19 )
[0m
D (58446) mbedtls: ssl_client.c:250 got supported group(001a)
[0m
D (58452) mbedtls: ssl_client.c:282 NamedGroup: bp256r1 ( 1a )
[0m
D (58458) mbedtls: ssl_client.c:250 got supported group(001b)
[0m
D (58464) mbedtls: ssl_client.c:282 NamedGroup: bp384r1 ( 1b )
[0m
D (58470) mbedtls: ssl_client.c:250 got supported group(001c)
[0m
D (58476) mbedtls: ssl_client.c:282 NamedGroup: bp512r1 ( 1c )
[0m
D (58482) mbedtls: ssl_client.c:302 dumping 'Supported groups extension' (16 bytes)
[0m
D (58490) mbedtls: ssl_client.c:302 0000:  00 0e 00 1d 00 17 00 18 00 19 00 1a 00 1b 00 1c  ................
[0m
D (58500) mbedtls: ssl_tls.c:9437 adding signature_algorithms extension
[0m
D (58507) mbedtls: ssl_tls.c:9457 got signature scheme [603] ecdsa_secp521r1_sha512
[0m
D (58515) mbedtls: ssl_tls.c:9466 sent signature scheme [603] ecdsa_secp521r1_sha512
[0m
D (58523) mbedtls: ssl_tls.c:9457 got signature scheme [806] rsa_pss_rsae_sha512
[0m
D (58531) mbedtls: ssl_tls.c:9457 got signature scheme [601] rsa_pkcs1_sha512
[0m
D (58538) mbedtls: ssl_tls.c:9466 sent signature scheme [601] rsa_pkcs1_sha512
[0m
D (58546) mbedtls: ssl_tls.c:9457 got signature scheme [503] ecdsa_secp384r1_sha384
[0m
D (58554) mbedtls: ssl_tls.c:9466 sent signature scheme [503] ecdsa_secp384r1_sha384
[0m
D (58562) mbedtls: ssl_tls.c:9457 got signature scheme [805] rsa_pss_rsae_sha384
[0m
D (58569) mbedtls: ssl_tls.c:9457 got signature scheme [501] rsa_pkcs1_sha384
[0m
D (58577) mbedtls: ssl_tls.c:9466 sent signature scheme [501] rsa_pkcs1_sha384
[0m
D (58584) mbedtls: ssl_tls.c:9457 got signature scheme [403] ecdsa_secp256r1_sha256
[0m
D (58592) mbedtls: ssl_tls.c:9466 sent signature scheme [403] ecdsa_secp256r1_sha256
[0m
D (58600) mbedtls: ssl_tls.c:9457 got signature scheme [804] rsa_pss_rsae_sha256
[0m
D (58608) mbedtls: ssl_tls.c:9457 got signature scheme [401] rsa_pkcs1_sha256
[0m
D (58615) mbedtls: ssl_tls.c:9466 sent signature scheme [401] rsa_pkcs1_sha256
[0m
D (58622) mbedtls: ssl_tls12_client.c:105 client hello, adding supported_point_formats extension
[0m
D (58631) mbedtls: ssl_tls12_client.c:306 client hello, adding encrypt_then_mac extension
[0m
D (58640) mbedtls: ssl_tls12_client.c:338 client hello, adding extended_master_secret extension
[0m
D (58649) mbedtls: ssl_tls12_client.c:372 client hello, adding session ticket extension
[0m
D (58657) mbedtls: ssl_client.c:689 client hello, total extension length: 80
[0m
D (58664) mbedtls: ssl_client.c:691 dumping 'client hello extensions' (80 bytes)
[0m
D (58672) mbedtls: ssl_client.c:691 0000:  00 50 00 00 00 14 00 12 00 00 0f 63 6c 61 72 65  .P.........clare
[0m
D (58682) mbedtls: ssl_client.c:691 0010:  2e 76 69 6e 65 78 2e 74 6f 70 00 0a 00 10 00 0e  .vinex.top......
[0m
D (58692) mbedtls: ssl_client.c:691 0020:  00 1d 00 17 00 18 00 19 00 1a 00 1b 00 1c 00 0d  ................
[0m
D (58702) mbedtls: ssl_client.c:691 0030:  00 0e 00 0c 06 03 06 01 05 03 05 01 04 03 04 01  ................
[0m
D (58712) mbedtls: ssl_client.c:691 0040:  00 0b 00 02 01 00 00 16 00 00 00 17 00 00 00 23  ...............#
[0m
[0;32mI (58723) mbedtls: ssl_msg.c:2784 => write handshake message
[0m
[0;32mI (58729) mbedtls: ssl_msg.c:2944 => write record
[0m
D (58734) mbedtls: ssl_msg.c:3028 output record: msgtype = 22, version = [3:3], msglen = 243
[0m
[0;32mI (58745) mbedtls: ssl_msg.c:3081 <= write record
[0m
[0;32mI (58749) mbedtls: ssl_msg.c:2905 <= write handshake message
[0m
D (58755) mbedtls: ssl_misc.h:1353 handshake state: 1 (MBEDTLS_SSL_CLIENT_HELLO) -> 2 (MBEDTLS_SSL_SERVER_HELLO)
[0m
[0;32mI (58766) mbedtls: ssl_client.c:1014 <= write client hello
[0m
[0;32mI (58772) mbedtls: ssl_msg.c:2354 => flush output
[0m
[0;32mI (58777) mbedtls: ssl_msg.c:2368 message length: 248, out_left: 248
[0m
[0;32mI (58785) mbedtls: ssl_msg.c:2375 ssl->f_send() returned 248 (-0xffffff08)
[0m
[0;32mI (58792) mbedtls: ssl_msg.c:2402 <= flush output
[0m
[0;32mI (58798) mbedtls: ssl_tls.c:4592 client state: MBEDTLS_SSL_SERVER_HELLO
[0m
[0;32mI (58805) mbedtls: ssl_tls12_client.c:1195 => parse server hello
[0m
[0;32mI (58812) mbedtls: ssl_msg.c:4299 => read record
[0m
[0;32mI (58818) mbedtls: ssl_msg.c:2156 => fetch input
[0m
[0;32mI (58823) mbedtls: ssl_msg.c:2296 in_left: 0, nb_want: 5
[0m
[0;33mW (87011) clare_net: WebSocket connect timeout kind=1 bits=0x0[0m
[0;32mI (88829) mbedtls: ssl_msg.c:2316 in_left: 0, nb_want: 5
[0m
[0;32mI (88829) mbedtls: ssl_tls.c:4684 <= handshake
[0m
[0;33mW (88829) esp-tls: Failed to open new connection in specified timeout[0m
[0;31mE (88836) transport_base: Failed to open a new connection[0m
[0;31mE (88844) transport_ws: Error connecting to host clare.vinex.top:443[0m
[0;31mE (88850) websocket_client: esp_transport_connect() failed with -1, transport_error=ESP_ERR_ESP_TLS_CONNECTION_TIMEOUT, tls_error_code=0, tls_flags=0, esp_ws_handshake_status_code=0, errno=11[0m
D (88867) event: running post WEBSOCKET_EVENTS:0 with handler 0x4200ef1a and context 0x4084f758 on loop 0x40850078[0m
[0;33mW (88878) clare_net: WS ERR heap free8=27176 largest8=14592[0m
[0;33mW (88884) clare_net: WebSocket error kind=1 err=1082455304 status=0[0m
[0;32mI (88891) clare_c6: Network error - check Wi-Fi/API[0m
D (88896) event: running post WEBSOCKET_EVENTS:2 with handler 0x4200ef1a and context 0x4084f758 on loop 0x40850078[0m
[0;32mI (88907) clare_net: WebSocket disconnected kind=1 event=2 close=0 type=1 errno=0[0m
D (88915) websocket_client: Freeing error buffer (164 bytes) - Free heap before: 27236 bytes[0m
D (88923) event: running post WEBSOCKET_EVENTS:7 with handler 0x4200ef1a and context 0x4084f758 on loop 0x40850078[0m
D (88934) event: deleting loop 0x40850078[0m
[0;32mI (89038) clare_c6: Boot network self-test host err=263[0m
[0;32mI (89038) clare_net: HTTP before init free8=40724 largest8=14592 free_internal=40724 largest_internal=14592[0m
D (89044) HTTP_CLIENT: Begin connect to: https://clare.vinex.top:443[0m
D (89049) esp-tls: host:clare.vinex.top: strlen 15[0m
D (89055) esp-tls: [sock=54] Resolved IPv4 address: 104.21.35.182[0m
D (89061) esp-tls: [sock=54] Connecting to server. HOST: clare.vinex.top, Port: 443[0m
[0;32mI (89676) mbedtls: ssl_client.c:921 => write client hello
[0m
D (89683) mbedtls: ssl_client.c:724 client hello, current time: 5162
[0m
D (89690) mbedtls: ssl_client.c:487 dumping 'client hello, random bytes' (32 bytes)
[0m
D (89697) mbedtls: ssl_client.c:487 0000:  00 00 14 2a 68 02 b3 15 3a bf 74 20 4d 42 24 27  ...*h...:.t MB$'
[0m
D (89707) mbedtls: ssl_client.c:487 0010:  59 e9 dc 81 2a 80 62 82 a3 1a 52 1d f0 94 49 a1  Y...*.b...R...I.
[0m
D (89717) mbedtls: ssl_client.c:512 dumping 'session id' (0 bytes)
[0m
D (89724) mbedtls: ssl_client.c:370 client hello, add ciphersuite: c02c, TLS-ECDHE-ECDSA-WITH-AES-256-GCM-SHA384
[0m
D (89734) mbedtls: ssl_client.c:370 client hello, add ciphersuite: c030, TLS-ECDHE-RSA-WITH-AES-256-GCM-SHA384
[0m
D (89744) mbedtls: ssl_client.c:370 client hello, add ciphersuite: c0ad, TLS-ECDHE-ECDSA-WITH-AES-256-CCM
[0m
D (89754) mbedtls: ssl_client.c:370 client hello, add ciphersuite: c024, TLS-ECDHE-ECDSA-WITH-AES-256-CBC-SHA384
[0m
D (89764) mbedtls: ssl_client.c:370 client hello, add ciphersuite: c028, TLS-ECDHE-RSA-WITH-AES-256-CBC-SHA384
[0m
D (89775) mbedtls: ssl_client.c:370 client hello, add ciphersuite: c00a, TLS-ECDHE-ECDSA-WITH-AES-256-CBC-SHA
[0m
D (89785) mbedtls: ssl_client.c:370 client hello, add ciphersuite: c014, TLS-ECDHE-RSA-WITH-AES-256-CBC-SHA
[0m
D (89795) mbedtls: ssl_client.c:370 client hello, add ciphersuite: c0af, TLS-ECDHE-ECDSA-WITH-AES-256-CCM-8
[0m
D (89805) mbedtls: ssl_client.c:370 client hello, add ciphersuite: c05d, TLS-ECDHE-ECDSA-WITH-ARIA-256-GCM-SHA384
[0m
D (89815) mbedtls: ssl_client.c:370 client hello, add ciphersuite: c061, TLS-ECDHE-RSA-WITH-ARIA-256-GCM-SHA384
[0m
D (89826) mbedtls: ssl_client.c:370 client hello, add ciphersuite: c049, TLS-ECDHE-ECDSA-WITH-ARIA-256-CBC-SHA384
[0m
D (89836) mbedtls: ssl_client.c:370 client hello, add ciphersuite: c04d, TLS-ECDHE-RSA-WITH-ARIA-256-CBC-SHA384
[0m
D (89846) mbedtls: ssl_client.c:370 client hello, add ciphersuite: c02b, TLS-ECDHE-ECDSA-WITH-AES-128-GCM-SHA256
[0m
D (89857) mbedtls: ssl_client.c:370 client hello, add ciphersuite: c02f, TLS-ECDHE-RSA-WITH-AES-128-GCM-SHA256
[0m
D (89867) mbedtls: ssl_client.c:370 client hello, add ciphersuite: c0ac, TLS-ECDHE-ECDSA-WITH-AES-128-CCM
[0m
D (89877) mbedtls: ssl_client.c:370 client hello, add ciphersuite: c023, TLS-ECDHE-ECDSA-WITH-AES-128-CBC-SHA256
[0m
D (89887) mbedtls: ssl_client.c:370 client hello, add ciphersuite: c027, TLS-ECDHE-RSA-WITH-AES-128-CBC-SHA256
[0m
D (89898) mbedtls: ssl_client.c:370 client hello, add ciphersuite: c009, TLS-ECDHE-ECDSA-WITH-AES-128-CBC-SHA
[0m
D (89908) mbedtls: ssl_client.c:370 client hello, add ciphersuite: c013, TLS-ECDHE-RSA-WITH-AES-128-CBC-SHA
[0m
D (89918) mbedtls: ssl_client.c:370 client hello, add ciphersuite: c0ae, TLS-ECDHE-ECDSA-WITH-AES-128-CCM-8
[0m
D (89928) mbedtls: ssl_client.c:370 client hello, add ciphersuite: c05c, TLS-ECDHE-ECDSA-WITH-ARIA-128-GCM-SHA256
[0m
D (89938) mbedtls: ssl_client.c:370 client hello, add ciphersuite: c060, TLS-ECDHE-RSA-WITH-ARIA-128-GCM-SHA256
[0m
D (89949) mbedtls: ssl_client.c:370 client hello, add ciphersuite: c048, TLS-ECDHE-ECDSA-WITH-ARIA-128-CBC-SHA256
[0m
D (89959) mbedtls: ssl_client.c:370 client hello, add ciphersuite: c04c, TLS-ECDHE-RSA-WITH-ARIA-128-CBC-SHA256
[0m
D (89969) mbedtls: ssl_client.c:370 client hello, add ciphersuite: 009d, TLS-RSA-WITH-AES-256-GCM-SHA384
[0m
D (89979) mbedtls: ssl_client.c:370 client hello, add ciphersuite: c09d, TLS-RSA-WITH-AES-256-CCM
[0m
D (89988) mbedtls: ssl_client.c:370 client hello, add ciphersuite: 003d, TLS-RSA-WITH-AES-256-CBC-SHA256
[0m
D (89998) mbedtls: ssl_client.c:370 client hello, add ciphersuite: 0035, TLS-RSA-WITH-AES-256-CBC-SHA
[0m
D (90007) mbedtls: ssl_client.c:370 client hello, add ciphersuite: c032, TLS-ECDH-RSA-WITH-AES-256-GCM-SHA384
[0m
D (90018) mbedtls: ssl_client.c:370 client hello, add ciphersuite: c02a, TLS-ECDH-RSA-WITH-AES-256-CBC-SHA384
[0m
D (90028) mbedtls: ssl_client.c:370 client hello, add ciphersuite: c00f, TLS-ECDH-RSA-WITH-AES-256-CBC-SHA
[0m
D (90038) mbedtls: ssl_client.c:370 client hello, add ciphersuite: c02e, TLS-ECDH-ECDSA-WITH-AES-256-GCM-SHA384
[0m
D (90048) mbedtls: ssl_client.c:370 client hello, add ciphersuite: c026, TLS-ECDH-ECDSA-WITH-AES-256-CBC-SHA384
[0m
D (90058) mbedtls: ssl_client.c:370 client hello, add ciphersuite: c005, TLS-ECDH-ECDSA-WITH-AES-256-CBC-SHA
[0m
D (90068) mbedtls: ssl_client.c:370 client hello, add ciphersuite: c0a1, TLS-RSA-WITH-AES-256-CCM-8
[0m
D (90078) mbedtls: ssl_client.c:370 client hello, add ciphersuite: c05f, TLS-ECDH-ECDSA-WITH-ARIA-256-GCM-SHA384
[0m
D (90088) mbedtls: ssl_client.c:370 client hello, add ciphersuite: c063, TLS-ECDH-RSA-WITH-ARIA-256-GCM-SHA384
[0m
D (90098) mbedtls: ssl_client.c:370 client hello, add ciphersuite: c051, TLS-RSA-WITH-ARIA-256-GCM-SHA384
[0m
D (90108) mbedtls: ssl_client.c:370 client hello, add ciphersuite: c04b, TLS-ECDH-ECDSA-WITH-ARIA-256-CBC-SHA384
[0m
D (90118) mbedtls: ssl_client.c:370 client hello, add ciphersuite: c04f, TLS-ECDH-RSA-WITH-ARIA-256-CBC-SHA384
[0m
D (90129) mbedtls: ssl_client.c:370 client hello, add ciphersuite: c03d, TLS-RSA-WITH-ARIA-256-CBC-SHA384
[0m
D (90139) mbedtls: ssl_client.c:370 client hello, add ciphersuite: 009c, TLS-RSA-WITH-AES-128-GCM-SHA256
[0m
D (90148) mbedtls: ssl_client.c:370 client hello, add ciphersuite: c09c, TLS-RSA-WITH-AES-128-CCM
[0m
D (90157) mbedtls: ssl_client.c:370 client hello, add ciphersuite: 003c, TLS-RSA-WITH-AES-128-CBC-SHA256
[0m
D (90167) mbedtls: ssl_client.c:370 client hello, add ciphersuite: 002f, TLS-RSA-WITH-AES-128-CBC-SHA
[0m
D (90177) mbedtls: ssl_client.c:370 client hello, add ciphersuite: c031, TLS-ECDH-RSA-WITH-AES-128-GCM-SHA256
[0m
D (90187) mbedtls: ssl_client.c:370 client hello, add ciphersuite: c029, TLS-ECDH-RSA-WITH-AES-128-CBC-SHA256
[0m
D (90197) mbedtls: ssl_client.c:370 client hello, add ciphersuite: c00e, TLS-ECDH-RSA-WITH-AES-128-CBC-SHA
[0m
D (90207) mbedtls: ssl_client.c:370 client hello, add ciphersuite: c02d, TLS-ECDH-ECDSA-WITH-AES-128-GCM-SHA256
[0m
D (90217) mbedtls: ssl_client.c:370 client hello, add ciphersuite: c025, TLS-ECDH-ECDSA-WITH-AES-128-CBC-SHA256
[0m
D (90227) mbedtls: ssl_client.c:370 client hello, add ciphersuite: c004, TLS-ECDH-ECDSA-WITH-AES-128-CBC-SHA
[0m
D (90237) mbedtls: ssl_client.c:370 client hello, add ciphersuite: c0a0, TLS-RSA-WITH-AES-128-CCM-8
[0m
D (90247) mbedtls: ssl_client.c:370 client hello, add ciphersuite: c05e, TLS-ECDH-ECDSA-WITH-ARIA-128-GCM-SHA256
[0m
D (90257) mbedtls: ssl_client.c:370 client hello, add ciphersuite: c062, TLS-ECDH-RSA-WITH-ARIA-128-GCM-SHA256
[0m
D (90267) mbedtls: ssl_client.c:370 client hello, add ciphersuite: c050, TLS-RSA-WITH-ARIA-128-GCM-SHA256
[0m
D (90277) mbedtls: ssl_client.c:370 client hello, add ciphersuite: c04a, TLS-ECDH-ECDSA-WITH-ARIA-128-CBC-SHA256
[0m
D (90288) mbedtls: ssl_client.c:370 client hello, add ciphersuite: c04e, TLS-ECDH-RSA-WITH-ARIA-128-CBC-SHA256
[0m
D (90298) mbedtls: ssl_client.c:370 client hello, add ciphersuite: c03c, TLS-RSA-WITH-ARIA-128-CBC-SHA256
[0m
D (90308) mbedtls: ssl_client.c:388 adding EMPTY_RENEGOTIATION_INFO_SCSV
[0m
D (90315) mbedtls: ssl_client.c:397 client hello, got 59 cipher suites
[0m
D (90321) mbedtls: ssl_client.c:41 client hello, adding server name extension: clare.vinex.top
[0m
D (90330) mbedtls: ssl_client.c:231 client hello, adding supported_groups extension
[0m
D (90338) mbedtls: ssl_client.c:250 got supported group(001d)
[0m
D (90344) mbedtls: ssl_client.c:282 NamedGroup: x25519 ( 1d )
[0m
D (90350) mbedtls: ssl_client.c:250 got supported group(0017)
[0m
D (90356) mbedtls: ssl_client.c:282 NamedGroup: secp256r1 ( 17 )
[0m
D (90362) mbedtls: ssl_client.c:250 got supported group(0018)
[0m
D (90368) mbedtls: ssl_client.c:282 NamedGroup: secp384r1 ( 18 )
[0m
D (90375) mbedtls: ssl_client.c:250 got supported group(0019)
[0m
D (90381) mbedtls: ssl_client.c:282 NamedGroup: secp521r1 ( 19 )
[0m
D (90387) mbedtls: ssl_client.c:250 got supported group(001a)
[0m
D (90393) mbedtls: ssl_client.c:282 NamedGroup: bp256r1 ( 1a )
[0m
D (90399) mbedtls: ssl_client.c:250 got supported group(001b)
[0m
D (90405) mbedtls: ssl_client.c:282 NamedGroup: bp384r1 ( 1b )
[0m
D (90411) mbedtls: ssl_client.c:250 got supported group(001c)
[0m
D (90417) mbedtls: ssl_client.c:282 NamedGroup: bp512r1 ( 1c )
[0m
D (90423) mbedtls: ssl_client.c:302 dumping 'Supported groups extension' (16 bytes)
[0m
D (90431) mbedtls: ssl_client.c:302 0000:  00 0e 00 1d 00 17 00 18 00 19 00 1a 00 1b 00 1c  ................
[0m
D (90441) mbedtls: ssl_tls.c:9437 adding signature_algorithms extension
[0m
D (90448) mbedtls: ssl_tls.c:9457 got signature scheme [603] ecdsa_secp521r1_sha512
[0m
D (90456) mbedtls: ssl_tls.c:9466 sent signature scheme [603] ecdsa_secp521r1_sha512
[0m
D (90464) mbedtls: ssl_tls.c:9457 got signature scheme [806] rsa_pss_rsae_sha512
[0m
D (90471) mbedtls: ssl_tls.c:9457 got signature scheme [601] rsa_pkcs1_sha512
[0m
D (90479) mbedtls: ssl_tls.c:9466 sent signature scheme [601] rsa_pkcs1_sha512
[0m
D (90486) mbedtls: ssl_tls.c:9457 got signature scheme [503] ecdsa_secp384r1_sha384
[0m
D (90494) mbedtls: ssl_tls.c:9466 sent signature scheme [503] ecdsa_secp384r1_sha384
[0m
D (90502) mbedtls: ssl_tls.c:9457 got signature scheme [805] rsa_pss_rsae_sha384
[0m
D (90510) mbedtls: ssl_tls.c:9457 got signature scheme [501] rsa_pkcs1_sha384
[0m
D (90517) mbedtls: ssl_tls.c:9466 sent signature scheme [501] rsa_pkcs1_sha384
[0m
D (90525) mbedtls: ssl_tls.c:9457 got signature scheme [403] ecdsa_secp256r1_sha256
[0m
D (90533) mbedtls: ssl_tls.c:9466 sent signature scheme [403] ecdsa_secp256r1_sha256
[0m
D (90540) mbedtls: ssl_tls.c:9457 got signature scheme [804] rsa_pss_rsae_sha256
[0m
D (90548) mbedtls: ssl_tls.c:9457 got signature scheme [401] rsa_pkcs1_sha256
[0m
D (90556) mbedtls: ssl_tls.c:9466 sent signature scheme [401] rsa_pkcs1_sha256
[0m
D (90563) mbedtls: ssl_tls12_client.c:105 client hello, adding supported_point_formats extension
[0m
D (90572) mbedtls: ssl_tls12_client.c:306 client hello, adding encrypt_then_mac extension
[0m
D (90580) mbedtls: ssl_tls12_client.c:338 client hello, adding extended_master_secret extension
[0m
D (90589) mbedtls: ssl_tls12_client.c:372 client hello, adding session ticket extension
[0m
D (90598) mbedtls: ssl_client.c:689 client hello, total extension length: 80
[0m
D (90605) mbedtls: ssl_client.c:691 dumping 'client hello extensions' (80 bytes)
[0m
D (90613) mbedtls: ssl_client.c:691 0000:  00 50 00 00 00 14 00 12 00 00 0f 63 6c 61 72 65  .P.........clare
[0m
D (90623) mbedtls: ssl_client.c:691 0010:  2e 76 69 6e 65 78 2e 74 6f 70 00 0a 00 10 00 0e  .vinex.top......
[0m
D (90633) mbedtls: ssl_client.c:691 0020:  00 1d 00 17 00 18 00 19 00 1a 00 1b 00 1c 00 0d  ................
[0m
D (90643) mbedtls: ssl_client.c:691 0030:  00 0e 00 0c 06 03 06 01 05 03 05 01 04 03 04 01  ................
[0m
D (90653) mbedtls: ssl_client.c:691 0040:  00 0b 00 02 01 00 00 16 00 00 00 17 00 00 00 23  ...............#
[0m
[0;32mI (90663) mbedtls: ssl_msg.c:2784 => write handshake message
[0m
[0;32mI (90669) mbedtls: ssl_msg.c:2944 => write record
[0m
D (90675) mbedtls: ssl_msg.c:3028 output record: msgtype = 22, version = [3:3], msglen = 243
[0m
[0;32mI (90685) mbedtls: ssl_msg.c:3081 <= write record
[0m
[0;32mI (90689) mbedtls: ssl_msg.c:2905 <= write handshake message
[0m
D (90696) mbedtls: ssl_misc.h:1353 handshake state: 1 (MBEDTLS_SSL_CLIENT_HELLO) -> 2 (MBEDTLS_SSL_SERVER_HELLO)
[0m
[0;32mI (90706) mbedtls: ssl_client.c:1014 <= write client hello
[0m
[0;32mI (90712) mbedtls: ssl_msg.c:2354 => flush output
[0m
[0;32mI (90718) mbedtls: ssl_msg.c:2368 message length: 248, out_left: 248
[0m
[0;32mI (90726) mbedtls: ssl_msg.c:2375 ssl->f_send() returned 248 (-0xffffff08)
[0m
[0;32mI (90733) mbedtls: ssl_msg.c:2402 <= flush output
[0m
[0;32mI (90738) mbedtls: ssl_tls.c:4592 client state: MBEDTLS_SSL_SERVER_HELLO
[0m
[0;32mI (90746) mbedtls: ssl_tls12_client.c:1195 => parse server hello
[0m
[0;32mI (90753) mbedtls: ssl_msg.c:4299 => read record
[0m
[0;32mI (90758) mbedtls: ssl_msg.c:2156 => fetch input
[0m
[0;32mI (90764) mbedtls: ssl_msg.c:2296 in_left: 0, nb_want: 5
[0m
[0;32mI (90969) mbedtls: ssl_msg.c:2316 in_left: 0, nb_want: 5
[0m
[0;32mI (90969) mbedtls: ssl_msg.c:2319 ssl->f_recv(_timeout)() returned 5 (-0xfffffffb)
[0m
[0;32mI (90973) mbedtls: ssl_msg.c:2341 <= fetch input
[0m
D (90978) mbedtls: ssl_msg.c:3966 input record: msgtype = 22, version = [0x303], msglen = 67
[0m
[0;32mI (90987) mbedtls: ssl_msg.c:2156 => fetch input
[0m
[0;32mI (90992) mbedtls: ssl_msg.c:2296 in_left: 5, nb_want: 72
[0m
[0;32mI (90999) mbedtls: ssl_msg.c:2316 in_left: 5, nb_want: 72
[0m
[0;32mI (91005) mbedtls: ssl_msg.c:2319 ssl->f_recv(_timeout)() returned 67 (-0xffffffbd)
[0m
[0;32mI (91013) mbedtls: ssl_msg.c:2341 <= fetch input
[0m
D (91019) mbedtls: ssl_msg.c:3239 handshake message: msglen = 67, type = 2, hslen = 67
[0m
D (91027) mbedtls: ssl_msg.c:3328 sole handshake fragment: 67, 0..67 of 67
[0m
[0;32mI (91035) mbedtls: ssl_msg.c:4371 <= read record
[0m
D (91039) mbedtls: ssl_tls12_client.c:1269 dumping 'server hello, version' (2 bytes)
[0m
D (91048) mbedtls: ssl_tls12_client.c:1269 0000:  03 03                                            ..
[0m
D (91057) mbedtls: ssl_tls12_client.c:1290 server hello, current time: 1787904080
[0m
D (91065) mbedtls: ssl_tls12_client.c:1300 dumping 'server hello, random bytes' (32 bytes)
[0m
D (91073) mbedtls: ssl_tls12_client.c:1300 0000:  6a 91 40 50 aa c6 76 9a 36 2f f3 a3 0d 9e c4 d5  j.@P..v.6/......
[0m
D (91084) mbedtls: ssl_tls12_client.c:1300 0010:  55 53 d6 07 60 83 44 7a 44 4f 57 4e 47 52 44 01  US..`.DzDOWNGRD.
[0m
D (91095) mbedtls: ssl_tls12_client.c:1362 server hello, session id len.: 0
[0m
D (91102) mbedtls: ssl_tls12_client.c:1363 dumping 'server hello, session id' (0 bytes)
[0m
D (91110) mbedtls: ssl_misc.h:1353 handshake state: 2 (MBEDTLS_SSL_SERVER_HELLO) -> 3 (MBEDTLS_SSL_SERVER_CERTIFICATE)
[0m
D (91121) mbedtls: ssl_tls12_client.c:1387 no session has been resumed
[0m
D (91128) mbedtls: ssl_tls12_client.c:1390 server hello, chosen ciphersuite: c02b
[0m
D (91135) mbedtls: ssl_tls12_client.c:1391 server hello, compress alg.: 0
[0m
D (91142) mbedtls: ssl_tls12_client.c:1426 server hello, chosen ciphersuite: TLS-ECDHE-ECDSA-WITH-AES-128-GCM-SHA256
[0m
[0;32mI (91153) mbedtls: ssl_tls12_client.c:1447 server hello, total extension length: 23
[0m
D (91162) mbedtls: ssl_tls12_client.c:1592 unknown extension found: 0 (ignoring)
[0m
D (91169) mbedtls: ssl_tls12_client.c:1517 found extended_master_secret extension
[0m
D (91177) mbedtls: ssl_tls12_client.c:1465 found renegotiation extension
[0m
D (91184) mbedtls: ssl_tls12_client.c:1544 found supported_point_formats extension
[0m
D (91192) mbedtls: ssl_tls12_client.c:1530 found session_ticket extension
[0m
[0;32mI (91199) mbedtls: ssl_tls12_client.c:1661 <= parse server hello
[0m
[0;32mI (91206) mbedtls: ssl_msg.c:2354 => flush output
[0m
[0;32mI (91211) mbedtls: ssl_msg.c:2363 <= flush output
[0m
[0;32mI (91217) mbedtls: ssl_tls.c:4592 client state: MBEDTLS_SSL_SERVER_CERTIFICATE
[0m
[0;32mI (91225) mbedtls: ssl_tls.c:8027 => parse certificate
[0m
[0;32mI (91231) mbedtls: ssl_msg.c:4299 => read record
[0m
[0;32mI (91236) mbedtls: ssl_msg.c:2156 => fetch input
[0m
[0;32mI (91242) mbedtls: ssl_msg.c:2296 in_left: 0, nb_want: 5
[0m
[0;32mI (91248) mbedtls: ssl_msg.c:2316 in_left: 0, nb_want: 5
[0m
[0;32mI (91254) mbedtls: ssl_msg.c:2319 ssl->f_recv(_timeout)() returned 5 (-0xfffffffb)
[0m
[0;32mI (91263) mbedtls: ssl_msg.c:2341 <= fetch input
[0m
D (91268) mbedtls: ssl_msg.c:3966 input record: msgtype = 22, version = [0x303], msglen = 3409
[0m
[0;32mI (91277) mbedtls: ssl_msg.c:2156 => fetch input
[0m
[0;32mI (91282) mbedtls: ssl_msg.c:2296 in_left: 5, nb_want: 3414
[0m
[0;32mI (91289) mbedtls: ssl_msg.c:2316 in_left: 5, nb_want: 3414
[0m
[0;32mI (91295) mbedtls: ssl_msg.c:2319 ssl->f_recv(_timeout)() returned 3409 (-0xfffff2af)
[0m
[0;32mI (91304) mbedtls: ssl_msg.c:2341 <= fetch input
[0m
D (91330) mbedtls: ssl_msg.c:3239 handshake message: msglen = 3409, type = 11, hslen = 3409
[0m
D (91331) mbedtls: ssl_msg.c:3328 sole handshake fragment: 3409, 0..3409 of 3409
[0m
[0;32mI (91357) mbedtls: ssl_msg.c:4371 <= read record
[0m
D (91360) mbedtls: ssl_tls.c:7899 peer certificate #1:
[0m
D (91361) mbedtls: ssl_tls.c:7899 cert. version     : 3
[0m
D (91362) mbedtls: ssl_tls.c:7899 serial number     : 05:D0:99:8E:FA:9A:21:07:1C:62:38:22:5A:B0:C8:72:AA:10
[0m
D (91372) mbedtls: ssl_tls.c:7899 issuer name       : C=US, O=Let's Encrypt, CN=YE1
[0m
D (91380) mbedtls: ssl_tls.c:7899 subject name      : CN=vinex.top
[0m
D (91387) mbedtls: ssl_tls.c:7899 issued  on        : 2026-08-23 05:15:56
[0m
D (91394) mbedtls: ssl_tls.c:7899 expires on        : 2026-11-21 05:15:55
[0m
D (91401) mbedtls: ssl_tls.c:7899 signed using      : ECDSA with SHA384
[0m
D (91408) mbedtls: ssl_tls.c:7899 EC key size       : 256 bits
[0m
D (91414) mbedtls: ssl_tls.c:7899 basic constraints : CA=false
[0m
D (91420) mbedtls: ssl_tls.c:7899 subject alt name  :
[0m
D (91425) mbedtls: ssl_tls.c:7899     dNSName : *.vinex.top
[0m
D (91431) mbedtls: ssl_tls.c:7899     dNSName : vinex.top
[0m
D (91437) mbedtls: ssl_tls.c:7899 key usage         : Digital Signature
[0m
D (91443) mbedtls: ssl_tls.c:7899 ext key usage     : TLS Web Server Authentication
[0m
D (91451) mbedtls: ssl_tls.c:7899 certificate policies : ???
[0m
D (91457) mbedtls: ssl_tls.c:7899 value of 'crt->eckey.Q(X)' (254 bits) is:
[0m
D (91465) mbedtls: ssl_tls.c:7899  37 19 c6 d2 33 70 72 15 58 54 3e 17 79 7f b3 5e
[0m
D (91472) mbedtls: ssl_tls.c:7899  3c f3 0f 8c 42 a5 6e ad d6 ff f5 4e e0 ab c4 f9
[0m
D (91480) mbedtls: ssl_tls.c:7899 value of 'crt->eckey.Q(Y)' (256 bits) is:
[0m
D (91487) mbedtls: ssl_tls.c:7899  ff 61 8c eb 61 4f 3e e2 cb fd 34 f3 b9 7e 90 26
[0m
D (91495) mbedtls: ssl_tls.c:7899  cd 0f ee b1 e0 9a 9b 44 3e 6d 38 0b 34 5d ce 08
[0m
D (91503) mbedtls: ssl_tls.c:7899 peer certificate #2:
[0m
D (91509) mbedtls: ssl_tls.c:7899 cert. version     : 3
[0m
D (91514) mbedtls: ssl_tls.c:7899 serial number     : 5D:DD:70:DD:31:F8:01:C8:5C:18:6A:7A:04:B8:0A:FE
[0m
D (91523) mbedtls: ssl_tls.c:7899 issuer name       : C=US, O=ISRG, CN=Root YE
[0m
D (91531) mbedtls: ssl_tls.c:7899 subject name      : C=US, O=Let's Encrypt, CN=YE1
[0m
D (91539) mbedtls: ssl_tls.c:7899 issued  on        : 2025-09-03 00:00:00
[0m
D (91546) mbedtls: ssl_tls.c:7899 expires on        : 2028-09-02 23:59:59
[0m
D (91553) mbedtls: ssl_tls.c:7899 signed using      : ECDSA with SHA384
[0m
D (91559) mbedtls: ssl_tls.c:7899 EC key size       : 384 bits
[0m
D (91566) mbedtls: ssl_tls.c:7899 basic constraints : CA=true, max_pathlen=0
[0m
D (91573) mbedtls: ssl_tls.c:7899 key usage         : Digital Signature, Key Cert Sign, CRL Sign
[0m
D (91582) mbedtls: ssl_tls.c:7899 ext key usage     : TLS Web Server Authentication
[0m
D (91590) mbedtls: ssl_tls.c:7899 certificate policies : ???
[0m
D (91596) mbedtls: ssl_tls.c:7899 value of 'crt->eckey.Q(X)' (379 bits) is:
[0m
D (91603) mbedtls: ssl_tls.c:7899  07 65 50 75 fe 68 a6 95 ad a1 7d 2b ab ca 54 9c
[0m
D (91611) mbedtls: ssl_tls.c:7899  8c f3 19 68 e2 57 2f 3f cd 9c 07 36 b3 29 66 f1
[0m
D (91619) mbedtls: ssl_tls.c:7899  60 f2 85 4f 42 72 9f b3 01 24 22 e6 f4 b0 18 62
[0m
D (91626) mbedtls: ssl_tls.c:7899 value of 'crt->eckey.Q(Y)' (383 bits) is:
[0m
D (91634) mbedtls: ssl_tls.c:7899  63 48 69 25 90 3f 5f 74 f4 7c 1a 9c 83 20 e2 23
[0m
D (91641) mbedtls: ssl_tls.c:7899  08 47 eb 9d bb 7f bf e6 52 10 f2 cb 10 66 da 33
[0m
D (91649) mbedtls: ssl_tls.c:7899  a1 1c 70 36 cd ee 9f 71 b5 e2 26 d8 0b df fa bc
[0m
D (91657) mbedtls: ssl_tls.c:7899 peer certificate #3:
[0m
D (91663) mbedtls: ssl_tls.c:7899 cert. version     : 3
[0m
D (91668) mbedtls: ssl_tls.c:7899 serial number     : 87:21:65:FC:34:B6:E5:FB:A8:AD:D5:B3:70:5F:B5:3A
[0m
D (91677) mbedtls: ssl_tls.c:7899 issuer name       : C=US, O=Internet Security Research Group, CN=ISRG Root X2
[0m
D (91688) mbedtls: ssl_tls.c:7899 subject name      : C=US, O=ISRG, CN=Root YE
[0m
D (91695) mbedtls: ssl_tls.c:7899 issued  on        : 2026-05-13 00:00:00
[0m
D (91702) mbedtls: ssl_tls.c:7899 expires on        : 2032-09-02 23:59:59
[0m
D (91709) mbedtls: ssl_tls.c:7899 signed using      : ECDSA with SHA384
[0m
D (91716) mbedtls: ssl_tls.c:7899 EC key size       : 384 bits
[0m
D (91722) mbedtls: ssl_tls.c:7899 basic constraints : CA=true
[0m
D (91728) mbedtls: ssl_tls.c:7899 key usage         : Key Cert Sign, CRL Sign
[0m
D (91735) mbedtls: ssl_tls.c:7899 ext key usage     : TLS Web Server Authentication
[0m
D (91743) mbedtls: ssl_tls.c:7899 certificate policies : ???
[0m
D (91749) mbedtls: ssl_tls.c:7899 value of 'crt->eckey.Q(X)' (382 bits) is:
[0m
D (91756) mbedtls: ssl_tls.c:7899  3c 12 ff ab e1 ad c5 6a 71 b0 68 fb 08 1d 23 77
[0m
D (91764) mbedtls: ssl_tls.c:7899  f0 9f dc 7b 0c d2 49 39 8f e5 4c eb 62 d2 f9 30
[0m
D (91772) mbedtls: ssl_tls.c:7899  b9 13 7c ed 18 44 85 31 f5 ec 4e d7 c8 58 d6 b0
[0m
D (91780) mbedtls: ssl_tls.c:7899 value of 'crt->eckey.Q(Y)' (384 bits) is:
[0m
D (91787) mbedtls: ssl_tls.c:7899  f6 21 20 fb 7f c3 33 aa c5 37 76 6f ee 19 24 dc
[0m
D (91795) mbedtls: ssl_tls.c:7899  bd 20 3d 38 63 2c 05 f5 4e 73 6a c0 d5 c8 64 8d
[0m
D (91803) mbedtls: ssl_tls.c:7899  12 b5 4d b7 3f 2e 48 68 79 8b 35 bc ee 3e fb 19
[0m
D (91810) mbedtls: ssl_tls.c:7899 peer certificate #4:
[0m
D (91816) mbedtls: ssl_tls.c:7899 cert. version     : 3
[0m
D (91821) mbedtls: ssl_tls.c:7899 serial number     : 6C:8F:1D:C7:27:C7:11:7F:7B:AF:85:3A:C9:80:F9:CD
[0m
D (91831) mbedtls: ssl_tls.c:7899 issuer name       : C=US, O=Internet Security Research Group, CN=ISRG Root X1
[0m
D (91841) mbedtls: ssl_tls.c:7899 subject name      : C=US, O=Internet Security Research Group, CN=ISRG Root X2
[0m
D (91851) mbedtls: ssl_tls.c:7899 issued  on        : 2026-05-13 00:00:00
[0m
D (91858) mbedtls: ssl_tls.c:7899 expires on        : 2032-09-02 23:59:59
[0m
D (91865) mbedtls: ssl_tls.c:7899 signed using      : RSA with SHA-256
[0m
D (91872) mbedtls: ssl_tls.c:7899 EC key size       : 384 bits
[0m
D (91878) mbedtls: ssl_tls.c:7899 basic constraints : CA=true
[0m
D (91884) mbedtls: ssl_tls.c:7899 key usage         : Key Cert Sign, CRL Sign
[0m
D (91892) mbedtls: ssl_tls.c:7899 ext key usage     : TLS Web Server Authentication, TLS Web Client Authentication
[0m
D (91902) mbedtls: ssl_tls.c:7899 certificate policies : ???
[0m
D (91908) mbedtls: ssl_tls.c:7899 value of 'crt->eckey.Q(X)' (384 bits) is:
[0m
D (91915) mbedtls: ssl_tls.c:7899  cd 9b d5 9f 80 83 0a ec 09 4a f3 16 4a 3e 5c cf
[0m
D (91923) mbedtls: ssl_tls.c:7899  77 ac de 67 05 0d 1d 07 b6 dc 16 fb 5a 8b 14 db
[0m
D (91931) mbedtls: ssl_tls.c:7899  e2 71 60 c4 ba 45 95 11 89 8e ea 06 df f7 2a 16
[0m
D (91939) mbedtls: ssl_tls.c:7899 value of 'crt->eckey.Q(Y)' (381 bits) is:
[0m
D (91946) mbedtls: ssl_tls.c:7899  1c a4 b9 c5 c5 32 e0 03 e0 1e 82 18 38 8b d7 45
[0m
D (91954) mbedtls: ssl_tls.c:7899  d8 0a 6a 6e e6 00 77 fb 02 51 7d 22 d8 0a 6e 9a
[0m
D (91962) mbedtls: ssl_tls.c:7899  5b 77 df f0 fa 41 ec 39 dc 75 ca 68 07 0c 1f ea
[0m
D (91970) mbedtls: ssl_tls.c:9895 Use configuration-specific verification callback
[0m
D (92316) mbedtls: ssl_tls.c:10055 Certificate verification flags clear
[0m
[0;32mI (92317) mbedtls: ssl_tls.c:8141 <= parse certificate
[0m
D (92318) mbedtls: ssl_misc.h:1353 handshake state: 3 (MBEDTLS_SSL_SERVER_CERTIFICATE) -> 4 (MBEDTLS_SSL_SERVER_KEY_EXCHANGE)
[0m
[0;32mI (92330) mbedtls: ssl_msg.c:2354 => flush output
[0m
[0;32mI (92335) mbedtls: ssl_msg.c:2363 <= flush output
[0m
[0;32mI (92340) mbedtls: ssl_tls.c:4592 client state: MBEDTLS_SSL_SERVER_KEY_EXCHANGE
[0m
[0;32mI (92349) mbedtls: ssl_tls12_client.c:2089 => parse server key exchange
[0m
[0;32mI (92356) mbedtls: ssl_msg.c:4299 => read record
[0m
[0;32mI (92362) mbedtls: ssl_msg.c:2156 => fetch input
[0m
[0;32mI (92367) mbedtls: ssl_msg.c:2296 in_left: 0, nb_want: 5
[0m
[0;32mI (92373) mbedtls: ssl_msg.c:2316 in_left: 0, nb_want: 5
[0m
[0;32mI (92379) mbedtls: ssl_msg.c:2319 ssl->f_recv(_timeout)() returned 5 (-0xfffffffb)
[0m
[0;32mI (92388) mbedtls: ssl_msg.c:2341 <= fetch input
[0m
D (92393) mbedtls: ssl_msg.c:3966 input record: msgtype = 22, version = [0x303], msglen = 114
[0m
[0;32mI (92402) mbedtls: ssl_msg.c:2156 => fetch input
[0m
[0;32mI (92407) mbedtls: ssl_msg.c:2296 in_left: 5, nb_want: 119
[0m
[0;32mI (92414) mbedtls: ssl_msg.c:2316 in_left: 5, nb_want: 119
[0m
[0;32mI (92420) mbedtls: ssl_msg.c:2319 ssl->f_recv(_timeout)() returned 114 (-0xffffff8e)
[0m
[0;32mI (92429) mbedtls: ssl_msg.c:2341 <= fetch input
[0m
D (92435) mbedtls: ssl_msg.c:3239 handshake message: msglen = 114, type = 12, hslen = 114
[0m
D (92443) mbedtls: ssl_msg.c:3328 sole handshake fragment: 114, 0..114 of 114
[0m
[0;32mI (92451) mbedtls: ssl_msg.c:4371 <= read record
[0m
D (92455) mbedtls: ssl_tls12_client.c:2176 dumping 'server key exchange' (110 bytes)
[0m
D (92464) mbedtls: ssl_tls12_client.c:2176 0000:  03 00 1d 20 25 81 cd 0e 9c ea 43 2b 64 10 77 f7  ... %.....C+d.w.
[0m
D (92474) mbedtls: ssl_tls12_client.c:2176 0010:  89 fa 00 70 f9 a2 ed ec e1 2a 5c 8b bd 09 cb af  ...p.....*\.....
[0m
D (92485) mbedtls: ssl_tls12_client.c:2176 0020:  a6 f4 ef 20 04 03 00 46 30 44 02 20 38 91 e3 66  ... ...F0D. 8..f
[0m
D (92496) mbedtls: ssl_tls12_client.c:2176 0030:  cf 86 cd f3 01 34 0d 93 d0 6c 53 a7 3d 67 8f 2f  .....4...lS.=g./
[0m
D (92506) mbedtls: ssl_tls12_client.c:2176 0040:  c1 70 03 f5 c2 02 f0 70 a5 61 68 c2 02 20 52 2b  .p.....p.ah.. R+
[0m
D (92517) mbedtls: ssl_tls12_client.c:2176 0050:  2a 5b 4f e9 56 1a f9 66 6a 5a 24 c5 d6 13 0e 43  *[O.V..fjZ$....C
[0m
D (92528) mbedtls: ssl_tls12_client.c:2176 0060:  ec 7b 5d eb d2 47 64 e5 39 1a 30 49 76 65        .{]..Gd.9.0Ive
[0m
[0;32mI (92538) mbedtls: ssl_tls12_client.c:1805 ECDH curve: x25519
[0m
D (92545) mbedtls: ssl_tls12_client.c:1812 value of 'ECDH: Qp(X)' (254 bits) is:
[0m
D (92552) mbedtls: ssl_tls12_client.c:1812  20 ef f4 a6 af cb 09 bd 8b 5c 2a e1 ec ed a2 f9
[0m
D (92561) mbedtls: ssl_tls12_client.c:1812  70 00 fa 89 f7 77 10 64 2b 43 ea 9c 0e cd 81 25
[0m
D (92569) mbedtls: ssl_tls12_client.c:1812 value of 'ECDH: Qp(Y)' (0 bits) is:
[0m
D (92577) mbedtls: ssl_tls12_client.c:1812  00
[0m
D (92582) mbedtls: ssl_tls12_client.c:2371 dumping 'signature' (70 bytes)
[0m
D (92589) mbedtls: ssl_tls12_client.c:2371 0000:  30 44 02 20 38 91 e3 66 cf 86 cd f3 01 34 0d 93  0D. 8..f.....4..
[0m
D (92599) mbedtls: ssl_tls12_client.c:2371 0010:  d0 6c 53 a7 3d 67 8f 2f c1 70 03 f5 c2 02 f0 70  .lS.=g./.p.....p
[0m
D (92610) mbedtls: ssl_tls12_client.c:2371 0020:  a5 61 68 c2 02 20 52 2b 2a 5b 4f e9 56 1a f9 66  .ah.. R+*[O.V..f
[0m
D (92621) mbedtls: ssl_tls12_client.c:2371 0030:  6a 5a 24 c5 d6 13 0e 43 ec 7b 5d eb d2 47 64 e5  jZ$....C.{]..Gd.
[0m
D (92631) mbedtls: ssl_tls12_client.c:2371 0040:  39 1a 30 49 76 65                                9.0Ive
[0m
D (92641) mbedtls: ssl_tls.c:9237 Perform mbedtls-based computation of digest of ServerKeyExchange
[0m
D (92650) mbedtls: ssl_tls12_client.c:2388 dumping 'parameters hash' (32 bytes)
[0m
D (92658) mbedtls: ssl_tls12_client.c:2388 0000:  1d 8f f9 37 f6 89 86 01 71 da 87 bf ad 34 fc 7b  ...7....q....4.{
[0m
D (92669) mbedtls: ssl_tls12_client.c:2388 0010:  f7 0a 69 cd 16 90 16 08 d5 2d ac ef 2d ac 65 b4  ..i......-..-.e.
[0m
